00400381	render	0
004003cb	render	0
004003f0	render	0
004003f9	render	0
0040100d	render	0
00401013	render	0
00401023	render	0
00401025	render	0
00401088	render	0
004012d0	render	0
004012e6	render	0
00401797	render	0
0040186a	render	0
004018ab	render	0
00401a79	render	0
00401ad3	render	0
00401c11	render	0
00401c57	render	0
00401d62	render	0
00401e69	render	0
004020da	render	0
004021e1	render	0
0040236e	render	0
00402370	render	0
004024c0	protection	0
00402705	protection	0
00402717	protection	0
0040277a	protection	0
004027cd	protection	0
00402807	protection	0
004028a2	protection	0
00402a36	protection	0
00402b11	protection	0
00402b23	protection	0
00402b36	protection	0
00402b40	protection	0
00402b4b	protection	0
00402b5c	protection	0
00402b8b	protection	0
00402c1f	protection	0
00402d85	protection	0
00402db8	protection	0
00402dc5	protection	0
00402dce	protection	0
00402df2	protection	0
00402e27	protection	0
00402e45	protection	0
00402e67	protection	0
00402e7d	protection	0
00402e8f	protection	0
00402e99	protection	0
00402eeb	protection	0
00402ef6	protection	0
00402eff	protection	0
00402f10	protection	0
00402f24	protection	0
00402f3c	protection	0
00402f54	protection	0
00402f6a	protection	0
00402f7d	protection	0
00402f91	protection	0
00402fa5	protection	0
00402fba	protection	0
00402fcf	protection	0
00402fe3	protection	0
00402fec	protection	0
0040326d	protection	0
00403281	protection	0
00403297	protection	0
004032a4	protection	0
004032b3	protection	0
004032c5	protection	0
004032d7	protection	0
004032ea	protection	0
004032fc	protection	0
00403310	protection	0
00403317	protection	0
0040335f	protection	0
00403379	protection	0
00403396	protection	0
004033aa	protection	0
004033b2	protection	0
004033bd	protection	0
004033cd	protection	0
004033df	protection	0
004033f5	protection	0
00403616	protection	0
00403638	protection	0
004036c1	protection	0
00403b03	protection	0
00403b7d	protection	0
00403c6b	protection	0
00403c87	protection	0
00403cfe	protection	0
00403d07	protection	0
00403d60	protection	0
00403d90	protection	0
00403d9a	protection	0
00403db0	protection	0
00403dc0	protection	0
00403de0	protection	0
00403df0	unclassified	0
00403e20	world_entities	0
00403e40	world_entities	0
00403e50	world_entities	0
00403e5e	world_entities	0
00403e5f	world_entities	0
00403e60	world_entities	0
00403e70	world_entities	0
00403e76	world_entities	0
00403e80	world_entities	0
00403e84	world_entities	0
00403e90	world_entities	0
00403ea0	world_entities	0
00403ea5	world_entities	0
00403eb0	world_entities	0
00403ec0	world_entities	0
00403f00	world_entities	0
00403f20	world_entities	0
00403f30	world_entities	0
00403f50	world_entities	0
00403f80	core_math_containers	0
00403f9c	core_math_containers	0
00403fa0	core_math_containers	0
00404010	core_math_containers	0
00404050	core_math_containers	0
00404052	core_math_containers	0
00404090	core_math_containers	1
004040cc	world_entities	0
004040d1	world_entities	0
004040e0	world_entities	0
00404130	world_entities	0
00404190	core_math_containers	0
004041c0	core_math_containers	0
004041e0	core_math_containers	0
00404200	core_math_containers	0
0040425d	core_math_containers	0
00404260	core_math_containers	0
00404290	core_math_containers	0
004042d0	core_math_containers	0
00404320	vehicles	0
00404330	vehicles	0
00404350	vehicles	0
00404355	vehicles	0
00404360	vehicles	0
00404380	vehicles	0
00404390	vehicles	0
004043ac	vehicles	0
004043c0	vehicles	0
004043d0	vehicles	0
004043e7	vehicles	0
004043f6	vehicles	0
00404400	vehicles	0
00404410	streaming	0
00404430	streaming	0
00404440	streaming	0
0040444c	streaming	0
00404460	streaming	1
00404470	streaming	0
00404480	streaming	0
00404490	streaming	0
0040449a	streaming	0
004044c0	streaming	0
004044e0	streaming	0
004044f0	streaming	0
0040450c	streaming	0
00404510	streaming	0
00404522	streaming	0
00404539	streaming	0
00404550	streaming	1
00404556	streaming	0
00404560	streaming	1
00404569	streaming	0
00404570	streaming	1
00404580	streaming	1
00404590	streaming	0
004045cc	streaming	0
004045d1	streaming	0
004045e5	file_loading	0
004045eb	file_loading	0
004045f0	file_loading	1
00404660	file_loading	1
00404690	file_loading	1
00404700	file_loading	0
004047b5	file_loading	0
004047d0	file_loading	0
004047e0	file_loading	0
004047f9	file_loading	0
00404800	file_loading	0
00404820	core_math_containers	0
00404837	core_math_containers	0
00404843	core_math_containers	0
0040484a	core_math_containers	0
0040488b	core_math_containers	0
0040488d	core_math_containers	0
00404890	core_math_containers	0
004048c0	core_math_containers	0
004048e0	core_math_containers	0
00404910	core_math_containers	0
00404940	unclassified	0
00404950	unclassified	0
004049a0	unclassified	0
004049c0	unclassified	0
00404a0d	file_loading	0
00404a10	file_loading	0
00404a30	file_loading	0
00404a60	file_loading	0
00404a90	file_loading	0
00404abc	file_loading	0
00404ac0	file_loading	0
00404ada	file_loading	0
00404b20	file_loading	0
00404c70	file_loading	0
00404d30	file_loading	0
00404d70	file_loading	0
00404de0	file_loading	0
0040505a	file_loading	0
00405110	file_loading	0
0040512a	file_loading	0
0040516d	file_loading	0
00405170	file_loading	0
004053f0	file_loading	0
00405458	file_loading	0
00405520	file_loading	0
0040554a	file_loading	0
004055fe	file_loading	0
00405600	file_loading	0
0040562d	file_loading	0
00405720	file_loading	0
0040573a	file_loading	0
00405780	file_loading	0
00405797	file_loading	0
004058d5	file_loading	0
00405954	file_loading	0
00405960	file_loading	0
00405a13	file_loading	0
00405a60	file_loading	0
00405a7c	file_loading	0
00405b4a	file_loading	0
00405c00	file_loading	0
00405ec0	file_loading	0
00405ff5	file_loading	0
00406077	file_loading	0
00406078	file_loading	0
00406080	file_loading	0
00406370	platform_os	0
00406455	file_loading	0
004064cc	file_loading	0
004064cf	file_loading	0
004064e7	file_loading	0
00406500	file_loading	0
00406504	file_loading	0
00406520	file_loading	0
00406540	file_loading	0
00406560	platform_os	0
00406690	platform_os	0
004066fe	core_math_containers	0
00406710	core_math_containers	0
00406750	core_math_containers	0
00406891	core_math_containers	0
004068f0	platform_os	0
00406b5e	core_math_containers	0
00406b63	core_math_containers	0
00406b6f	core_math_containers	0
00406b70	platform_os	0
00406b89	core_math_containers	0
00406c90	core_math_containers	0
00406c9f	core_math_containers	0
00406ca0	core_math_containers	0
00406cc0	core_math_containers	0
00406cc6	core_math_containers	0
00406cd0	core_math_containers	0
00406cdf	core_math_containers	0
00406ce0	core_math_containers	0
00406d00	core_math_containers	0
00406d08	core_math_containers	0
00406d10	core_math_containers	0
00406d20	core_math_containers	0
00406d40	core_math_containers	0
00406d48	core_math_containers	0
00406d50	core_math_containers	0
00406d5d	core_math_containers	0
00406d70	core_math_containers	0
00406da0	core_math_containers	0
00406dc0	core_math_containers	0
00406dd0	core_math_containers	0
00406de0	core_math_containers	0
00406df0	core_math_containers	0
00406dfd	core_math_containers	0
00406e10	core_math_containers	0
00406e20	core_math_containers	0
00406e30	core_math_containers	0
00406e35	core_math_containers	0
00406e4a	core_math_containers	0
00406e50	core_math_containers	0
00406e75	core_math_containers	0
00406ea6	core_math_containers	0
00406eb0	core_math_containers	0
00406eb8	core_math_containers	0
00406ee9	core_math_containers	0
00406f20	core_math_containers	0
00406f40	streaming	0
00406f83	streaming	0
00406f90	file_loading	0
00406f9f	streaming	0
00406fa0	streaming	0
00406fb0	streaming	0
00406fbf	streaming	0
00406fc3	streaming	0
00406fe0	streaming	0
00406fe4	streaming	0
00406ff0	streaming	0
00407020	streaming	0
00407040	streaming	0
00407050	streaming	0
00407060	streaming	0
00407070	streaming	0
00407080	streaming	0
00407090	streaming	0
004070ad	streaming	0
004070bb	streaming	0
004070c0	streaming	0
004070d2	streaming	0
004070f0	streaming	0
00407100	streaming	0
0040711e	streaming	0
00407120	streaming	0
0040713d	streaming	0
00407140	streaming	0
00407150	streaming	0
00407160	streaming	0
00407171	streaming	0
00407180	unclassified	0
004071c0	world_entities	0
004071e0	world_entities	0
004071e7	world_entities	0
00407200	world_entities	0
00407210	world_entities	0
0040721a	world_entities	0
00407223	world_entities	0
00407240	world_entities	0
00407250	world_entities	0
004072bc	world_entities	0
004072c0	world_entities	0
004072fd	models	0
00407310	models	0
00407320	models	0
00407330	models	0
00407340	models	0
00407350	models	0
00407360	models	0
00407370	models	0
00407380	models	0
00407390	models	0
004073a0	models	0
004073c0	models	0
004073d0	models	0
004073db	models	0
004073f0	models	0
00407400	models	0
0040745c	streaming	0
0040747c	streaming	0
004074b7	streaming	0
00407512	streaming	0
00407516	streaming	0
00407520	streaming	0
00407540	streaming	0
00407560	streaming	0
00407570	streaming	0
00407588	streaming	0
00407590	streaming	0
004075f0	streaming	0
00407600	streaming	0
00407667	streaming	0
00407670	streaming	0
00407685	streaming	0
00407690	streaming	0
00407695	streaming	0
004076c0	streaming	0
004077be	streaming	0
004077c0	streaming	0
00407812	streaming	0
0040785c	streaming	0
004078aa	streaming	0
00407a1f	streaming	0
00407a60	streaming	0
00407a70	streaming	0
00407ac0	streaming	0
00407ad0	streaming	0
00407bc0	streaming	0
00407bc5	streaming	0
00407bd0	streaming	0
00407be0	streaming	0
00407be3	streaming	0
00407bf0	streaming	0
00407c50	streaming	0
00407cc9	streaming	0
00407d15	streaming	0
00407d25	streaming	0
00407d2a	streaming	0
00407d2c	streaming	0
00407d3b	streaming	0
00407d4f	streaming	0
00407d50	streaming	0
00407dc5	streaming	0
00407dca	streaming	0
00407dcc	streaming	0
00407e04	streaming	0
00407e5d	streaming	0
00407ef8	streaming	0
00407f17	streaming	0
00407f20	streaming	0
00407f68	streaming	0
00407fa7	streaming	0
00407fb0	streaming	0
00407fb9	streaming	0
004080a1	streaming	0
00408180	core_math_containers	0
00408190	core_math_containers	0
004081a0	core_math_containers	0
004081b0	core_math_containers	0
004081c0	core_math_containers	0
004081d0	core_math_containers	0
004081f0	core_math_containers	0
00408210	core_math_containers	0
0040826e	core_math_containers	0
00408270	core_math_containers	0
004082bc	core_math_containers	0
004082be	core_math_containers	0
004082c0	core_math_containers	0
004082f0	core_math_containers	1
00408300	core_math_containers	0
0040835b	streaming	0
00408360	streaming	0
004083a0	streaming	0
004083c0	streaming	0
004083c7	streaming	0
004084e1	streaming	0
004084e3	streaming	0
004084f0	streaming	0
004087e0	streaming	0
004089a0	streaming	0
00408ca3	streaming	0
00408cb0	streaming	0
00408e20	streaming	0
00409050	streaming	0
004090a0	streaming	0
00409210	streaming	0
0040932d	streaming	0
004093b0	streaming	0
004093cd	streaming	0
00409430	streaming	0
004094b0	streaming	0
004095c0	streaming	0
00409650	streaming	0
004096c0	streaming	0
004096e1	streaming	0
00409715	streaming	0
0040975a	streaming	0
00409760	streaming	0
00409940	streaming	0
004099e0	streaming	0
00409ad7	streaming	0
00409bff	streaming	0
00409c10	streaming	0
00409c70	streaming	0
00409c90	streaming	0
00409c97	streaming	0
00409d10	streaming	0
00409e7d	streaming	0
00409ff0	streaming	0
0040a10e	streaming	0
0040a147	streaming	0
0040a196	streaming	0
0040a1e6	streaming	0
0040a221	streaming	0
0040a2a0	streaming	0
0040a4dc	streaming	0
0040a4e3	streaming	0
0040a4e8	streaming	0
0040a560	streaming	0
0040a798	streaming	0
0040aa10	streaming	0
0040ad69	streaming	0
0040afa0	streaming	0
0040b3a5	streaming	0
0040b3aa	streaming	0
0040b3b0	streaming	0
0040b3b5	streaming	0
0040b3c2	streaming	0
0040b450	streaming	0
0040b470	streaming	0
0040b490	streaming	0
0040b4b0	streaming	0
0040b4f5	streaming	0
0040b560	streaming	0
0040b5b0	streaming	0
0040b5ba	streaming	0
0040b650	streaming	0
0040b700	streaming	0
0040b8fd	streaming	0
0040baa0	streaming	0
0040bab5	streaming	0
0040bbb0	streaming	0
0040be60	streaming	0
0040c020	streaming	0
0040c039	streaming	0
0040c180	streaming	0
0040c1a0	streaming	0
0040c1c0	streaming	0
0040c1e0	streaming	0
0040c270	streaming	0
0040c450	streaming	0
0040c468	streaming	0
0040c520	streaming	0
0040c647	streaming	0
0040c6b0	streaming	0
0040cba0	streaming	0
0040cd0d	streaming	0
0040cf85	streaming	0
0040cf8a	streaming	0
0040cfd0	streaming	0
0040d007	streaming	0
0040d270	streaming	0
0040d2f0	streaming	0
0040d328	streaming	0
0040d3f0	streaming	0
0040d7c0	streaming	0
0040d935	streaming	0
0040e120	streaming	0
0040e170	streaming	0
0040e3a5	streaming	0
0040e3ac	streaming	0
0040e3b1	streaming	0
0040e460	streaming	0
0040e4e0	streaming	0
0040e565	streaming	0
0040e56a	streaming	0
0040e576	streaming	0
0040e57b	streaming	0
0040e670	streaming	0
0040e960	streaming	0
0040e9b0	streaming	0
0040ea10	streaming	0
0040ea15	streaming	0
0040eb70	streaming	0
0040ed80	streaming	0
0040edea	core_math_containers	0
0040ee20	core_math_containers	0
0040ee75	core_math_containers	0
0040eec5	core_math_containers	0
0040eecb	core_math_containers	0
0040eed0	core_math_containers	0
0040ef15	core_math_containers	0
0040ef1a	core_math_containers	0
0040ef20	core_math_containers	0
0040ef27	core_math_containers	0
0040ef31	collision	0
0040ef36	collision	0
0040ef3b	collision	0
0040ef55	collision	0
0040ef5a	collision	0
0040ef5f	collision	0
0040ef66	collision	0
0040ef6c	collision	0
0040ef90	collision	0
0040f000	collision	1
0040f010	collision	0
0040f020	collision	0
0040f030	collision	0
0040f075	collision	0
0040f07a	collision	0
0040f07f	collision	0
0040f084	collision	0
0040f08f	collision	0
0040f094	collision	0
0040f099	collision	0
0040f09f	collision	0
0040f0ae	collision	0
0040f125	collision	0
0040f12a	collision	0
0040f590	collision	0
0040f5e0	collision	0
0040f640	collision	0
0040f6a0	collision	0
0040f6b0	collision	0
0040f6c5	collision	0
0040f6e5	collision	0
0040f700	collision	0
0040f745	collision	0
0040f74a	collision	0
0040f74f	collision	0
0040f754	collision	0
0040f759	collision	0
0040f815	collision	0
0040f81a	collision	0
0040f81f	collision	0
0040f82a	collision	0
0040f875	collision	0
0040f886	collision	0
0040f88b	collision	0
0040f9b0	collision	0
0040f9e0	collision	0
0040fa30	collision	0
0040fa40	collision	0
0040fa70	collision	0
0040fa80	collision	0
0040faa0	collision	0
0040fad0	collision	0
0040fb80	collision	0
0040fbf0	collision	0
0040fc30	collision	0
0040fc8b	collision	0
0040fc91	collision	0
0040fc98	collision	0
0040fc9e	collision	0
0040fca3	collision	0
0040fca8	collision	0
0040fcc3	collision	0
0040fcc7	collision	0
0040fcf5	collision	0
0040fd10	collision	0
0040fdb0	core_math_containers	0
0040fdd0	core_math_containers	0
0040fe00	core_math_containers	0
0040fe30	core_math_containers	0
0040fe60	core_math_containers	1
0040fe90	core_math_containers	0
0040fec0	collision	0
0040fef0	collision	0
0040ff20	collision	0
00410040	collision	0
00410090	collision	0
004100de	collision	0
004100e0	collision	0
004102f0	streaming	0
00410300	streaming	0
00410310	streaming	0
00410320	streaming	0
00410330	streaming	0
00410340	streaming	0
00410360	streaming	0
00410380	streaming	0
00410390	streaming	0
004103a5	streaming	0
004103aa	streaming	0
004103d0	streaming	1
00410420	streaming	0
00410470	streaming	1
004104e5	streaming	0
00410508	streaming	0
00410550	streaming	0
00410570	streaming	0
00410590	streaming	0
004105a0	streaming	0
004105c0	streaming	0
004105f0	streaming	0
00410610	streaming	0
00410660	streaming	0
00410690	streaming	0
004106d5	streaming	0
004107a5	streaming	0
00410860	streaming	0
00410a39	streaming	0
00410ad0	streaming	0
00410b38	streaming	0
00410c00	streaming	0
00410c2a	streaming	0
00410ce0	streaming	0
00410e00	streaming	0
00410e1a	streaming	0
00410e60	streaming	0
00410ec0	streaming	0
00410ed9	streaming	0
00410fe0	streaming	0
0041108b	streaming	0
004110a0	streaming	0
004110e0	streaming	0
0041116c	streaming	0
00411335	streaming	0
0041133d	streaming	0
00411357	streaming	0
0041135c	streaming	0
00411361	streaming	0
004113d0	streaming	0
004113f0	streaming	0
004114d0	streaming	0
00411580	collision	0
00411590	collision	0
004115e0	collision	0
004115f0	collision	0
00411610	collision	0
00411660	collision	0
00411990	world_entities	0
004119b0	world_entities	0
004119c0	world_entities	0
004119d0	world_entities	0
00411a00	world_entities	0
00411a30	eh_funclets	0
00411a60	world_entities	0
00411a70	world_entities	0
00411a93	world_entities	0
00411aa0	vehicles	0
00411aa5	vehicles	0
00411aaa	vehicles	0
00411ab1	vehicles	0
00411ab6	vehicles	0
00411ac2	vehicles	0
00411ac7	vehicles	0
00411b00	vehicles	0
00411b10	vehicles	0
00411b20	vehicles	0
00411b50	vehicles	0
00411b80	vehicles	0
00411ba0	vehicles	0
00411bb0	vehicles	0
00411bd0	vehicles	0
00411bf5	vehicles	0
00411bfc	vehicles	0
00411c10	vehicles	0
00411c3c	vehicles	0
00411c50	vehicles	0
00411c60	vehicles	0
00411c70	vehicles	0
00411c74	vehicles	0
00411c80	vehicles	0
00411c90	vehicles	0
00411ca0	vehicles	0
00411cb0	vehicles	0
00411cd0	vehicles	0
00411cf0	collision	0
00411d10	collision	0
00411d20	collision	0
00411d40	collision	0
00411d50	vehicles	0
00411d60	collision	0
00411d80	collision	0
00411da0	collision	0
00411db0	collision	0
00411dc0	collision	0
00411dd0	collision	0
00411de0	collision	0
00411df0	collision	0
00411e00	collision	0
00411e10	collision	0
00411e20	collision	0
00411e35	collision	0
00411e3b	collision	0
00411e70	collision	0
00411ec0	collision	0
004120c0	collision	0
00412130	collision	0
00412700	collision	0
00412850	collision	0
00412970	collision	0
00412a1a	collision	0
00412a23	collision	0
00412a30	collision	0
00412a80	collision	0
00412aa0	collision	0
00412c70	collision	0
00413080	collision	0
00413100	collision	0
004138d0	collision	0
00413960	collision	0
00413ac0	collision	0
004140f0	collision	0
004147e0	collision	0
00414bb2	collision	0
00414d60	collision	0
00414d70	collision	0
00415230	collision	0
004152c5	collision	0
00415320	collision	0
0041538a	collision	0
00415545	collision	0
00415552	collision	0
00415557	collision	0
0041555c	collision	0
00415561	collision	0
00415566	collision	0
00415567	collision	0
00415590	collision	0
00415620	collision	0
004156d0	collision	0
00415730	collision	0
00415950	collision	0
00415a40	collision	0
00415cf0	collision	0
00416110	collision	0
00416120	collision	0
004161c0	collision	0
004161d0	collision	0
004161f5	collision	0
004161fa	collision	0
004161ff	collision	0
00416209	collision	0
0041620e	collision	0
00416260	collision	0
004162e0	collision	0
00416330	collision	0
00416400	collision	0
00416450	collision	0
004165b0	collision	0
00416b8a	collision	0
00416ba0	collision	0
00417470	collision	0
00417610	collision	0
0041773c	collision	0
00417743	collision	0
00417850	collision	0
00417855	collision	0
00417950	collision	0
00417bf0	collision	0
00417f00	collision	0
00417f10	collision	0
00417f20	collision	0
00417fd0	collision	0
00418100	collision	0
00418150	collision	0
004181b0	collision	0
00418580	collision	0
004185a0	collision	0
004185c0	collision	0
00418728	collision	0
004187aa	collision	0
00418cc9	collision	0
00418d9d	collision	0
00418e67	collision	0
00418f9d	collision	0
0041977d	collision	0
0041979d	collision	0
00419869	collision	0
00419bdd	collision	0
00419d26	collision	0
00419f00	collision	0
0041a0ea	collision	0
0041a5a0	collision	0
0041a820	collision	0
0041a89a	collision	0
0041a990	collision	0
0041ab20	collision	0
0041ab56	collision	0
0041ac40	collision	0
0041b000	collision	0
0041b0b8	collision	0
0041b180	collision	0
0041b1a0	collision	1
0041b1b0	collision	1
0041b1c0	collision	1
0041b1d0	collision	1
0041b2f0	collision	1
0041b300	collision	1
0041b315	collision	0
0041b31f	collision	0
0041b350	collision	0
0041b365	collision	0
0041b380	collision	0
0041b388	collision	0
0041b400	collision	1
0041b410	collision	1
0041b420	collision	1
0041b430	collision	0
0041b440	collision	0
0041b460	collision	0
0041b490	peds_ai	0
0041b4b0	peds_ai	0
0041b4c0	peds_ai	0
0041b4e0	peds_ai	0
0041b510	peds_ai	0
0041b530	peds_ai	0
0041b540	peds_ai	0
0041b560	peds_ai	0
0041b590	peds_ai	0
0041b5b0	peds_ai	0
0041b620	peds_ai	0
0041b660	peds_ai	0
0041b6d0	vehicles	0
0041b710	vehicles	0
0041b780	vehicles	0
0041b7c0	peds_ai	1
0041b7da	peds_ai	0
0041b7e4	peds_ai	0
0041b810	peds_ai	0
0041b825	peds_ai	0
0041b82a	peds_ai	0
0041b860	vehicles	0
0041b8d0	peds_ai	0
0041b8f0	vehicles	0
0041b910	vehicles	0
0041b930	vehicles	0
0041b955	vehicles	0
0041b980	vehicles	0
0041bc70	world_entities	0
0041bc80	world_entities	0
0041bc90	world_entities	0
0041bca0	world_entities	0
0041bcb0	world_entities	0
0041bcc0	world_entities	0
0041bcd0	vehicles	0
0041bce0	vehicles	0
0041bcf0	vehicles	0
0041bd00	vehicles	0
0041bd10	vehicles	0
0041bd20	vehicles	0
0041bd30	vehicles	0
0041bd50	vehicles	0
0041bd60	vehicles	0
0041bd80	vehicles	0
0041bd90	platform_os	0
0041bdc0	platform_os	0
0041bdd5	platform_os	0
0041be40	platform_os	0
0041be90	peds_ai	0
0041beb0	peds_ai	0
0041bf10	peds_ai	0
0041bf50	vehicles	0
0041bf70	vehicles	0
0041bfb4	vehicles	0
0041bfd5	vehicles	0
0041bfda	vehicles	0
0041bfdf	vehicles	0
0041bfe4	vehicles	0
0041bfe9	vehicles	0
0041bff3	vehicles	0
0041bff8	vehicles	0
0041c010	vehicles	0
0041c015	vehicles	0
0041c050	vehicles	0
0041c070	vehicles	0
0041c4aa	vehicles	0
0041c4ba	vehicles	0
0041c4d8	vehicles	0
0041c4f8	vehicles	0
0041c5cc	vehicles	0
0041c605	vehicles	0
0041c62c	vehicles	0
0041c660	vehicles	0
0041c665	vehicles	0
0041c6ac	vehicles	0
0041c765	vehicles	0
0041c788	vehicles	0
0041c804	vehicles	0
0041c80b	vehicles	0
0041c887	vehicles	0
0041c895	vehicles	0
0041c8a0	vehicles	0
0041c900	vehicles	0
0041c960	vehicles	0
0041c9b3	vehicles	0
0041c9d0	vehicles	0
0041ca30	vehicles	0
0041ca40	vehicles	0
0041caa0	vehicles	0
0041cada	vehicles	0
0041cae0	vehicles	0
0041cb08	vehicles	0
0041cb16	vehicles	0
0041cb1a	vehicles	0
0041cb3e	vehicles	0
0041cb4c	vehicles	0
0041cb50	vehicles	0
0041cb58	vehicles	0
0041cb60	vehicles	0
0041cb64	vehicles	0
0041cb66	vehicles	0
0041cb70	vehicles	0
0041cb89	vehicles	0
0041cb95	vehicles	0
0041cbc8	vehicles	0
0041cbd1	vehicles	0
0041cbdd	vehicles	0
0041cbea	vehicles	0
0041cbf2	world_entities	0
0041cbf6	world_entities	0
0041cbfa	world_entities	0
0041cc1d	world_entities	0
0041cc30	world_entities	0
0041cc50	world_entities	0
0041cc70	world_entities	0
0041ccb0	world_entities	0
0041cd00	vehicles	0
0041ce30	vehicles	0
0041cfb0	vehicles	0
0041d0e0	vehicles	0
0041d210	vehicles	0
0041d350	vehicles	0
0041d3d0	vehicles	0
0041d660	vehicles	0
0041da30	vehicles	0
0041de78	vehicles	0
0041ee0c	vehicles	0
004201f6	core_math_containers	0
004207a0	core_math_containers	0
004207b0	core_math_containers	0
004207c0	core_math_containers	0
004207d0	core_math_containers	0
004207e0	core_math_containers	0
004207f0	core_math_containers	0
00420800	core_math_containers	0
00420820	core_math_containers	0
00420840	core_math_containers	0
00420860	core_math_containers	0
00420880	core_math_containers	0
00420890	core_math_containers	0
004208a0	core_math_containers	0
004208b0	core_math_containers	0
004208c0	core_math_containers	0
004208d0	core_math_containers	0
004208e0	core_math_containers	0
00420900	core_math_containers	0
00420910	core_math_containers	0
00420925	core_math_containers	0
0042092a	core_math_containers	0
0042092f	core_math_containers	0
00420985	vehicles	0
004209d0	vehicles	0
004209f0	vehicles	0
00420a10	vehicles	0
00420a60	vehicles	0
00420aa0	vehicles	0
00420ac0	vehicles	0
00420afc	world_entities	0
00420b10	world_entities	0
00420b30	world_entities	0
00420b70	world_entities	0
00420b85	world_entities	0
00420b8e	world_entities	0
00420b9d	world_entities	0
00420bc0	camera	0
00420be0	camera	0
00420bf4	camera	0
00420c00	camera	0
00420c14	camera	0
00420c20	camera	0
00420c30	camera	0
00420c40	camera	0
00420d40	camera	0
00420d90	camera	0
00420da0	camera	0
00420dd8	peds_ai	0
00420df0	peds_ai	0
00420e00	peds_ai	0
00420e10	peds_ai	0
00420e14	peds_ai	0
00420e35	peds_ai	0
00420e60	peds_ai	0
00420e75	peds_ai	0
00420e90	peds_ai	0
00420ea0	peds_ai	0
00420eb0	peds_ai	0
00420ec0	peds_ai	0
00420ed0	peds_ai	0
00420ef0	peds_ai	0
00420f00	peds_ai	0
00420f10	peds_ai	0
00420f20	peds_ai	0
00420f30	peds_ai	0
00420f40	peds_ai	0
00420f50	peds_ai	0
00420fb0	peds_ai	0
00420fd0	peds_ai	0
00420fe0	peds_ai	0
00420ff0	peds_ai	0
00421030	peds_ai	0
00421040	peds_ai	0
00421055	peds_ai	0
0042105b	peds_ai	0
00421060	peds_ai	0
00421094	peds_ai	0
0042109b	peds_ai	0
0042109c	peds_ai	0
004210a7	peds_ai	0
004210a8	peds_ai	0
004210ad	peds_ai	0
004210c0	peds_ai	0
004210d8	peds_ai	0
004210f8	peds_ai	0
00421110	peds_ai	0
00421125	peds_ai	0
0042113c	peds_ai	0
00421180	peds_ai	0
00421190	peds_ai	0
004211a0	peds_ai	0
004211b0	peds_ai	0
004211c0	peds_ai	0
00421240	peds_ai	0
00421250	peds_ai	0
00421270	peds_ai	0
00421280	peds_ai	0
004212a0	peds_ai	0
004212e0	vehicles	0
004213b0	vehicles	0
00421440	vehicles	0
00421745	vehicles	0
0042174f	vehicles	0
00421754	vehicles	0
00421775	vehicles	0
004217b0	vehicles	0
004217c0	vehicles	0
00421900	vehicles	0
00421970	vehicles	0
00421980	vehicles	0
00421a50	vehicles	0
00421fe0	vehicles	0
00422006	vehicles	0
00422090	vehicles	0
004222a0	vehicles	0
00422370	vehicles	0
004224e0	vehicles	0
00422620	vehicles	0
004226f0	vehicles	0
00422999	vehicles	0
004229c6	vehicles	0
00422ac6	vehicles	0
00422af8	vehicles	0
00422b20	vehicles	0
00422e10	vehicles	0
00422f80	vehicles	0
00422f9d	vehicles	0
00423000	vehicles	0
004230b8	vehicles	0
00423790	vehicles	0
004237f0	vehicles	0
0042388b	vehicles	0
004238e0	vehicles	0
00423940	vehicles	0
00423b77	vehicles	0
00423de0	vehicles	0
00423de9	vehicles	0
00423e07	vehicles	0
00423ea0	vehicles	0
00423ea8	vehicles	0
00423ed5	vehicles	0
00423eda	vehicles	0
00423f10	vehicles	0
00423f80	vehicles	0
00423fc5	vehicles	0
00423fce	vehicles	0
00423fd3	vehicles	0
00423fd9	vehicles	0
00424000	vehicles	0
004240c9	vehicles	0
004240f0	vehicles	0
00424100	vehicles	0
00424110	vehicles	0
00424130	vehicles	0
00424165	vehicles	0
0042416a	vehicles	0
00424190	world_entities	0
004241a0	world_entities	0
004241b0	world_entities	0
004241c0	world_entities	0
00424200	vehicles	0
00424210	vehicles	0
004244ed	vehicles	0
004245ea	vehicles	0
00424ce0	vehicles	0
00424f80	vehicles	0
00425440	vehicles	0
00425528	vehicles	0
00425b30	vehicles	0
00425f6b	vehicles	0
00425f70	vehicles	0
00426220	vehicles	0
00426350	vehicles	0
00426970	vehicles	0
00426a68	vehicles	0
00426ae6	vehicles	0
00426b88	vehicles	0
00426bc0	vehicles	0
00426ef0	vehicles	0
00427740	vehicles	0
00427880	vehicles	0
00427920	vehicles	0
00427fe0	vehicles	0
00428040	vehicles	0
004283e6	vehicles	0
00428990	vehicles	0
00428be0	vehicles	0
00428db0	vehicles	0
00428de0	vehicles	0
00429090	vehicles	0
00429300	vehicles	0
00429520	vehicles	0
00429600	vehicles	0
00429780	vehicles	0
00429890	vehicles	0
00429a70	vehicles	0
0042a630	vehicles	0
0042a750	vehicles	0
0042aad0	vehicles	0
0042acb0	vehicles	0
0042ad30	vehicles	0
0042aeb0	vehicles	0
0042b01a	vehicles	0
0042b270	vehicles	0
0042b470	vehicles	0
0042b7d0	vehicles	0
0042bbe6	eh_funclets	0
0042bc05	eh_funclets	0
0042bc24	eh_funclets	0
0042bc4a	vehicles	0
0042bd20	vehicles	0
0042c2b0	vehicles	0
0042c740	vehicles	0
0042cbd0	vehicles	0
0042cc32	eh_funclets	0
0042cce4	vehicles	0
0042ccf0	core_math_containers	0
0042cd10	vehicles	0
0042ce40	vehicles	0
0042d0e0	vehicles	0
0042d4f0	vehicles	0
0042d680	vehicles	0
0042d7e0	vehicles	0
0042d7f8	vehicles	0
0042d950	vehicles	0
0042d968	vehicles	0
0042dab0	vehicles	0
0042de80	vehicles	0
0042ec90	vehicles	0
0042f370	vehicles	0
0042f3c0	vehicles	0
0042f5a0	vehicles	0
0042f689	vehicles	0
0042f875	vehicles	0
0042f9c0	vehicles	0
0042fbc5	vehicles	0
0042fbd7	vehicles	0
0042fbdc	vehicles	0
0042fbe1	vehicles	0
0042fbf3	vehicles	0
0042fbf8	vehicles	0
0042fc02	vehicles	0
0042fc07	vehicles	0
0042fc40	vehicles	0
00430030	vehicles	0
00430038	vehicles	0
0043003c	vehicles	0
00430040	vehicles	0
00430050	vehicles	0
00431f80	vehicles	0
004322b0	vehicles	0
00432344	vehicles	0
0043234d	vehicles	0
00432420	vehicles	0
004325c0	vehicles	0
0043293d	vehicles	0
004329b6	vehicles	0
00432a5d	vehicles	0
00432b10	vehicles	0
00432c51	vehicles	0
00432cb0	vehicles	0
00432dd0	vehicles	0
00432fc8	vehicles	0
00432ffa	vehicles	0
00433280	vehicles	0
00433396	vehicles	0
004335e0	vehicles	0
004336d0	vehicles	0
00433847	vehicles	0
00433ba0	vehicles	0
00433ea0	vehicles	0
004341c0	vehicles	0
004342a0	vehicles	0
00434400	vehicles	0
00434790	vehicles	0
00434900	vehicles	0
00435267	vehicles	0
00435830	vehicles	0
00435e5a	vehicles	0
00436256	vehicles	0
00436540	vehicles	0
00436a90	vehicles	0
00437c20	vehicles	0
00438370	scripts_missions	0
004383a0	scripts_missions	0
004383b0	scripts_missions	0
004383e0	scripts_missions	0
004383f0	scripts_missions	0
00438400	scripts_missions	0
00438410	scripts_missions	0
00438420	scripts_missions	0
00438430	scripts_missions	0
00438440	scripts_missions	0
0043845b	scripts_missions	0
00438460	scripts_missions	0
00438465	scripts_missions	0
00438480	scripts_missions	0
0043849a	scripts_missions	0
004384dd	scripts_missions	0
004385b0	scripts_missions	0
00438890	scripts_missions	0
00438b30	scripts_missions	0
00438d60	scripts_missions	0
00438e40	scripts_missions	0
00438e90	scripts_missions	0
00438f20	scripts_missions	0
00438f40	scripts_missions	0
00438f50	scripts_missions	0
00438f60	scripts_missions	0
00438f70	scripts_missions	0
00438f80	scripts_missions	0
00438f90	scripts_missions	0
00438fc0	scripts_missions	0
00438ff0	scripts_missions	0
004390d0	scripts_missions	0
004390f0	scripts_missions	0
00439110	scripts_missions	0
00439150	scripts_missions	0
00439190	scripts_missions	0
004391d0	scripts_missions	0
00439230	scripts_missions	0
00439236	scripts_missions	0
00439360	scripts_missions	0
004393d0	scripts_missions	0
004393f0	scripts_missions	0
004394b0	scripts_missions	0
004394e0	scripts_missions	0
00439510	scripts_missions	0
00439540	scripts_missions	0
00439570	scripts_missions	0
00439590	scripts_missions	0
004395a0	scripts_missions	0
004395b0	scripts_missions	0
00439600	scripts_missions	0
004396c0	scripts_missions	0
004396f0	scripts_missions	0
00439710	scripts_missions	0
00439720	scripts_missions	0
00439880	scripts_missions	0
004398d0	scripts_missions	0
00439930	scripts_missions	0
00439940	scripts_missions	0
004399d0	scripts_missions	0
00439a10	scripts_missions	0
00439a80	world_entities	0
00439af5	scripts_missions	0
00439b20	scripts_missions	0
00439c70	scripts_missions	0
00439d80	scripts_missions	0
00439dd0	scripts_missions	0
00439e50	scripts_missions	0
00439f60	scripts_missions	0
0043a0b0	scripts_missions	0
0043a4a0	scripts_missions	0
0043a4b0	scripts_missions	0
0043a4c0	scripts_missions	0
0043a4d0	scripts_missions	0
0043a4e0	scripts_missions	0
0043a4f0	scripts_missions	0
0043a500	scripts_missions	0
0043a510	scripts_missions	0
0043a520	scripts_missions	0
0043a530	scripts_missions	0
0043a540	scripts_missions	0
0043a550	scripts_missions	0
0043a560	scripts_missions	0
0043a570	scripts_missions	0
0043a660	scripts_missions	0
0043a670	scripts_missions	0
0043a680	scripts_missions	0
0043a690	scripts_missions	0
0043a6ab	scripts_missions	0
0043a6f0	peds_ai	0
0043a710	peds_ai	0
0043a770	peds_ai	0
0043a7a0	peds_ai	0
0043a7b5	peds_ai	0
0043a7f0	peds_ai	0
0043a845	peds_ai	0
0043a84a	peds_ai	0
0043a875	peds_ai	0
0043a87a	peds_ai	0
0043a882	peds_ai	0
0043a965	peds_ai	0
0043a9b0	peds_ai	0
0043aa10	peds_ai	0
0043aa40	peds_ai	0
0043aa4d	peds_ai	0
0043aa80	peds_ai	0
0043aa8d	peds_ai	0
0043aac5	peds_ai	0
0043aafe	peds_ai	0
0043ab15	peds_ai	0
0043ab25	peds_ai	0
0043ab90	peds_ai	0
0043aba5	peds_ai	0
0043abb6	peds_ai	0
0043abc0	peds_ai	0
0043abca	peds_ai	0
0043abd5	peds_ai	0
0043abda	peds_ai	0
0043abdf	peds_ai	0
0043ac40	peds_ai	0
0043adb0	peds_ai	0
0043ae7a	peds_ai	0
0043b005	peds_ai	0
0043b00f	peds_ai	0
0043b01a	peds_ai	0
0043b0f0	peds_ai	0
0043c109	peds_ai	0
0043c59b	peds_ai	0
0043c5a3	peds_ai	0
0043c5ad	peds_ai	0
0043c5b8	peds_ai	0
0043c5c4	peds_ai	0
0043c600	camera	0
0043c610	camera	0
0043c660	camera	0
0043c710	camera	0
0043c880	camera	0
0043c900	camera	0
0043ce60	peds_ai	0
0043ce70	peds_ai	0
0043ce80	peds_ai	0
0043ce90	peds_ai	0
0043ceb5	peds_ai	0
0043cec0	peds_ai	0
0043d1ce	peds_ai	0
0043d1e0	peds_ai	0
0043d1f5	peds_ai	0
0043d204	peds_ai	0
0043d210	peds_ai	0
0043d2d2	peds_ai	0
0043d355	peds_ai	0
0043d35a	peds_ai	0
0043d3b0	peds_ai	0
0043d6a5	peds_ai	0
0043d6aa	peds_ai	0
0043d6b0	peds_ai	0
0043d6c6	peds_ai	0
0043d6cb	peds_ai	0
0043d6d2	peds_ai	0
0043d724	peds_ai	0
0043d740	peds_ai	0
0043d7a0	peds_ai	0
0043d9e0	peds_ai	0
0043dac0	peds_ai	0
0043dc10	peds_ai	0
0043dc60	peds_ai	0
0043dcd0	peds_ai	0
0043df01	peds_ai	0
0043df20	peds_ai	0
0043e020	core_math_containers	0
0043e050	core_math_containers	0
0043e080	scripts_missions	0
0043e090	scripts_missions	0
0043e0c0	world_entities	0
0043e0e0	world_entities	0
0043e0f0	world_entities	0
0043e110	core_math_containers	0
0043e130	world_entities	0
0043e140	world_entities	0
0043e150	world_entities	0
0043e160	peds_ai	0
0043e170	peds_ai	0
0043e180	peds_ai	0
0043e190	peds_ai	0
0043e1b0	peds_ai	0
0043e1c5	peds_ai	0
0043e1cb	peds_ai	0
0043e1e0	peds_ai	0
0043e1f0	peds_ai	0
0043e200	peds_ai	0
0043e210	peds_ai	0
0043e220	peds_ai	0
0043e280	peds_ai	0
0043e290	peds_ai	0
0043e2b0	peds_ai	0
0043e2c0	peds_ai	0
0043e2d0	peds_ai	0
0043e2ea	peds_ai	0
0043e300	peds_ai	0
0043e310	peds_ai	0
0043e320	peds_ai	0
0043e330	peds_ai	0
0043e380	peds_ai	0
0043e390	peds_ai	0
0043e3a0	peds_ai	0
0043e3b0	peds_ai	0
0043e3d0	peds_ai	0
0043e3e0	peds_ai	0
0043e3f0	peds_ai	0
0043e405	peds_ai	0
0043e415	peds_ai	0
0043e460	world_entities	0
0043e655	world_entities	0
0043e65b	world_entities	0
0043e690	world_entities	0
0043e6d0	world_entities	0
0043e8b0	world_entities	0
0043e990	world_entities	0
0043ea00	world_entities	0
0043ea90	world_entities	1
0043eaf0	world_entities	0
0043ecfa	world_entities	0
0043ecff	world_entities	0
0043ed02	world_entities	0
0043ed07	world_entities	0
0043ed0c	world_entities	0
0043ed18	world_entities	0
0043ed8f	world_entities	0
0043ed94	world_entities	0
0043ed9b	world_entities	0
0043eda8	world_entities	0
0043edb3	world_entities	0
0043edd0	world_entities	0
0043ede0	world_entities	0
0043edf0	world_entities	0
0043ee20	world_entities	0
0043ee40	world_entities	0
0043ee60	world_entities	0
0043ee90	world_entities	0
0043eeb0	world_entities	0
0043ef05	world_entities	0
0043ef0c	world_entities	0
0043ef11	world_entities	0
0043ef25	world_entities	0
0043ef2a	world_entities	0
0043ef2f	world_entities	0
0043ef45	world_entities	0
0043ef95	world_entities	0
0043efd0	world_entities	0
0043f050	world_entities	0
0043f0b6	world_entities	0
0043f0c0	world_entities	0
0043f0c5	world_entities	0
0043f0ca	world_entities	0
0043f0d0	world_entities	0
0043f130	world_entities	0
0043f155	world_entities	0
0043f185	world_entities	0
0043f18a	world_entities	0
0043f18f	world_entities	0
0043f1f0	world_entities	0
0043f4b0	world_entities	0
0043f630	world_entities	0
0043f780	world_entities	0
0043f7d5	world_entities	0
0043f7ef	world_entities	0
0043f7f4	world_entities	0
0043f809	world_entities	0
0043f80e	world_entities	0
0043f81d	world_entities	0
0043f824	world_entities	0
0043f829	world_entities	0
0043f840	world_entities	0
0043f88b	world_entities	0
0043f894	world_entities	0
0043f8a3	world_entities	0
0043f8a8	world_entities	0
0043f8b2	world_entities	0
0043f8bc	world_entities	0
0043f8c6	world_entities	0
0043f950	world_entities	0
0043f9d0	world_entities	0
0043fa00	world_entities	0
0043fd55	world_entities	0
0043fd60	world_entities	0
0043fd65	world_entities	0
0043fd6a	world_entities	0
0043fd74	world_entities	0
0043fdb5	world_entities	0
0043fea0	world_entities	0
0043fef0	world_entities	0
0043ff60	world_entities	0
0043ffd0	world_entities	0
004404a0	world_entities	0
00440b95	world_entities	0
00440bab	world_entities	0
00440bb5	world_entities	0
00440bba	world_entities	0
00440c45	world_entities	0
00440c4c	world_entities	0
00440c51	world_entities	0
00440d10	world_entities	0
00440e0a	world_entities	0
004410b0	platform_os	0
004410c0	platform_os	0
004410d0	platform_os	0
004410e5	platform_os	0
00441110	platform_os	0
00441120	platform_os	0
00441135	platform_os	0
0044113f	platform_os	0
0044115a	platform_os	0
00441170	platform_os	0
004411d0	platform_os	0
004411e0	platform_os	0
00441200	platform_os	0
00441215	platform_os	0
0044121f	platform_os	0
00441290	platform_os	0
004413c0	platform_os	0
00441420	platform_os	0
00441440	platform_os	0
004414c0	platform_os	0
004415c5	platform_os	0
004415d1	platform_os	0
004415d6	platform_os	0
004415db	platform_os	0
004415e0	platform_os	0
004415ea	platform_os	0
004416c5	platform_os	0
004416ca	platform_os	0
004416cf	platform_os	0
004416d4	platform_os	0
004416e0	platform_os	0
00441770	platform_os	0
004418e0	platform_os	0
00441b70	platform_os	0
00441c10	platform_os	0
00441d00	platform_os	0
00441d35	platform_os	0
00441db0	world_entities	0
00441dd0	world_entities	0
00441e00	platform_os	0
00441e10	platform_os	0
00442025	platform_os	0
0044202a	platform_os	0
0044202f	platform_os	0
00442036	platform_os	0
0044203b	platform_os	0
00442042	platform_os	0
00442047	platform_os	0
0044204d	platform_os	0
00442060	platform_os	0
004423ca	platform_os	0
00442480	platform_os	0
004428b5	platform_os	0
004428ba	platform_os	0
004428bf	platform_os	0
004428c4	platform_os	0
004428d4	platform_os	0
00442980	platform_os	0
00442ad0	platform_os	0
004438f0	peds_ai	0
00443900	peds_ai	0
00443910	peds_ai	0
00443950	peds_ai	0
004439c5	peds_ai	0
004439cb	peds_ai	0
004439d0	peds_ai	0
004439f7	peds_ai	0
00443a20	peds_ai	0
00443aa0	peds_ai	0
00443ae0	peds_ai	0
00443b00	peds_ai	0
00443d50	peds_ai	0
00443db0	peds_ai	0
00443de0	peds_ai	0
00443f85	peds_ai	0
00444010	peds_ai	0
00444040	peds_ai	0
00444300	peds_ai	0
004444b5	peds_ai	0
004444ba	peds_ai	0
004444c0	peds_ai	0
004444d3	peds_ai	0
00444535	peds_ai	0
0044453d	peds_ai	0
00444543	peds_ai	0
00444548	peds_ai	0
0044454d	peds_ai	0
00444552	peds_ai	0
0044465d	peds_ai	0
00444810	peds_ai	0
004453d0	peds_ai	0
00445b30	peds_ai	0
00445c35	peds_ai	0
00445c3a	peds_ai	0
00445e20	peds_ai	0
00445e80	peds_ai	0
00445fd0	peds_ai	0
00446050	peds_ai	0
00446400	peds_ai	0
004464c0	peds_ai	0
00446570	peds_ai	0
004465f0	peds_ai	0
00446610	peds_ai	0
00446f70	audio	0
00446f80	audio	0
00446fc0	audio	0
00446fe0	audio	0
00446ff0	audio	0
00447000	audio	0
00447010	audio	0
00447020	audio	0
00447030	audio	0
00447050	audio	0
00447060	audio	0
00447070	audio	0
00447080	audio	0
00447090	audio	0
004470a0	audio	0
004470c0	vehicles	0
004470e0	vehicles	0
00447110	vehicles	0
00447120	vehicles	0
004471c1	vehicles	0
004471c6	vehicles	0
004471d0	vehicles	0
004471e0	vehicles	0
00447600	vehicles	0
004476d5	vehicles	0
004476db	vehicles	0
004476e0	vehicles	0
004476e5	vehicles	0
00447790	vehicles	0
004479ab	vehicles	0
004479b1	vehicles	0
004479f0	vehicles	0
00447b8a	vehicles	0
00447c45	vehicles	0
00447c4e	vehicles	0
00447c53	vehicles	0
00447c6b	vehicles	0
00447c70	vehicles	0
00447c75	vehicles	0
00447c7a	vehicles	0
00447cb5	vehicles	0
00447cbe	vehicles	0
00447cc3	vehicles	0
00447d35	vehicles	0
00447d45	vehicles	0
00447d55	vehicles	0
00447d80	vehicles	0
00447e10	vehicles	0
00447e40	core_math_containers	0
00447ead	core_math_containers	0
00448330	vehicles	0
0044855d	vehicles	0
00448582	vehicles	0
00448588	vehicles	0
0044858e	vehicles	0
00448597	vehicles	0
0044859c	vehicles	0
004485c5	vehicles	0
004485d1	vehicles	0
004485e7	vehicles	0
004485f2	vehicles	0
00448655	vehicles	0
00448665	vehicles	0
00448670	vehicles	0
00448675	vehicles	0
004486c0	vehicles	0
00448740	vehicles	0
004487d0	vehicles	0
00448880	vehicles	0
00448890	vehicles	0
00448900	vehicles	0
0044890d	vehicles	0
00448910	vehicles	0
00448995	vehicles	0
004489f0	vehicles	0
00448af0	vehicles	0
00448b3a	vehicles	0
00448b60	vehicles	0
00448ba7	vehicles	0
00448bb9	vehicles	0
00448be0	vehicles	0
00448d30	vehicles	0
00448e55	vehicles	0
00448e5b	vehicles	0
00448e60	vehicles	0
00448e6f	vehicles	0
00448e75	vehicles	0
00448e7a	vehicles	0
00448e7f	vehicles	0
00448e87	vehicles	0
00448e9a	vehicles	0
00448ee0	vehicles	0
00449050	vehicles	0
0044910a	vehicles	0
0044910f	vehicles	0
00449116	vehicles	0
00449122	vehicles	0
00449127	vehicles	0
00449220	vehicles	0
004492aa	vehicles	0
004493ea	vehicles	0
004493ef	vehicles	0
004493f5	vehicles	0
004493fb	vehicles	0
00449400	vehicles	0
00449405	vehicles	0
00449410	vehicles	0
00449416	vehicles	0
0044941b	vehicles	0
004494ff	vehicles	0
00449525	vehicles	0
00449690	vehicles	0
00449740	vehicles	0
00449760	core_math_containers	0
00449900	vehicles	0
00449a2a	vehicles	0
00449a50	vehicles	0
00449b7a	vehicles	0
00449ba0	vehicles	0
00449bfd	vehicles	0
00449c30	vehicles	0
00449d49	vehicles	0
00449ff0	vehicles	0
0044a170	vehicles	0
0044a215	vehicles	0
0044a240	vehicles	0
0044a3c0	vehicles	0
0044a4d0	world_entities	0
0044a660	vehicles	0
0044a750	vehicles	0
0044a830	vehicles	0
0044a9c0	vehicles	0
0044aa50	vehicles	0
0044c7d1	vehicles	0
0044c8c0	vehicles	0
0044ca40	scripts_missions	0
0044ca90	scripts_missions	0
0044cb00	scripts_missions	0
0044cb10	scripts_missions	0
0044cc25	scripts_missions	0
0044cc2c	scripts_missions	0
0044cc33	scripts_missions	0
0044cc39	scripts_missions	0
0044cc3e	scripts_missions	0
0044cc43	scripts_missions	0
0044cc4d	scripts_missions	0
0044cc52	scripts_missions	0
0044cc57	scripts_missions	0
0044cc60	scripts_missions	0
0044cd30	scripts_missions	0
0044ce00	scripts_missions	0
0044ce65	scripts_missions	0
0044ce6a	scripts_missions	0
0044ce70	scripts_missions	0
0044ce75	scripts_missions	0
0044ce8a	scripts_missions	0
0044ce8f	scripts_missions	0
0044ce97	scripts_missions	0
0044cea4	scripts_missions	0
0044cea9	scripts_missions	0
0044ceb5	scripts_missions	0
0044ceea	scripts_missions	0
0044ceef	scripts_missions	0
0044cef4	scripts_missions	0
0044cefb	scripts_missions	0
0044cf00	scripts_missions	0
0044cf10	scripts_missions	0
0044cf40	scripts_missions	0
0044cf80	scripts_missions	0
0044cf90	scripts_missions	0
0044cfa0	scripts_missions	0
0044cfb0	scripts_missions	0
0044cfc0	scripts_missions	0
0044cfd0	scripts_missions	0
0044cfe0	scripts_missions	0
0044cff0	scripts_missions	0
0044d010	platform_os	0
0044d030	platform_os	0
0044d040	platform_os	0
0044d08a	platform_os	0
0044d08f	platform_os	0
0044d094	platform_os	0
0044d099	platform_os	0
0044d0ab	platform_os	0
0044d0be	platform_os	0
0044d0c4	platform_os	0
0044d0e0	platform_os	0
0044d0fa	platform_os	0
0044d0ff	platform_os	0
0044d104	platform_os	0
0044d1b0	vehicles	0
0044d1e0	vehicles	0
0044d2b0	file_loading	0
0044d2c0	file_loading	0
0044d2d0	file_loading	0
0044d2e0	file_loading	0
0044d2f0	file_loading	0
0044d300	file_loading	0
0044d32b	file_loading	0
0044d332	file_loading	0
0044d337	file_loading	0
0044d361	file_loading	0
0044d366	file_loading	0
0044d3b5	file_loading	0
0044d3ba	file_loading	0
0044d3bf	file_loading	0
0044d405	file_loading	0
0044d40a	file_loading	0
0044d48d	file_loading	0
0044d525	file_loading	0
0044d52a	file_loading	0
0044d536	file_loading	0
0044d53c	file_loading	0
0044d541	file_loading	0
0044d54d	file_loading	0
0044d555	file_loading	0
0044d55a	file_loading	0
0044d55e	file_loading	0
0044d563	file_loading	0
0044d593	vehicles	0
0044d599	vehicles	0
0044d59e	vehicles	0
0044d5a3	vehicles	0
0044d5a8	vehicles	0
0044d5ad	vehicles	0
0044d5b2	vehicles	0
0044d5b7	vehicles	0
0044d5bd	vehicles	0
0044d763	vehicles	0
0044d76e	vehicles	0
0044d77d	vehicles	0
0044d795	vehicles	0
0044d79a	vehicles	0
0044d7b2	vehicles	0
0044d7b7	vehicles	0
0044d7bd	vehicles	0
0044d7c2	vehicles	0
0044d7c9	vehicles	0
0044d7d5	vehicles	0
0044d7da	vehicles	0
0044d7df	vehicles	0
0044d830	vehicles	0
0044d890	vehicles	0
0044d8c0	vehicles	0
0044d8f0	vehicles	0
0044d910	vehicles	0
0044d930	vehicles	0
0044d960	vehicles	0
0044d975	vehicles	0
0044d99a	vehicles	0
0044da30	vehicles	0
0044db00	vehicles	0
0044db60	vehicles	0
0044dcd5	vehicles	0
0044dd05	vehicles	0
0044dd07	vehicles	0
0044dd10	vehicles	0
0044de85	vehicles	0
0044dedf	vehicles	0
0044df30	vehicles	0
0044df65	vehicles	0
0044df6a	vehicles	0
0044df74	vehicles	0
0044df79	vehicles	0
0044df7e	vehicles	0
0044df90	vehicles	0
0044df96	vehicles	0
0044df9b	vehicles	0
0044e005	vehicles	0
0044e00a	vehicles	0
0044e011	vehicles	0
0044e016	vehicles	0
0044e01b	vehicles	0
0044e020	vehicles	0
0044e032	vehicles	0
0044e03b	vehicles	0
0044e040	vehicles	0
0044e045	vehicles	0
0044e04a	vehicles	0
0044e04f	vehicles	0
0044e1b4	vehicles	0
0044e470	vehicles	0
0044e480	vehicles	0
0044e4c0	vehicles	0
0044e4e5	vehicles	0
0044e4ea	vehicles	0
0044e610	vehicles	0
0044e65a	vehicles	0
0044e689	vehicles	0
0044e780	vehicles	0
0044e790	vehicles	0
0044e805	vehicles	0
0044e8f6	vehicles	0
0044eca0	vehicles	0
0044edb9	vehicles	0
0044efc0	vehicles	0
0044efdd	vehicles	0
0044f190	vehicles	0
0044f2c0	vehicles	0
0044f32a	vehicles	0
0044f460	vehicles	0
0044f71d	vehicles	0
0044f8c0	vehicles	0
0044f917	vehicles	0
0044fa30	vehicles	0
0044fa84	vehicles	0
0044fa8d	vehicles	0
0044fad9	vehicles	0
0044fb60	vehicles	0
0044fb79	vehicles	0
0044fce0	vehicles	0
0044fd55	vehicles	0
0044fee0	vehicles	0
0044ff1d	vehicles	0
00450320	vehicles	0
004504f5	vehicles	0
004504fb	vehicles	0
00450501	vehicles	0
00450506	vehicles	0
0045050b	vehicles	0
00450565	vehicles	0
0045057d	vehicles	0
00450590	vehicles	0
004505e0	vehicles	0
00450780	vehicles	0
0045095a	vehicles	0
004509a0	vehicles	0
00450a60	vehicles	0
00450cfa	vehicles	0
00450db0	vehicles	0
00450de0	vehicles	0
00450e90	vehicles	0
00450f30	vehicles	0
00450fb0	vehicles	0
004512d0	vehicles	0
00451300	vehicles	0
00451355	vehicles	0
0045135f	vehicles	0
0045136a	vehicles	0
00451370	vehicles	0
00451373	vehicles	0
004513f0	vehicles	0
004515d0	vehicles	0
0045179a	vehicles	0
00451a27	vehicles	0
00451ab4	vehicles	0
00451abd	vehicles	0
00451b25	vehicles	0
00451b70	vehicles	0
00452000	vehicles	0
00452095	vehicles	0
0045209a	vehicles	0
0045209f	vehicles	0
004520a4	vehicles	0
004520a9	vehicles	0
00452165	vehicles	0
0045216c	vehicles	0
00452180	vehicles	0
00452185	vehicles	0
00452270	vehicles	0
00452689	vehicles	0
0045276a	vehicles	0
00452820	vehicles	0
00452876	vehicles	0
004529fa	vehicles	0
00452c80	vehicles	0
00452f40	vehicles	0
00452f90	vehicles	0
00452fa0	vehicles	0
00452fc0	vehicles	0
0045300a	vehicles	0
0045300f	vehicles	0
00453014	vehicles	0
00453019	vehicles	0
00453021	vehicles	0
00453032	vehicles	0
0045303c	vehicles	0
00453041	vehicles	0
00453060	vehicles	0
0045326d	vehicles	0
00453320	vehicles	0
00453370	vehicles	0
0045358a	vehicles	0
00453640	vehicles	0
00453690	vehicles	0
00453add	vehicles	0
00453c1a	vehicles	0
00453dd0	scripts_missions	0
00453de0	scripts_missions	0
00453df0	scripts_missions	0
00453e00	scripts_missions	0
00453e10	scripts_missions	0
00453e20	scripts_missions	0
00453e30	scripts_missions	0
00453e40	scripts_missions	0
00453f40	scripts_missions	0
00453fa0	scripts_missions	0
00453fb0	scripts_missions	0
00453fc0	scripts_missions	0
00453fd0	scripts_missions	0
00454010	scripts_missions	0
004540d0	scripts_missions	0
00454130	scripts_missions	0
00454190	scripts_missions	0
004541c0	scripts_missions	0
004541e5	scripts_missions	0
004541ea	scripts_missions	0
004541ef	scripts_missions	0
004541f4	scripts_missions	0
004541f9	scripts_missions	0
00454200	scripts_missions	0
00454220	scripts_missions	0
00454255	scripts_missions	0
004542d0	scripts_missions	0
00454340	scripts_missions	0
0045434e	scripts_missions	0
00454449	scripts_missions	0
00454910	scripts_missions	0
00454925	scripts_missions	0
0045492a	scripts_missions	0
00454940	scripts_missions	0
00454952	scripts_missions	0
00454954	scripts_missions	0
00454960	scripts_missions	0
004549a0	scripts_missions	0
004549f0	scripts_missions	0
00454a10	scripts_missions	0
00454a30	scripts_missions	0
00454a50	scripts_missions	0
00454a60	scripts_missions	0
00454a75	scripts_missions	0
00454a7d	scripts_missions	0
00454a82	scripts_missions	0
00454a8a	scripts_missions	0
00454a90	scripts_missions	0
00454a96	scripts_missions	0
00454a9b	scripts_missions	0
00454aa0	scripts_missions	0
00454aa9	scripts_missions	0
00454aaf	scripts_missions	0
00454ab2	scripts_missions	0
00454acc	scripts_missions	0
00454ad1	scripts_missions	0
00454ae0	scripts_missions	0
00454b45	scripts_missions	0
00454b4a	scripts_missions	0
00454b4f	scripts_missions	0
00454b54	scripts_missions	0
00454b59	scripts_missions	0
00454b60	scripts_missions	0
00454b70	scripts_missions	1
00454b7d	scripts_missions	0
00454be5	scripts_missions	0
00454bea	scripts_missions	0
00454bef	scripts_missions	0
00454bf4	scripts_missions	0
00454c46	scripts_missions	0
00454c4d	scripts_missions	0
00454c58	scripts_missions	0
00454c5d	scripts_missions	0
00454c61	scripts_missions	0
00454c70	scripts_missions	0
00454cf0	scripts_missions	0
00454d20	scripts_missions	0
00454e80	scripts_missions	0
00455000	scripts_missions	0
004551c5	scripts_missions	0
00455200	scripts_missions	0
0045524b	scripts_missions	0
00455255	scripts_missions	0
00455280	scripts_missions	0
004552aa	scripts_missions	0
004552b9	scripts_missions	0
004552c3	scripts_missions	0
004552d0	scripts_missions	0
00455390	scripts_missions	0
00455470	scripts_missions	0
004554cc	scripts_missions	0
004554d2	scripts_missions	0
004554d7	scripts_missions	0
004554dc	scripts_missions	0
004554df	scripts_missions	0
004554e4	scripts_missions	0
004554e9	peds_ai	0
004554f6	peds_ai	0
0045550a	peds_ai	0
00455515	peds_ai	0
0045551a	peds_ai	0
00455527	peds_ai	0
0045554a	peds_ai	0
00455551	peds_ai	0
00455560	peds_ai	0
004555a0	scripts_missions	0
00455685	scripts_missions	0
0045568a	scripts_missions	0
004556c0	scripts_missions	0
00455720	scripts_missions	0
00455e20	scripts_missions	0
004560e0	scripts_missions	0
004563a0	scripts_missions	0
00456450	scripts_missions	0
0045645a	scripts_missions	0
004564f0	scripts_missions	0
004567e0	scripts_missions	0
00456a30	scripts_missions	0
00456a70	scripts_missions	0
00456a8a	scripts_missions	0
00456d30	scripts_missions	0
00456d39	scripts_missions	0
00456de0	scripts_missions	0
00456e60	scripts_missions	0
00456edd	scripts_missions	0
00456f20	scripts_missions	0
00457385	scripts_missions	0
0045738f	scripts_missions	0
0045739d	scripts_missions	0
004573d0	scripts_missions	0
00457410	scripts_missions	0
004588b5	scripts_missions	0
004588bc	scripts_missions	0
004588c1	scripts_missions	0
004588c6	scripts_missions	0
004588ce	scripts_missions	0
00458970	scripts_missions	0
00458a80	scripts_missions	0
00458de0	scripts_missions	0
004590c0	scripts_missions	0
004590f5	scripts_missions	0
00459185	peds_ai	0
0045918a	peds_ai	0
0045918f	peds_ai	0
004591d0	peds_ai	0
00459330	core_math_containers	0
00459350	core_math_containers	0
00459380	vehicles	0
00459390	vehicles	0
0045940b	vehicles	0
00459410	vehicles	0
00459415	vehicles	0
0045941a	vehicles	0
0045941f	vehicles	0
00459424	vehicles	0
0045942b	vehicles	0
00459430	vehicles	0
00459436	vehicles	0
0045943b	vehicles	0
00459440	vehicles	0
004594c5	vehicles	0
004595a0	vehicles	0
00459660	vehicles	0
00459746	vehicles	0
0045974c	vehicles	0
0045985f	vehicles	0
00459960	vehicles	0
00459a30	vehicles	0
00459b30	vehicles	0
00459d10	vehicles	0
00459d19	vehicles	0
00459e0d	vehicles	0
00459f00	vehicles	0
00459f70	vehicles	0
00459ff0	vehicles	0
0045a025	vehicles	0
0045a031	vehicles	0
0045a036	vehicles	0
0045a065	vehicles	0
0045a0a5	vehicles	0
0045a0ac	vehicles	0
0045a0b8	vehicles	0
0045a0bd	vehicles	0
0045a0c2	vehicles	0
0045a0c7	vehicles	0
0045a0f0	vehicles	0
0045a165	vehicles	0
0045a178	vehicles	0
0045a1b0	vehicles	0
0045a1b7	vehicles	0
0045a1e0	vehicles	0
0045a280	vehicles	0
0045a360	vehicles	0
0045a36a	vehicles	0
0045a4a0	vehicles	0
0045a4ad	vehicles	0
0045a610	vehicles	0
0045a628	vehicles	0
0045a8f5	vehicles	0
0045a8fa	vehicles	0
0045a905	vehicles	0
0045a90a	vehicles	0
0045a910	vehicles	0
0045a921	vehicles	0
0045a985	vehicles	0
0045a98a	vehicles	0
0045ab10	vehicles	0
0045ad45	core_math_containers	0
0045ad4f	core_math_containers	0
0045ad54	core_math_containers	0
0045ad5e	core_math_containers	0
0045ae85	core_math_containers	0
0045ae96	core_math_containers	0
0045ae9b	core_math_containers	0
0045aea1	core_math_containers	0
0045af40	core_math_containers	0
0045af70	core_math_containers	0
0045af80	core_math_containers	0
0045af90	core_math_containers	0
0045b050	animation	0
0045b060	animation	0
0045b070	animation	0
0045b080	animation	0
0045b090	animation	0
0045b0a0	animation	0
0045b0b0	animation	0
0045b0c0	animation	0
0045b0d0	animation	0
0045b0e0	file_loading	0
0045b100	scripts_missions	0
0045b110	scripts_missions	0
0045b120	scripts_missions	0
0045b130	scripts_missions	1
0045b155	scripts_missions	0
0045b165	scripts_missions	0
0045b166	scripts_missions	0
0045b170	scripts_missions	0
0045b4d0	scripts_missions	0
0045b730	scripts_missions	1
0045bf70	scripts_missions	1
0045bf90	scripts_missions	1
0045bff0	scripts_missions	1
0045c070	scripts_missions	1
0045c0d0	scripts_missions	1
0045c150	scripts_missions	1
0045c180	scripts_missions	0
0045c1b0	scripts_missions	0
0045c1e0	scripts_missions	0
0045c210	scripts_missions	0
0045c340	scripts_missions	0
0045c39d	scripts_missions	0
0045c445	scripts_missions	0
0045c450	scripts_missions	0
0045c460	scripts_missions	0
0045c470	scripts_missions	0
0045c48a	scripts_missions	0
0045c490	scripts_missions	0
0045c4b5	scripts_missions	0
0045c750	scripts_missions	0
0045c7d0	scripts_missions	0
0045c850	scripts_missions	0
0045c8a6	scripts_missions	0
0045c900	scripts_missions	0
0045c920	scripts_missions	0
0045c940	scripts_missions	0
0045ca70	scripts_missions	0
0045cdb0	scripts_missions	1
0045cea5	scripts_missions	1
0045ceab	scripts_missions	1
0045ceb0	scripts_missions	1
0045d060	scripts_missions	0
0045d390	scripts_missions	0
0045d4b5	scripts_missions	0
0045d4bb	scripts_missions	0
0045d4c2	scripts_missions	0
0045d540	scripts_missions	0
0045d557	scripts_missions	0
0045d670	scripts_missions	0
0045d67d	scripts_missions	0
0045d6c5	scripts_missions	0
0045d6ca	scripts_missions	0
0045d6d4	scripts_missions	0
0045d760	scripts_missions	0
0045ddea	scripts_missions	0
0045de40	scripts_missions	0
0045def5	scripts_missions	0
0045df0d	scripts_missions	0
0045df14	scripts_missions	0
0045df19	scripts_missions	0
0045df1f	scripts_missions	0
0045df24	scripts_missions	0
0045e1f0	scripts_missions	0
0045e220	scripts_missions	0
0045e2a0	scripts_missions	0
0045e300	scripts_missions	0
0045e32d	scripts_missions	0
0045e6f9	scripts_missions	0
0045eb42	scripts_missions	0
0045ebb5	scripts_missions	0
0045ec25	scripts_missions	0
0045ec2a	scripts_missions	0
0045ec2f	scripts_missions	0
0045ec30	scripts_missions	0
0045ec35	scripts_missions	0
0045ec3a	scripts_missions	0
0045ec3f	scripts_missions	0
0045ec44	scripts_missions	0
0045ec49	scripts_missions	0
0045ec4f	scripts_missions	0
0045ec90	scripts_missions	0
0045ecd0	scripts_missions	0
0045ef25	scripts_missions	0
0045ef2c	scripts_missions	0
0045ef36	scripts_missions	0
0045ef40	scripts_missions	0
0045efa0	scripts_missions	0
0045f020	scripts_missions	0
0045f050	scripts_missions	0
0045f185	scripts_missions	0
0045f370	scripts_missions	0
0045f380	scripts_missions	0
00460350	scripts_missions	0
00460390	scripts_missions	0
004603ec	scripts_missions	0
004604a5	scripts_missions	0
004604aa	scripts_missions	0
004604b3	scripts_missions	0
004604b8	scripts_missions	0
004604bd	scripts_missions	0
004604c2	scripts_missions	0
004604cc	scripts_missions	0
004604d4	scripts_missions	0
004604e0	scripts_missions	0
00460500	scripts_missions	0
00460635	scripts_missions	0
0046063a	scripts_missions	0
00460730	scripts_missions	0
00460780	scripts_missions	0
004607d5	scripts_missions	0
004607e3	scripts_missions	0
004607e8	scripts_missions	0
004607ee	scripts_missions	0
004607f4	scripts_missions	0
004607f9	scripts_missions	0
00460800	scripts_missions	0
00460845	scripts_missions	0
00460847	scripts_missions	0
00460850	scripts_missions	0
00460a50	scripts_missions	0
00460c50	peds_ai	0
00460c70	peds_ai	0
00460c80	peds_ai	0
00460cd0	peds_ai	0
00460ce0	peds_ai	0
00460d50	peds_ai	0
00460d60	peds_ai	0
00460d80	peds_ai	0
00460de0	peds_ai	0
00460dfc	peds_ai	0
00460ec5	vehicles	0
00460ecf	vehicles	0
00460ed2	vehicles	0
00460ee0	vehicles	0
00461020	vehicles	0
00461105	vehicles	0
00461110	vehicles	0
00461119	vehicles	0
0046111e	vehicles	0
0046112a	vehicles	0
0046112f	vehicles	0
00461170	vehicles	0
004618fa	vehicles	0
004619c0	vehicles	0
004625d8	vehicles	0
004629e0	vehicles	0
00462ecd	vehicles	0
00463340	peds_ai	0
00463360	peds_ai	0
00463375	peds_ai	0
0046337a	peds_ai	0
0046337f	peds_ai	0
00463386	peds_ai	0
0046338b	peds_ai	0
004633a0	peds_ai	0
004633b0	peds_ai	0
004633d0	peds_ai	0
004633e5	peds_ai	0
004633ea	peds_ai	0
00463410	peds_ai	0
00463430	peds_ai	0
00463440	peds_ai	0
00463450	peds_ai	0
00463460	peds_ai	0
00463470	peds_ai	0
00463480	peds_ai	0
00463495	peds_ai	0
004634d0	peds_ai	0
004634f0	peds_ai	0
00463500	peds_ai	0
00463520	peds_ai	0
00463530	peds_ai	0
00463545	peds_ai	0
0046354a	peds_ai	0
00463560	peds_ai	0
00463570	peds_ai	0
004635c0	peds_ai	0
004635d0	peds_ai	0
004635e0	peds_ai	0
004635f0	peds_ai	0
00463610	peds_ai	0
00463645	peds_ai	0
00463660	peds_ai	0
004636b0	peds_ai	0
004636c0	peds_ai	0
004636e0	peds_ai	0
004636f0	peds_ai	0
00463700	peds_ai	0
00463710	peds_ai	0
00463720	peds_ai	0
00463730	peds_ai	0
00463740	peds_ai	0
00463750	peds_ai	0
00463760	scripts_missions	0
00463770	scripts_missions	0
00463780	scripts_missions	0
00463790	scripts_missions	0
004637a0	scripts_missions	0
004637c0	scripts_missions	0
004637e5	scripts_missions	0
004637ee	world_entities	0
00463810	world_entities	0
00463819	world_entities	0
00463830	world_entities	0
004638a0	world_entities	0
004638da	world_entities	0
004638df	world_entities	0
004638e4	world_entities	0
00463915	world_entities	0
0046394a	world_entities	0
00463951	world_entities	0
00463956	world_entities	0
00463966	world_entities	0
00463975	world_entities	0
0046397a	world_entities	0
0046397f	world_entities	0
004639e0	world_entities	0
00463a17	world_entities	0
00463a60	world_entities	0
00463b85	world_entities	0
00463c05	scripts_missions	0
00463c0a	scripts_missions	0
00463c0f	scripts_missions	0
00463c14	scripts_missions	0
00463c2c	scripts_missions	0
00463c31	scripts_missions	0
00463c45	scripts_missions	0
00463c4f	scripts_missions	0
00463cb0	scripts_missions	0
00463cba	scripts_missions	0
00463cc0	scripts_missions	0
00463d50	scripts_missions	0
00464080	scripts_missions	0
00464221	scripts_missions	0
00464250	scripts_missions	0
00464370	scripts_missions	0
004644da	scripts_missions	0
00464500	scripts_missions	0
0046451d	scripts_missions	0
0046464f	scripts_missions	0
00464669	scripts_missions	0
004646d0	scripts_missions	0
00464705	scripts_missions	0
0046470c	scripts_missions	0
00464790	scripts_missions	0
004648ea	scripts_missions	0
004648ef	scripts_missions	0
004648f4	scripts_missions	0
00464980	scripts_missions	0
00464b95	scripts_missions	0
00464bb5	scripts_missions	0
00464bbf	scripts_missions	0
00464bda	scripts_missions	0
00464bf6	scripts_missions	0
00464c0a	scripts_missions	0
00464c0f	scripts_missions	0
00464c2a	scripts_missions	0
00464c2f	scripts_missions	0
00464c30	scripts_missions	0
00464c3a	scripts_missions	0
00464c9a	scripts_missions	0
00464d09	scripts_missions	0
00464d2a	scripts_missions	0
00464d2f	scripts_missions	0
00464d36	scripts_missions	0
00464d4a	scripts_missions	0
00464d55	scripts_missions	0
00464d60	scripts_missions	0
00464d65	scripts_missions	0
00464d75	scripts_missions	0
00464daa	scripts_missions	0
00464dc0	scripts_missions	0
00464f50	scripts_missions	0
00464fe0	scripts_missions	0
00464ff0	scripts_missions	0
00465000	scripts_missions	0
00465040	scripts_missions	0
004650a5	scripts_missions	0
004650b3	scripts_missions	0
004650b9	scripts_missions	0
004650be	scripts_missions	0
004650c3	scripts_missions	0
004652b0	world_entities	0
004652d5	world_entities	0
004652da	world_entities	0
00465345	world_entities	0
0046534a	world_entities	0
0046534f	world_entities	0
00465352	world_entities	0
00465362	world_entities	0
00465368	world_entities	0
004654b5	world_entities	0
004655a0	world_entities	0
004655e0	world_entities	0
00465680	world_entities	0
00465975	scripts_missions	0
0046597a	scripts_missions	0
00465a40	scripts_missions	0
00465aa0	scripts_missions	0
00465c20	scripts_missions	0
00465e60	scripts_missions	0
00466de0	scripts_missions	0
004684f0	peds_ai	0
00468560	scripts_missions	0
00468719	scripts_missions	0
00468ced	scripts_missions	0
00468d0d	scripts_missions	0
00468d50	scripts_missions	0
00468dd7	scripts_missions	0
00469390	scripts_missions	0
00469eb0	scripts_missions	0
00469f00	scripts_missions	0
0046a000	scripts_missions	0
0046a097	scripts_missions	0
0046a290	peds_ai	0
0046a2a0	peds_ai	0
0046a2c0	peds_ai	0
0046a2d5	peds_ai	0
0046a2df	peds_ai	0
0046a2f5	peds_ai	0
0046a310	peds_ai	0
0046a330	peds_ai	0
0046a35f	peds_ai	0
0046a3a0	peds_ai	0
0046a400	peds_ai	0
0046a420	peds_ai	0
0046a440	peds_ai	0
0046a475	peds_ai	0
0046a490	peds_ai	0
0046a4f0	peds_ai	0
0046a500	peds_ai	0
0046a510	peds_ai	0
0046a520	peds_ai	0
0046a540	peds_ai	0
0046a550	peds_ai	0
0046a560	peds_ai	0
0046a570	world_entities	0
0046a590	world_entities	0
0046a5b0	world_entities	0
0046a5c0	world_entities	0
0046a5d0	world_entities	0
0046a5e0	world_entities	0
0046a5f0	world_entities	0
0046a600	world_entities	0
0046a610	world_entities	0
0046a620	world_entities	0
0046a650	peds_ai	0
0046a6b0	peds_ai	0
0046a6c0	peds_ai	0
0046a6e0	peds_ai	0
0046a6f0	peds_ai	0
0046a700	peds_ai	0
0046a710	peds_ai	0
0046a720	peds_ai	0
0046a740	world_entities	0
0046a760	world_entities	0
0046a7b0	world_entities	0
0046a7c5	scripts_missions	0
0046a7ca	scripts_missions	0
0046a7cf	scripts_missions	0
0046a7e5	scripts_missions	0
0046a7ec	scripts_missions	0
0046a7f1	scripts_missions	0
0046a7f6	scripts_missions	0
0046a810	scripts_missions	0
0046a818	scripts_missions	0
0046a860	scripts_missions	0
0046a890	scripts_missions	0
0046a898	scripts_missions	0
0046a8c5	scripts_missions	0
0046a8cf	scripts_missions	0
0046a8d9	scripts_missions	0
0046a8e3	scripts_missions	0
0046a8e8	scripts_missions	0
0046a8ed	scripts_missions	0
0046a905	scripts_missions	0
0046a90a	scripts_missions	0
0046a930	scripts_missions	0
0046a9ca	scripts_missions	0
0046a9d7	scripts_missions	0
0046a9dc	scripts_missions	0
0046a9e8	scripts_missions	0
0046a9f2	scripts_missions	0
0046a9fd	scripts_missions	0
0046aa4b	scripts_missions	0
0046aa50	scripts_missions	0
0046aa55	scripts_missions	0
0046aa5b	scripts_missions	0
0046aa85	scripts_missions	0
0046aa8c	scripts_missions	0
0046aa91	scripts_missions	0
0046aa96	scripts_missions	0
0046aacc	scripts_missions	0
0046aae5	scripts_missions	0
0046aaea	scripts_missions	0
0046aaf0	scripts_missions	0
0046ab00	scripts_missions	0
0046ab2a	peds_ai	0
0046ab2f	peds_ai	0
0046ab3e	peds_ai	0
0046ab43	peds_ai	0
0046ab65	peds_ai	0
0046ab6a	peds_ai	0
0046ab6f	peds_ai	0
0046ab74	peds_ai	0
0046ab8a	peds_ai	0
0046ab92	peds_ai	0
0046ac15	peds_ai	0
0046ac1b	peds_ai	0
0046ace0	peds_ai	0
0046acf0	peds_ai	0
0046ad50	peds_ai	0
0046ad70	peds_ai	0
0046ade0	peds_ai	0
0046ae00	peds_ai	0
0046ae30	peds_ai	0
0046ae40	peds_ai	0
0046ae85	peds_ai	0
0046aef0	peds_ai	0
0046af20	world_entities	0
0046af55	world_entities	0
0046b1a0	scripts_missions	0
0046b1a9	scripts_missions	0
0046b200	scripts_missions	0
0046b209	scripts_missions	0
0046b260	scripts_missions	0
0046b270	scripts_missions	0
0046b36a	scripts_missions	0
0046b395	scripts_missions	0
0046b39a	scripts_missions	0
0046b3d0	scripts_missions	0
0046b460	scripts_missions	0
0046cd80	scripts_missions	0
0046ced5	scripts_missions	0
0046cf00	scripts_missions	0
0046d03a	scripts_missions	0
0046d050	scripts_missions	0
0046ef50	peds_ai	0
0046eff0	peds_ai	0
0046f1e0	peds_ai	0
0046f570	peds_ai	0
0046f600	peds_ai	0
0046f610	peds_ai	0
0046f670	peds_ai	0
0046f690	peds_ai	0
0046f6a0	peds_ai	0
0046f800	peds_ai	0
0046fe60	peds_ai	0
0046fee0	peds_ai	0
0046ff20	scripts_missions	0
0046fff0	scripts_missions	0
0046ffff	scripts_missions	0
00470000	scripts_missions	0
00470010	scripts_missions	0
00470017	scripts_missions	0
00470030	scripts_missions	1
00470041	scripts_missions	0
00470042	scripts_missions	0
00470060	scripts_missions	0
00470075	scripts_missions	0
0047007a	scripts_missions	0
004700a0	scripts_missions	0
004700b5	scripts_missions	0
004700d0	scripts_missions	0
004700e0	scripts_missions	0
00470155	scripts_missions	0
00470375	scripts_missions	0
0047037b	scripts_missions	0
00470390	scripts_missions	0
004703c5	scripts_missions	0
004703cf	scripts_missions	0
004703d7	scripts_missions	0
004703dc	scripts_missions	0
004703e1	scripts_missions	0
004703ee	scripts_missions	0
004703fd	scripts_missions	0
00470485	scripts_missions	0
0047048f	scripts_missions	0
00470494	scripts_missions	0
00470499	scripts_missions	0
0047049e	scripts_missions	0
004704bc	scripts_missions	0
00470515	scripts_missions	0
00470625	streaming	0
0047062d	streaming	0
00470665	streaming	0
004706a5	streaming	0
004706c5	streaming	0
004706f0	streaming	0
00470810	streaming	0
0047081a	streaming	0
0047084c	streaming	0
00470851	streaming	0
0047085b	streaming	0
00470860	streaming	0
00470865	streaming	0
00470873	streaming	0
00470878	streaming	0
0047089a	streaming	0
004708a0	streaming	0
004708e5	streaming	0
004708ed	streaming	0
004708ff	streaming	0
00470900	streaming	0
00470910	streaming	0
00470940	scripts_missions	0
00470965	scripts_missions	0
0047096a	scripts_missions	0
0047096f	scripts_missions	0
00470971	scripts_missions	0
00470985	scripts_missions	0
00470a25	scripts_missions	0
00470a2f	scripts_missions	0
00470a35	scripts_missions	0
00470a43	scripts_missions	0
00470a48	scripts_missions	0
00470a4d	scripts_missions	0
00470a53	scripts_missions	0
00470a58	scripts_missions	0
00470a90	scripts_missions	0
004717e9	scripts_missions	0
00471858	scripts_missions	0
00472310	scripts_missions	0
00474540	peds_ai	0
00474560	peds_ai	0
00474570	peds_ai	0
00474580	peds_ai	0
00474590	peds_ai	0
004745a0	peds_ai	0
004745b0	peds_ai	0
004745c0	peds_ai	0
004745d0	peds_ai	0
004745e0	peds_ai	0
004745f0	peds_ai	0
00474600	peds_ai	0
00474625	peds_ai	0
00474632	peds_ai	0
00474637	peds_ai	0
00474640	peds_ai	0
004746a0	peds_ai	0
004746b0	peds_ai	0
004746c0	peds_ai	0
004746d0	peds_ai	0
004746e0	peds_ai	0
004746f0	scripts_missions	0
00474700	scripts_missions	0
00474710	scripts_missions	0
00474735	scripts_missions	0
0047473a	scripts_missions	0
00474755	scripts_missions	0
0047475a	scripts_missions	0
00474760	scripts_missions	0
00474800	scripts_missions	0
00474850	camera	0
00474870	camera	0
004748a0	camera	0
004748d0	peds_ai	0
00474900	scripts_missions	0
0047552d	scripts_missions	0
004756fa	scripts_missions	0
0047573a	scripts_missions	0
004762d0	scripts_missions	0
00477c0a	scripts_missions	0
00477da0	scripts_missions	0
00477dd8	scripts_missions	0
00477f90	scripts_missions	0
00478000	scripts_missions	0
0047803e	eh_funclets	0
00478089	eh_funclets	0
004780d1	eh_funclets	0
0047819f	eh_funclets	0
004781e1	eh_funclets	0
00478221	eh_funclets	0
00479a0d	peds_ai	0
00479af9	peds_ai	0
00479cd0	peds_ai	0
00479cf0	peds_ai	0
00479d10	peds_ai	0
00479d20	peds_ai	0
00479d30	peds_ai	0
00479d40	vehicles	0
00479d60	vehicles	0
00479d70	vehicles	0
00479d90	scripts_missions	0
00479da0	scripts_missions	0
0047a760	scripts_missions	0
0047c100	scripts_missions	0
0047d210	scripts_missions	0
0047e050	scripts_missions	0
0047e060	scripts_missions	0
0047e075	scripts_missions	0
0047e081	scripts_missions	0
0047e090	scripts_missions	0
0047f370	scripts_missions	0
0047fa30	scripts_missions	0
00481040	scripts_missions	0
00481050	scripts_missions	0
00481080	scripts_missions	0
00481145	scripts_missions	0
00481150	scripts_missions	0
00481290	scripts_missions	0
004812db	scripts_missions	0
004812ef	scripts_missions	0
004812f4	scripts_missions	0
00481300	scripts_missions	0
0048153d	scripts_missions	0
00483720	scripts_missions	0
00483971	scripts_missions	0
004839a0	scripts_missions	0
00483b35	scripts_missions	0
00483b3a	scripts_missions	0
00483b5b	scripts_missions	0
00483ba5	scripts_missions	0
00483bb5	scripts_missions	0
00483bba	scripts_missions	0
00483bc0	scripts_missions	0
00483bc5	scripts_missions	0
00483bd0	scripts_missions	0
0048409d	scripts_missions	0
004856b6	scripts_missions	0
00485860	scripts_missions	0
00485870	scripts_missions	0
00485880	scripts_missions	0
00485890	scripts_missions	0
004858a0	scripts_missions	0
004858b0	scripts_missions	0
004858c0	scripts_missions	0
004858d0	scripts_missions	0
004858e0	scripts_missions	0
004858f0	scripts_missions	0
00485900	scripts_missions	0
00485910	scripts_missions	0
004859d0	scripts_missions	0
00485a55	scripts_missions	0
00485a5a	scripts_missions	0
00485a5f	scripts_missions	0
00485a6c	scripts_missions	0
00485a80	scripts_missions	0
00485a85	scripts_missions	0
00485a90	scripts_missions	0
00485a96	scripts_missions	0
00485b10	scripts_missions	0
00485c20	scripts_missions	0
00485de0	scripts_missions	0
00485df0	scripts_missions	0
00485e00	scripts_missions	0
00485ef0	scripts_missions	0
00486110	scripts_missions	0
004861f0	scripts_missions	0
00486240	scripts_missions	0
00486300	scripts_missions	0
00486675	scripts_missions	0
0048667b	scripts_missions	0
004866c5	scripts_missions	0
004866ed	scripts_missions	0
004866f2	scripts_missions	0
004866f7	scripts_missions	0
004866fc	scripts_missions	0
0048670e	scripts_missions	0
00486713	scripts_missions	0
00486725	scripts_missions	0
0048672d	scripts_missions	0
0048678a	scripts_missions	0
004867c5	scripts_missions	0
004867d6	scripts_missions	0
004867db	scripts_missions	0
004867e0	scripts_missions	0
004867e5	scripts_missions	0
004867ea	scripts_missions	0
00486840	scripts_missions	0
00486990	scripts_missions	0
00486ae0	scripts_missions	0
00486af0	scripts_missions	0
00486b00	scripts_missions	0
00486d80	scripts_missions	0
004870f0	scripts_missions	0
004873f5	scripts_missions	0
00487420	scripts_missions	0
00487720	scripts_missions	0
00487a20	scripts_missions	0
00487d10	scripts_missions	0
00487f60	scripts_missions	0
004883c9	scripts_missions	0
004883f0	scripts_missions	0
00488780	scripts_missions	0
00488b50	scripts_missions	0
00488ec0	scripts_missions	0
00489150	scripts_missions	0
004893b0	scripts_missions	0
004893c0	scripts_missions	0
004893d0	scripts_missions	0
004893f0	scripts_missions	0
00489400	scripts_missions	0
00489411	scripts_missions	0
00489420	scripts_missions	0
00489435	eh_funclets	0
00489442	eh_funclets	0
0048944f	eh_funclets	0
0048945c	eh_funclets	0
00489490	scripts_missions	0
004894d6	scripts_missions	0
00489500	scripts_missions	0
0048a320	scripts_missions	0
0048b415	streaming	0
0048b540	streaming	0
0048b560	streaming	0
0048b570	streaming	0
0048b590	scripts_missions	0
0048bd08	scripts_missions	0
0048bd36	scripts_missions	0
0048cc5a	scripts_missions	0
0048cdd0	scripts_missions	0
0048de40	peds_ai	0
0048de50	peds_ai	0
0048de75	peds_ai	0
0048de7a	peds_ai	0
0048de80	peds_ai	0
0048de85	peds_ai	0
0048de8f	peds_ai	0
0048de95	peds_ai	0
0048dea0	peds_ai	0
0048deb0	peds_ai	0
0048df20	peds_ai	0
0048df35	peds_ai	0
0048df3e	peds_ai	0
0048df4e	peds_ai	0
0048df53	peds_ai	0
0048df60	peds_ai	0
0048dfd0	peds_ai	0
0048dfe5	peds_ai	0
0048dff2	peds_ai	0
0048dff7	peds_ai	0
0048dffc	peds_ai	0
0048e006	peds_ai	0
0048e008	peds_ai	0
0048e010	peds_ai	0
0048e080	peds_ai	0
0048e0a5	peds_ai	0
0048e0aa	peds_ai	0
0048e0b6	peds_ai	0
0048e0ce	peds_ai	0
0048e0e0	peds_ai	0
0048e0f0	peds_ai	0
0048e160	peds_ai	0
0048e170	peds_ai	0
0048e1d0	peds_ai	0
0048e205	peds_ai	0
0048e220	peds_ai	0
0048e280	peds_ai	0
0048e290	peds_ai	0
0048e2a0	peds_ai	0
0048e300	peds_ai	0
0048e310	peds_ai	0
0048e320	peds_ai	0
0048e340	peds_ai	0
0048e350	peds_ai	0
0048e390	peds_ai	0
0048e420	peds_ai	0
0048e430	peds_ai	0
0048e440	peds_ai	0
0048e4c0	peds_ai	0
0048e4e0	peds_ai	0
0048e530	peds_ai	0
0048e5d0	peds_ai	0
0048e5e0	peds_ai	0
0048e600	peds_ai	0
0048e615	peds_ai	0
0048e61b	peds_ai	0
0048e650	peds_ai	0
0048e6f0	peds_ai	0
0048e700	peds_ai	0
0048e720	peds_ai	0
0048e730	peds_ai	0
0048e780	peds_ai	0
0048e800	peds_ai	0
0048e810	peds_ai	0
0048e830	peds_ai	0
0048e880	peds_ai	0
0048e8a0	peds_ai	0
0048e8b0	peds_ai	0
0048e8c0	peds_ai	0
0048e8d0	peds_ai	0
0048e8e0	peds_ai	0
0048e910	peds_ai	0
0048e940	peds_ai	0
0048e975	peds_ai	0
0048e97a	peds_ai	0
0048e97f	peds_ai	0
0048e989	peds_ai	0
0048e98e	peds_ai	0
0048e9b0	peds_ai	0
0048e9c0	peds_ai	0
0048ea40	peds_ai	0
0048ea70	peds_ai	0
0048eaa0	scripts_missions	0
0048eb7a	scripts_missions	0
0048ef18	scripts_missions	0
00490db0	scripts_missions	0
004913b9	scripts_missions	0
00492c80	peds_ai	0
00492c90	peds_ai	0
00492cb5	peds_ai	0
00492cbb	peds_ai	0
00492cef	peds_ai	0
00492d00	peds_ai	0
00492d15	peds_ai	0
00492d29	peds_ai	0
00492d2f	peds_ai	0
00492d37	peds_ai	0
00492d40	peds_ai	0
00492d50	peds_ai	0
00492dd0	peds_ai	0
00492de0	peds_ai	0
00492df0	peds_ai	0
00492e10	peds_ai	0
00492e25	peds_ai	0
00492e2a	peds_ai	0
00492e70	peds_ai	0
00492ee0	peds_ai	0
00492ef0	peds_ai	0
00492f10	peds_ai	0
00492f20	world_entities	0
00492f40	world_entities	0
00492f60	world_entities	0
00492f70	world_entities	0
00492f80	world_entities	0
00492fa9	world_entities	0
00492fbd	world_entities	0
00492fd5	world_entities	0
00492fda	world_entities	0
00492fe0	world_entities	0
00492fea	world_entities	0
00492fef	world_entities	0
00492ff2	world_entities	0
00493005	world_entities	0
0049300a	world_entities	0
0049300f	world_entities	0
00493014	world_entities	0
00493019	world_entities	0
00493033	world_entities	0
00493160	scripts_missions	0
00493280	scripts_missions	0
00493360	scripts_missions	0
00493425	scripts_missions	0
0049342a	scripts_missions	0
00493477	scripts_missions	0
004934a2	scripts_missions	0
004934a7	scripts_missions	0
004934b6	scripts_missions	0
004934bb	scripts_missions	0
004934c5	scripts_missions	0
004934d2	scripts_missions	0
004934dc	scripts_missions	0
00493504	scripts_missions	0
004935a0	scripts_missions	0
004936c5	scripts_missions	0
004936eb	peds_ai	0
004936f0	peds_ai	0
00493710	peds_ai	0
00493720	peds_ai	0
00493735	peds_ai	0
0049373a	peds_ai	0
00493744	peds_ai	0
00493749	peds_ai	0
00493750	peds_ai	0
00493755	peds_ai	0
0049375e	peds_ai	0
00493763	peds_ai	0
0049379b	peds_ai	0
004937a7	peds_ai	0
004937a8	peds_ai	0
004937af	peds_ai	0
00493800	peds_ai	0
00493810	peds_ai	0
00493870	peds_ai	0
00493924	scripts_missions	0
00493929	scripts_missions	0
00493938	scripts_missions	0
0049393d	scripts_missions	0
00493949	scripts_missions	0
00493957	scripts_missions	0
00493960	scripts_missions	0
004939f0	scripts_missions	0
00493e30	scripts_missions	0
00493e48	scripts_missions	0
00493fe0	scripts_missions	0
004945f7	scripts_missions	0
00494626	scripts_missions	0
00495dfe	peds_ai	0
00495f90	peds_ai	0
00495fb0	peds_ai	0
00496060	peds_ai	0
00496080	peds_ai	0
00496270	peds_ai	0
00496600	peds_ai	0
00496760	peds_ai	0
00496dc0	peds_ai	0
00496e00	scripts_missions	0
00499120	scripts_missions	0
00499150	scripts_missions	0
00499180	scripts_missions	0
004991b0	scripts_missions	0
004991e0	scripts_missions	0
00499210	scripts_missions	0
00499240	scripts_missions	0
00499260	scripts_missions	0
00499280	scripts_missions	0
004992a0	scripts_missions	0
004992c0	scripts_missions	0
004992e0	scripts_missions	0
00499300	scripts_missions	0
00499320	scripts_missions	0
00499340	scripts_missions	0
00499360	scripts_missions	0
00499380	scripts_missions	0
004993a0	scripts_missions	0
004993c0	scripts_missions	0
004993d5	scripts_missions	0
004993da	scripts_missions	0
00499430	scripts_missions	0
00499440	scripts_missions	0
004994c0	scripts_missions	0
004994e0	scripts_missions	0
004994f5	scripts_missions	0
00499500	scripts_missions	0
00499690	scripts_missions	0
004997a0	scripts_missions	0
004997e0	scripts_missions	0
00499820	scripts_missions	0
00499860	scripts_missions	0
004998a0	scripts_missions	0
00499a80	scripts_missions	0
0049a9d5	scripts_missions	0
0049aa05	scripts_missions	0
0049aa0a	scripts_missions	0
0049aa0f	scripts_missions	0
0049aa36	scripts_missions	0
0049aa3c	scripts_missions	0
0049aa4e	scripts_missions	0
0049aa70	scripts_missions	0
0049aaa0	scripts_missions	0
0049aad0	scripts_missions	0
0049aada	scripts_missions	0
0049ab15	scripts_missions	0
0049ab35	scripts_missions	0
0049ab3b	scripts_missions	0
0049ab40	scripts_missions	0
0049ab45	scripts_missions	0
0049ab4a	scripts_missions	0
0049ab50	scripts_missions	0
0049ab55	scripts_missions	0
0049ab5b	scripts_missions	0
0049ab67	scripts_missions	0
0049ab72	scripts_missions	0
0049ab78	scripts_missions	0
0049ab90	scripts_missions	0
0049ac90	scripts_missions	0
0049acda	scripts_missions	0
0049ad20	scripts_missions	0
0049ad50	scripts_missions	0
0049ada5	scripts_missions	0
0049adab	scripts_missions	0
0049adaf	scripts_missions	0
0049adbb	scripts_missions	0
0049adc6	scripts_missions	0
0049ade5	scripts_missions	0
0049adea	scripts_missions	0
0049adf3	scripts_missions	0
0049ae03	scripts_missions	0
0049ae15	scripts_missions	0
0049ae21	scripts_missions	0
0049ae35	scripts_missions	0
0049ae3a	scripts_missions	0
0049af15	scripts_missions	0
0049af1a	scripts_missions	0
0049af1f	scripts_missions	0
0049af90	scripts_missions	0
0049afd0	scripts_missions	0
0049b015	scripts_missions	0
0049b01a	scripts_missions	0
0049b01f	scripts_missions	0
0049b024	scripts_missions	0
0049b03f	scripts_missions	0
0049b0e0	scripts_missions	0
0049b1b9	scripts_missions	0
0049b1f0	scripts_missions	0
0049b205	scripts_missions	0
0049b20a	scripts_missions	0
0049b229	scripts_missions	0
0049b245	scripts_missions	0
0049b280	scripts_missions	0
0049b3c0	scripts_missions	0
0049b5ea	scripts_missions	0
0049b5f1	scripts_missions	0
0049b5f6	scripts_missions	0
0049b600	scripts_missions	0
0049b615	scripts_missions	0
0049b620	scripts_missions	0
0049b625	scripts_missions	0
0049b62a	scripts_missions	0
0049b630	scripts_missions	0
0049b6a0	scripts_missions	0
0049b8d0	scripts_missions	0
0049bb3a	scripts_missions	0
0049bbba	scripts_missions	0
0049bbe0	scripts_missions	0
0049bc4d	scripts_missions	0
0049bdd0	scripts_missions	0
0049be50	scripts_missions	0
0049be70	scripts_missions	0
0049bef5	scripts_missions	0
0049beff	scripts_missions	0
0049bf07	scripts_missions	0
0049bf70	scripts_missions	0
0049bf8a	scripts_missions	0
0049c265	scripts_missions	0
0049c290	scripts_missions	0
0049c2d0	core_math_containers	0
0049c300	core_math_containers	0
0049c360	vehicles	0
0049c370	vehicles	0
0049c380	vehicles	0
0049c390	vehicles	0
0049c3d0	vehicles	0
0049c3f0	vehicles	0
0049c420	vehicles	0
0049c440	vehicles	0
0049c490	vehicles	0
0049c8f5	models	0
0049c8fc	models	0
0049c906	models	0
0049c912	models	0
0049c918	models	0
0049c91d	models	0
0049c950	models	0
0049c9aa	models	0
0049c9af	models	0
0049c9b9	models	0
0049c9c6	models	0
0049ca55	models	0
0049ca5a	models	0
0049ca68	models	0
0049ca7e	models	0
0049ca83	models	0
0049ca85	models	0
0049ca8a	models	0
0049ca8f	models	0
0049ca95	models	0
0049cb1a	models	0
0049cb31	models	0
0049cb45	models	0
0049cb92	models	0
0049cb9f	models	0
0049cbaf	models	0
0049cbc5	models	0
0049cbc7	models	0
0049cbcd	models	0
0049cbd2	models	0
0049cbd9	models	0
0049cbde	models	0
0049cbe3	models	0
0049cbee	models	0
0049cbf3	models	0
0049cbf7	models	0
0049cc20	models	0
0049cc40	models	0
0049cc55	models	0
0049cc5a	models	0
0049cc65	models	0
0049cc6a	render	0
0049cc70	render	0
0049cc95	render	0
0049ccb0	render	0
0049cce0	render	0
0049cd30	render	0
0049cd50	render	0
0049cda0	render	0
0049cde5	render	0
0049cdec	render	0
0049cdf9	render	0
0049cdfe	render	0
0049ce08	render	0
0049ce15	render	0
0049ce1a	render	0
0049ce1f	render	0
0049ce24	render	0
0049ce33	render	0
0049ce38	render	0
0049ce40	render	0
0049cea0	render	0
0049cec0	render	0
0049cf90	render	0
0049cfe0	render	0
0049d089	render	0
0049d0b0	render	0
0049d160	render	0
0049d1e0	render	0
0049d1f0	render	0
0049d200	render	0
0049d210	render	0
0049d220	render	0
0049d2d5	world_entities	0
0049d2dc	world_entities	0
0049d315	world_entities	0
0049d31a	world_entities	0
0049d31f	world_entities	0
0049d324	world_entities	0
0049d329	world_entities	0
0049d337	world_entities	0
0049d33d	world_entities	0
0049d350	world_entities	0
0049d3a0	world_entities	0
0049d400	world_entities	0
0049d420	world_entities	0
0049d4d0	world_entities	0
0049d520	world_entities	0
0049d580	world_entities	0
0049d5a0	world_entities	0
0049d610	world_entities	0
0049dab0	world_entities	0
0049e5e0	fx	0
0049e5f0	fx	0
0049e600	fx	0
0049e620	fx	0
0049e630	fx	0
0049e640	fx	0
0049e650	fx	0
0049e660	fx	0
0049e850	fx	0
0049e950	fx	0
0049ea40	fx	0
0049ea50	fx	0
0049ea60	fx	0
0049ea80	fx	0
0049ea90	fx	0
0049eae0	fx	0
0049eb00	fx	0
0049ee10	fx	0
0049f040	fx	0
0049f300	fx	0
0049f3d0	fx	0
0049f670	fx	0
0049f750	fx	0
0049f970	fx	0
0049fb30	fx	0
0049ff20	fx	0
004a0170	fx	0
004a03c0	fx	0
004a0610	fx	0
004a088a	fx	0
004a09c0	fx	0
004a0c3a	fx	0
004a0d70	fx	0
004a0de0	fx	0
004a0fa0	fx	0
004a1070	fx	0
004a10e0	fx	0
004a1150	fx	0
004a11c0	fx	0
004a11e0	fx	0
004a1280	fx	0
004a12d0	fx	0
004a1320	fx	0
004a1340	platform_os	0
004a1360	platform_os	0
004a1390	platform_os	0
004a13a0	platform_os	0
004a13b0	fx	0
004a1410	fx	0
004a1600	fx	0
004a1660	fx	0
004a1780	fx	0
004a18b0	fx	0
004a18d0	fx	0
004a18f0	fx	0
004a1900	fx	0
004a1920	fx	0
004a1940	fx	0
004a1c7a	fx	0
004a21d0	fx	0
004a24d0	fx	0
004a2508	fx	0
004a2510	fx	0
004a2550	fx	0
004a256e	fx	0
004a2570	fx	0
004a257a	fx	0
004a2580	fx	0
004a2b1a	fx	0
004a2b20	fx	0
004a2b40	fx	0
004a2b90	fx	0
004a2bc0	fx	0
004a2c40	fx	0
004a3ea0	fx	0
004a4050	fx	0
004a41e0	fx	0
004a4459	fx	0
004a4460	fx	0
004a4480	fx	0
004a44a0	fx	0
004a44c0	fx	0
004a44e0	fx	0
004a4500	fx	0
004a4520	fx	0
004a4540	fx	0
004a4560	fx	0
004a4580	fx	0
004a45a0	fx	0
004a45c0	fx	0
004a45e0	fx	0
004a4600	fx	0
004a4620	fx	0
004a4640	fx	0
004a4660	fx	0
004a4680	fx	0
004a46a0	fx	0
004a46c0	fx	0
004a46e0	fx	0
004a4700	fx	0
004a4720	fx	0
004a4740	fx	0
004a4760	fx	0
004a4780	fx	0
004a47a0	fx	0
004a47c0	fx	0
004a47e0	fx	0
004a4800	fx	0
004a4820	fx	0
004a4840	fx	0
004a4860	fx	0
004a4880	fx	1
004a4940	fx	0
004a4950	fx	0
004a4960	fx	0
004a4a10	fx	0
004a4a80	fx	0
004a4aea	fx	0
004a4b30	fx	0
004a4b40	fx	0
004a4b60	fx	0
004a4c20	fx	0
004a4c90	fx	0
004a4cb0	fx	0
004a4d00	fx	0
004a4d70	fx	0
004a4d90	fx	0
004a4dc0	fx	0
004a4e30	fx	0
004a4e45	fx	0
004a4e50	fx	0
004a4e90	fx	0
004a4f00	fx	0
004a4f20	fx	0
004a4f50	fx	0
004a4fc0	fx	0
004a4fe0	fx	0
004a5010	fx	0
004a5080	fx	0
004a50a0	fx	0
004a50e0	fx	0
004a5150	fx	0
004a5170	fx	0
004a51b0	fx	0
004a5220	fx	0
004a5240	fx	0
004a5270	fx	0
004a52e0	fx	0
004a5300	fx	0
004a5355	fx	0
004a5450	fx	0
004a54c0	fx	0
004a54e0	fx	0
004a5550	fx	0
004a55c0	fx	0
004a55e0	fx	0
004a5650	fx	0
004a56c0	fx	0
004a56e0	fx	0
004a57c0	fx	0
004a5830	fx	0
004a5850	fx	0
004a5980	fx	0
004a59f0	fx	0
004a5a10	fx	0
004a5a80	fx	0
004a5aa0	fx	0
004a5b20	fx	0
004a5b90	fx	0
004a5bb0	fx	0
004a5cb0	fx	0
004a5d20	fx	0
004a5d40	fx	0
004a5da0	fx	0
004a5df0	fx	0
004a5e10	fx	0
004a5e20	fx	0
004a5e70	fx	0
004a5e90	fx	0
004a5ea0	fx	0
004a5f10	fx	0
004a5f30	fx	0
004a5fa0	fx	0
004a6010	fx	0
004a6030	fx	0
004a60b0	fx	0
004a6120	fx	0
004a6140	fx	0
004a61a0	fx	0
004a61f0	fx	0
004a6210	fx	0
004a6220	fx	0
004a6290	fx	0
004a62b0	fx	0
004a6320	fx	0
004a6390	fx	0
004a63b0	fx	0
004a6440	fx	0
004a64b0	fx	0
004a64d0	fx	0
004a6550	fx	0
004a65c0	fx	0
004a65e0	fx	0
004a6630	fx	0
004a66a0	fx	0
004a66c0	fx	0
004a6760	fx	0
004a67b0	fx	0
004a67c0	fx	0
004a67d0	fx	0
004a6840	fx	0
004a6860	fx	0
004a68e0	fx	0
004a6950	fx	0
004a6970	fx	0
004a6a00	fx	0
004a6a70	fx	0
004a6a90	fx	0
004a6ae0	fx	0
004a6b00	fx	0
004a6b50	fx	0
004a6b70	fx	0
004a6bc0	fx	0
004a6be0	fx	0
004a6c30	fx	0
004a6c50	fx	0
004a6ca0	fx	0
004a6cc0	fx	0
004a6d10	fx	0
004a6d30	fx	0
004a6d80	fx	0
004a6da0	fx	0
004a6df0	fx	0
004a6e10	fx	0
004a6e60	fx	0
004a6e80	fx	0
004a6ed0	fx	0
004a6ef0	fx	0
004a6f40	fx	0
004a6f60	fx	0
004a6fb0	fx	0
004a6fd0	fx	0
004a7020	fx	0
004a7040	fx	0
004a7090	fx	0
004a70b0	fx	0
004a7100	fx	0
004a7390	fx	0
004a73b0	fx	0
004a7400	fx	0
004a7420	fx	0
004a7470	fx	0
004a7490	fx	0
004a74e0	fx	0
004a7500	fx	0
004a7550	fx	0
004a7570	fx	0
004a75c0	fx	0
004a75e0	fx	0
004a7630	fx	0
004a7650	fx	0
004a76a0	fx	0
004a76c0	fx	0
004a7710	fx	0
004a7730	fx	0
004a7780	fx	0
004a77a0	fx	0
004a77f0	fx	0
004a7810	fx	0
004a7860	fx	0
004a7880	fx	0
004a78d0	fx	0
004a78f0	fx	0
004a7940	fx	0
004a7960	fx	0
004a79b0	fx	0
004a79d0	fx	0
004a7a20	fx	0
004a7a40	fx	0
004a7a90	fx	0
004a7ab0	fx	0
004a7b00	fx	0
004a8389	fx	0
004a8410	fx	0
004a8430	fx	0
004a8440	fx	0
004a8460	fx	0
004a8470	fx	0
004a85c0	fx	0
004a87d0	fx	0
004a87f0	fx	0
004a8800	fx	0
004a8990	fx	0
004a89b0	fx	0
004a89c0	fx	0
004a8b50	fx	0
004a8b70	fx	0
004a8b80	fx	0
004a8d10	fx	0
004a8d30	fx	0
004a8d50	fx	0
004a8d70	fx	0
004a8d90	fx	0
004a8db0	fx	0
004a8dc0	fx	0
004a8dd0	fx	0
004a8de0	fx	0
004a8df0	fx	0
004a8e30	fx	0
004a8e70	fx	0
004a8eb0	fx	0
004a8ec0	fx	0
004a8ed0	fx	0
004a8f10	fx	0
004a8f70	fx	0
004a8fd0	fx	0
004a8ff0	fx	0
004a9000	fx	0
004a9010	fx	0
004a9060	fx	0
004a9070	fx	0
004a9080	fx	0
004a9090	fx	0
004a90a0	fx	0
004a9110	fx	0
004a9130	fx	0
004a9140	fx	0
004a92a0	fx	0
004a9340	fx	0
004a9360	fx	0
004a93b0	fx	0
004a93c0	fx	0
004a93e0	fx	0
004a9400	fx	0
004a9440	fx	0
004a9460	fx	0
004a9470	fx	0
004a94e0	fx	0
004a9500	fx	0
004a95c0	fx	0
004a96b0	fx	0
004a9810	fx	0
004a98b0	fx	0
004a98bd	fx	0
004a98e0	fx	0
004a99b0	fx	0
004a9a10	fx	0
004a9a80	fx	0
004a9ae0	fx	0
004a9bb0	fx	0
004a9be0	fx	0
004a9c10	fx	0
004a9c20	fx	0
004a9c30	fx	0
004a9c80	fx	0
004a9c90	fx	0
004a9ca0	fx	0
004a9cd0	fx	0
004a9cf0	fx	0
004a9d20	fx	0
004a9dc0	fx	0
004a9f20	fx	0
004a9f40	fx	0
004a9f50	fx	0
004a9f60	audio	0
004a9f70	fx	0
004a9f80	fx	0
004a9fc0	fx	0
004aa010	fx	0
004aa030	fx	0
004aa0d0	fx	0
004aa100	fx	0
004aa120	fx	0
004aa130	fx	0
004aa160	fx	0
004aa179	fx	0
004aa1b0	fx	0
004aa1f0	fx	0
004aa200	fx	0
004aa260	fx	0
004aa2f0	fx	0
004aa370	fx	0
004aa390	fx	0
004aa3ad	fx	0
004aa3d0	fx	0
004aa3f0	fx	0
004aa400	fx	0
004aa440	fx	0
004aa540	fx	0
004aa610	fx	0
004aa630	fx	0
004aa660	fx	0
004aa690	fx	0
004aa6c0	fx	0
004aa6f0	fx	0
004aa710	fx	0
004aa730	fx	0
004aa750	fx	0
004aa840	fx	0
004aa890	fx	0
004aa8c0	fx	0
004aa900	fx	0
004aa910	fx	0
004aa930	fx	0
004aa9a0	fx	0
004aaa40	fx	0
004aaad0	fx	0
004aab50	fx	0
004aab80	fx	0
004aabf0	fx	0
004aac50	fx	0
004aac70	fx	0
004aac90	fx	0
004aaee0	audio	0
004aaf00	fx	0
004aaf30	fx	0
004aaf70	fx	0
004ab270	fx	0
004ab290	fx	0
004ab2d0	fx	0
004ab310	peds_ai	0
004ab320	peds_ai	0
004ab330	peds_ai	0
004ab340	peds_ai	0
004ab370	peds_ai	0
004ab3dd	peds_ai	0
004ab420	peds_ai	0
004ab5a0	peds_ai	0
004ab5e0	peds_ai	0
004ab650	peds_ai	0
004ab6a0	peds_ai	0
004ab6d0	peds_ai	0
004ab700	peds_ai	0
004ab73d	peds_ai	0
004ab760	peds_ai	0
004ab7c0	peds_ai	0
004ab840	peds_ai	0
004ab8a0	peds_ai	0
004ab900	peds_ai	0
004ab980	peds_ai	0
004ab990	peds_ai	0
004ab9b0	peds_ai	0
004ab9c0	peds_ai	0
004aba20	peds_ai	0
004aba50	peds_ai	1
004abaa0	peds_ai	0
004abac0	peds_ai	0
004abb40	world_entities	0
004abb50	world_entities	0
004abb60	world_entities	0
004abb70	world_entities	0
004abb80	world_entities	0
004abb90	world_entities	0
004abba0	world_entities	0
004abbe0	unclassified	0
004abc00	peds_ai	0
004abc20	peds_ai	0
004abc30	peds_ai	0
004abc60	peds_ai	0
004abc70	peds_ai	0
004abc90	peds_ai	0
004abca0	peds_ai	0
004abcc0	peds_ai	0
004abcd0	peds_ai	0
004abce0	peds_ai	0
004abcf0	peds_ai	0
004abd00	peds_ai	0
004abd10	peds_ai	0
004abd20	peds_ai	0
004abd30	peds_ai	0
004abd40	peds_ai	0
004abd50	peds_ai	0
004abd60	peds_ai	0
004abd70	peds_ai	0
004abd80	peds_ai	0
004abd90	peds_ai	0
004abda0	peds_ai	0
004abdc0	peds_ai	0
004abdf0	peds_ai	0
004abe30	peds_ai	0
004abe40	peds_ai	0
004abe50	peds_ai	0
004abe60	peds_ai	0
004abe70	peds_ai	0
004abe80	peds_ai	0
004abe90	peds_ai	0
004abea0	peds_ai	0
004abed0	peds_ai	0
004abee0	peds_ai	0
004abef0	peds_ai	0
004abf00	render	0
004abf10	render	0
004abf20	render	0
004abf30	render	0
004abf40	render	0
004abf50	render	0
004abf70	render	0
004abf80	unclassified	0
004abf90	peds_ai	0
004abfa0	peds_ai	0
004abfb0	peds_ai	0
004abfc0	peds_ai	0
004abfe0	peds_ai	0
004abff0	peds_ai	0
004ac000	peds_ai	0
004ac010	peds_ai	0
004ac020	peds_ai	0
004ac050	peds_ai	0
004ac0d0	peds_ai	0
004ac0f0	peds_ai	0
004ac130	peds_ai	0
004ac160	peds_ai	0
004ac1c0	peds_ai	0
004ac1d0	peds_ai	0
004ac1e0	peds_ai	0
004ac2a0	peds_ai	0
004ac2e0	peds_ai	0
004ac2ed	peds_ai	0
004ac350	peds_ai	0
004ac370	peds_ai	0
004ac3b0	peds_ai	0
004ac3f0	peds_ai	0
004ac400	peds_ai	0
004ac410	peds_ai	0
004ac450	peds_ai	0
004ac490	peds_ai	0
004ac4a0	peds_ai	0
004ac5a0	peds_ai	0
004ac610	peds_ai	0
004ac6b0	peds_ai	0
004ac6c0	peds_ai	0
004ac6d0	peds_ai	0
004ac6e0	peds_ai	0
004ac700	peds_ai	0
004ac710	peds_ai	0
004ac720	peds_ai	0
004ac780	peds_ai	0
004ac810	peds_ai	0
004ac830	peds_ai	0
004ac840	peds_ai	0
004ac8f0	peds_ai	0
004ac900	peds_ai	0
004ac910	peds_ai	0
004ac920	peds_ai	0
004ac980	peds_ai	0
004ac990	peds_ai	0
004aca40	peds_ai	0
004aca50	peds_ai	0
004aca60	peds_ai	0
004aca70	peds_ai	0
004acad0	peds_ai	0
004acb10	peds_ai	0
004accf0	peds_ai	0
004acda0	peds_ai	0
004acdb0	peds_ai	0
004acdc0	peds_ai	0
004acdd0	peds_ai	0
004ace30	peds_ai	0
004ace80	peds_ai	0
004acef0	peds_ai	0
004acf00	peds_ai	0
004acfb0	peds_ai	0
004acfc0	peds_ai	0
004acfd0	peds_ai	0
004acfe0	peds_ai	0
004acff0	peds_ai	0
004ad050	peds_ai	0
004ad070	peds_ai	0
004ad1e0	peds_ai	0
004ad250	peds_ai	0
004ad2e0	peds_ai	0
004ad2f0	peds_ai	0
004ad300	peds_ai	0
004ad310	peds_ai	0
004ad320	peds_ai	0
004ad330	peds_ai	0
004ad3a0	peds_ai	0
004ad3c0	peds_ai	0
004ad3f0	peds_ai	0
004ad420	peds_ai	0
004ad430	peds_ai	0
004ad550	peds_ai	0
004ad610	peds_ai	0
004ad7b2	peds_ai	0
004ad800	peds_ai	0
004ad830	peds_ai	0
004ad910	peds_ai	0
004ad920	peds_ai	0
004ad930	peds_ai	0
004ad940	peds_ai	0
004ad950	peds_ai	0
004ad960	peds_ai	0
004ad9c0	peds_ai	0
004ada70	peds_ai	0
004ada90	peds_ai	0
004adae0	peds_ai	0
004adb00	peds_ai	0
004adbf0	peds_ai	0
004adc10	peds_ai	0
004adcfa	peds_ai	0
004add60	peds_ai	0
004add9d	peds_ai	0
004addf0	peds_ai	0
004ade20	peds_ai	0
004ade30	peds_ai	0
004ade40	peds_ai	0
004ade50	peds_ai	0
004ade80	peds_ai	0
004ade90	peds_ai	0
004adea0	peds_ai	0
004adf20	peds_ai	0
004adf30	peds_ai	0
004adf40	peds_ai	0
004adf50	peds_ai	0
004adf60	peds_ai	0
004adf70	peds_ai	0
004adfd0	peds_ai	0
004ae030	peds_ai	0
004ae040	peds_ai	0
004ae050	peds_ai	0
004ae060	peds_ai	0
004ae070	peds_ai	0
004ae0d0	peds_ai	0
004ae0e0	peds_ai	0
004ae100	peds_ai	0
004ae1a0	peds_ai	0
004ae210	peds_ai	0
004ae220	peds_ai	0
004ae230	peds_ai	0
004ae250	peds_ai	0
004ae260	peds_ai	0
004ae270	peds_ai	0
004ae2d0	peds_ai	0
004ae320	peds_ai	0
004ae390	peds_ai	0
004ae3a0	peds_ai	0
004ae3b0	peds_ai	0
004ae3c0	peds_ai	0
004ae420	peds_ai	0
004ae5c0	peds_ai	0
004ae5d0	peds_ai	0
004ae640	peds_ai	0
004ae650	peds_ai	0
004ae660	peds_ai	0
004ae670	peds_ai	0
004ae6d0	peds_ai	0
004ae6e0	peds_ai	0
004ae760	peds_ai	0
004ae770	peds_ai	0
004ae780	peds_ai	0
004ae790	peds_ai	0
004ae7a0	peds_ai	0
004ae800	peds_ai	0
004ae950	peds_ai	0
004ae990	peds_ai	0
004aea00	peds_ai	0
004aea10	peds_ai	0
004aea20	peds_ai	0
004aea30	peds_ai	0
004aea40	peds_ai	0
004aea50	peds_ai	0
004aeac0	peds_ai	0
004aeb40	peds_ai	0
004aeb50	peds_ai	0
004aeb60	peds_ai	0
004aeb70	peds_ai	0
004aeb80	peds_ai	0
004aeb90	peds_ai	0
004aec00	peds_ai	0
004aec50	peds_ai	0
004aec70	peds_ai	0
004aec80	peds_ai	0
004aec90	peds_ai	0
004aeca0	peds_ai	0
004aecb0	peds_ai	0
004aecd0	peds_ai	0
004aed30	peds_ai	0
004aed40	peds_ai	0
004aed50	peds_ai	0
004aed60	peds_ai	0
004aedc0	peds_ai	0
004aedf0	peds_ai	0
004aee60	peds_ai	0
004aee70	peds_ai	0
004aee80	peds_ai	0
004aee90	peds_ai	0
004aeea0	peds_ai	0
004aef00	peds_ai	0
004af010	peds_ai	0
004af070	peds_ai	0
004af080	peds_ai	0
004af090	peds_ai	0
004af0a0	peds_ai	0
004af100	peds_ai	0
004af130	peds_ai	0
004af190	peds_ai	0
004af1a0	peds_ai	0
004af1b0	peds_ai	0
004af1c0	peds_ai	0
004af220	peds_ai	0
004af240	peds_ai	0
004af2a0	peds_ai	0
004af2b0	peds_ai	0
004af2c0	peds_ai	0
004af2d0	peds_ai	0
004af330	peds_ai	0
004af350	peds_ai	0
004af3d0	peds_ai	0
004af3e0	peds_ai	0
004af3f0	peds_ai	0
004af400	peds_ai	0
004af460	peds_ai	0
004af4b0	peds_ai	0
004af670	peds_ai	0
004af6d0	peds_ai	0
004af6e0	peds_ai	0
004af6f0	peds_ai	0
004af700	peds_ai	0
004af760	peds_ai	0
004af820	peds_ai	0
004af890	peds_ai	0
004af8f0	peds_ai	0
004af970	peds_ai	0
004afa30	peds_ai	0
004afa90	peds_ai	0
004afb50	peds_ai	0
004afbc0	peds_ai	0
004afbd0	peds_ai	0
004afbe0	peds_ai	0
004afbf0	peds_ai	0
004afc50	peds_ai	0
004afc70	peds_ai	0
004afcb0	peds_ai	0
004afcc0	peds_ai	0
004afcd0	peds_ai	0
004afce0	peds_ai	0
004afcf0	peds_ai	0
004afdd0	peds_ai	0
004afe70	peds_ai	0
004afee0	peds_ai	0
004aff60	peds_ai	0
004b0020	peds_ai	0
004b06f0	peds_ai	0
004b0700	peds_ai	0
004b0770	peds_ai	0
004b0780	peds_ai	0
004b0790	peds_ai	0
004b07a0	peds_ai	0
004b07b0	peds_ai	0
004b0810	peds_ai	0
004b08a0	peds_ai	0
004b09c0	peds_ai	0
004b09e0	peds_ai	0
004b0a00	peds_ai	0
004b0a30	peds_ai	0
004b0a40	peds_ai	0
004b0a50	peds_ai	0
004b0aa0	peds_ai	0
004b0ab0	peds_ai	0
004b0af0	peds_ai	0
004b0b20	peds_ai	0
004b0ba0	peds_ai	0
004b0c00	peds_ai	0
004b0cb0	peds_ai	0
004b0cd0	peds_ai	0
004b0ce0	peds_ai	0
004b0cf0	peds_ai	0
004b0d00	peds_ai	0
004b0d10	peds_ai	0
004b0d70	peds_ai	0
004b0d80	peds_ai	0
004b0d90	peds_ai	0
004b0da0	peds_ai	0
004b0e00	peds_ai	0
004b0e60	peds_ai	0
004b0e80	peds_ai	0
004b0ea0	peds_ai	0
004b0ec0	peds_ai	0
004b0ee0	peds_ai	0
004b0ef0	peds_ai	0
004b0f70	peds_ai	0
004b0f80	peds_ai	0
004b1010	peds_ai	0
004b1040	peds_ai	0
004b1050	peds_ai	0
004b10c0	peds_ai	0
004b1130	peds_ai	0
004b1140	peds_ai	0
004b1150	peds_ai	0
004b1160	peds_ai	0
004b1170	peds_ai	0
004b11d0	peds_ai	0
004b1290	peds_ai	0
004b12e0	peds_ai	0
004b12f0	peds_ai	0
004b1300	peds_ai	0
004b1310	peds_ai	0
004b1320	peds_ai	0
004b1330	peds_ai	0
004b1370	peds_ai	0
004b1390	peds_ai	0
004b13a0	peds_ai	0
004b13b0	peds_ai	0
004b13c0	peds_ai	0
004b13d0	peds_ai	0
004b1420	peds_ai	0
004b1490	peds_ai	0
004b14f0	peds_ai	0
004b1500	peds_ai	0
004b1510	peds_ai	0
004b1520	peds_ai	0
004b1580	peds_ai	0
004b15b0	peds_ai	0
004b1600	peds_ai	0
004b1640	peds_ai	0
004b1680	peds_ai	0
004b16c0	peds_ai	0
004b1700	peds_ai	0
004b1740	peds_ai	0
004b17c0	peds_ai	0
004b17d0	peds_ai	0
004b17e0	peds_ai	0
004b17f0	peds_ai	0
004b1860	peds_ai	0
004b18d0	peds_ai	0
004b1960	peds_ai	0
004b1970	peds_ai	0
004b1980	peds_ai	0
004b1990	peds_ai	0
004b1a00	peds_ai	0
004b1a70	peds_ai	0
004b1a90	peds_ai	0
004b1ae0	peds_ai	0
004b1b10	peds_ai	0
004b1b20	peds_ai	0
004b1b30	peds_ai	0
004b1b40	peds_ai	0
004b1b50	peds_ai	0
004b1b60	peds_ai	0
004b1bd0	peds_ai	0
004b1be0	peds_ai	0
004b1bf0	peds_ai	0
004b1c00	peds_ai	0
004b1c10	peds_ai	0
004b1c70	peds_ai	0
004b1ca0	peds_ai	0
004b1cc0	peds_ai	0
004b1d20	peds_ai	0
004b1d30	peds_ai	0
004b1d40	peds_ai	0
004b1d50	peds_ai	0
004b1db0	peds_ai	0
004b1e20	peds_ai	0
004b1ed0	peds_ai	0
004b1ee0	peds_ai	0
004b1ef0	peds_ai	0
004b1f00	peds_ai	0
004b1f10	peds_ai	0
004b1f50	peds_ai	0
004b1f60	peds_ai	0
004b1f70	peds_ai	0
004b1f80	peds_ai	0
004b1f90	peds_ai	0
004b1fc0	peds_ai	0
004b1fd0	peds_ai	0
004b2030	peds_ai	0
004b2040	peds_ai	0
004b2050	peds_ai	0
004b2060	peds_ai	0
004b2070	peds_ai	0
004b2080	peds_ai	0
004b20f0	peds_ai	0
004b2100	peds_ai	0
004b2110	peds_ai	0
004b2120	peds_ai	0
004b2130	peds_ai	0
004b2190	peds_ai	0
004b21f0	peds_ai	0
004b2200	peds_ai	0
004b2210	peds_ai	0
004b2270	peds_ai	0
004b2350	peds_ai	0
004b2390	peds_ai	0
004b23a0	peds_ai	0
004b23d0	peds_ai	0
004b2440	peds_ai	0
004b2450	peds_ai	0
004b2460	peds_ai	0
004b2470	peds_ai	0
004b24d0	peds_ai	0
004b2520	peds_ai	0
004b2530	peds_ai	0
004b2580	peds_ai	0
004b25e0	peds_ai	0
004b2600	peds_ai	0
004b2670	peds_ai	0
004b2680	peds_ai	0
004b2690	peds_ai	0
004b26a0	peds_ai	0
004b2700	peds_ai	0
004b2730	peds_ai	0
004b2740	peds_ai	0
004b2760	peds_ai	0
004b2790	peds_ai	0
004b27b0	peds_ai	0
004b27d0	peds_ai	0
004b2850	peds_ai	0
004b2950	peds_ai	0
004b29a0	peds_ai	0
004b29e0	peds_ai	0
004b2ae0	peds_ai	0
004b2b00	peds_ai	0
004b2cd0	peds_ai	0
004b2ee0	peds_ai	0
004b3120	peds_ai	0
004b3210	peds_ai	0
004b33b0	peds_ai	0
004b3420	peds_ai	0
004b3440	peds_ai	0
004b35a0	peds_ai	0
004b38d0	peds_ai	0
004b3a20	peds_ai	0
004b3a60	peds_ai	0
004b3e0a	peds_ai	0
004b3fc0	peds_ai	0
004b4830	peds_ai	0
004b4950	peds_ai	0
004b4a50	peds_ai	0
004b4aa0	peds_ai	0
004b4ac0	peds_ai	0
004b4e80	peds_ai	0
004b4ee0	peds_ai	0
004b4fd0	peds_ai	0
004b50b0	peds_ai	0
004b5120	peds_ai	0
004b5240	peds_ai	0
004b5354	peds_ai	0
004b53c0	peds_ai	0
004b5470	peds_ai	0
004b54e0	peds_ai	0
004b5570	peds_ai	0
004b55e0	peds_ai	0
004b5620	peds_ai	1
004b5630	peds_ai	1
004b5670	peds_ai	0
004b56c0	peds_ai	0
004b5730	peds_ai	0
004b57a0	peds_ai	0
004b58e0	peds_ai	0
004b5930	peds_ai	0
004b5980	peds_ai	0
004b59d0	peds_ai	0
004b5a20	peds_ai	0
004b5a70	peds_ai	0
004b5ac0	peds_ai	0
004b5c2a	peds_ai	0
004b5cf0	peds_ai	0
004b5d40	peds_ai	0
004b5db0	peds_ai	0
004b5e00	peds_ai	0
004b5e50	peds_ai	0
004b5ea0	peds_ai	0
004b5ef0	peds_ai	0
004b5f40	peds_ai	0
004b5f90	peds_ai	0
004b5fe0	peds_ai	0
004b6030	peds_ai	0
004b6080	peds_ai	0
004b60d0	peds_ai	0
004b6120	peds_ai	0
004b6170	peds_ai	0
004b61c0	peds_ai	0
004b6210	peds_ai	0
004b6260	peds_ai	0
004b62b0	peds_ai	0
004b6300	peds_ai	0
004b6350	peds_ai	0
004b63a0	peds_ai	0
004b63f0	peds_ai	0
004b6440	peds_ai	0
004b6490	peds_ai	0
004b64d0	peds_ai	0
004b6520	peds_ai	0
004b6570	peds_ai	0
004b65c0	peds_ai	0
004b6610	peds_ai	0
004b6660	peds_ai	0
004b66b0	peds_ai	0
004b6700	peds_ai	0
004b6750	peds_ai	0
004b67a0	peds_ai	0
004b67f0	peds_ai	0
004b6840	peds_ai	0
004b6890	peds_ai	0
004b6940	peds_ai	0
004b6990	peds_ai	0
004b69e0	peds_ai	0
004b6a30	peds_ai	0
004b6a80	peds_ai	0
004b6ad0	peds_ai	0
004b6b20	peds_ai	0
004b6bc0	peds_ai	0
004b6c40	peds_ai	0
004b6cc0	peds_ai	0
004b6d40	peds_ai	0
004b6dc0	peds_ai	0
004b6e30	peds_ai	0
004b6e70	peds_ai	0
004b6ee0	peds_ai	0
004b6f40	peds_ai	0
004b6fb0	peds_ai	0
004b7020	peds_ai	0
004b7090	peds_ai	0
004b7100	peds_ai	0
004b7170	peds_ai	0
004b71e0	peds_ai	0
004b7210	peds_ai	0
004b7280	peds_ai	0
004b72f0	peds_ai	0
004b7360	peds_ai	0
004b73d0	peds_ai	0
004b7440	peds_ai	0
004b74b0	peds_ai	0
004b7520	peds_ai	0
004b7590	peds_ai	0
004b7630	peds_ai	0
004b76a0	peds_ai	0
004b76d0	peds_ai	0
004b7740	peds_ai	0
004b77b0	peds_ai	0
004b7810	peds_ai	0
004b7840	peds_ai	0
004b78b0	peds_ai	0
004b7920	peds_ai	0
004b7960	peds_ai	0
004b79d0	peds_ai	0
004b7a40	peds_ai	0
004b7a70	peds_ai	0
004b7ac0	peds_ai	0
004b7b30	peds_ai	0
004b7ba0	peds_ai	0
004b7c10	peds_ai	0
004b7c80	peds_ai	0
004b7cd0	peds_ai	0
004b7df0	peds_ai	0
004b7e50	peds_ai	0
004b7e60	peds_ai	0
004b7e80	peds_ai	0
004b7e90	peds_ai	0
004b7ea0	peds_ai	0
004b7ec0	peds_ai	0
004b7ed0	peds_ai	0
004b7ee0	peds_ai	0
004b7ef0	peds_ai	0
004b7f00	peds_ai	0
004b7f10	peds_ai	0
004b7f20	peds_ai	0
004b8060	peds_ai	0
004b8070	peds_ai	0
004b8080	peds_ai	0
004b8090	peds_ai	0
004b80a0	peds_ai	0
004b80b0	peds_ai	0
004b80d0	peds_ai	0
004b80e0	peds_ai	0
004b80f0	peds_ai	0
004b8100	peds_ai	0
004b8110	peds_ai	0
004b8120	peds_ai	0
004b8130	peds_ai	0
004b8140	peds_ai	0
004b8150	peds_ai	0
004b8160	peds_ai	0
004b8170	peds_ai	0
004b8300	peds_ai	0
004b8320	peds_ai	0
004b8330	peds_ai	0
004b8340	peds_ai	0
004b8390	peds_ai	0
004b83a0	peds_ai	0
004b83c0	peds_ai	0
004b83d0	peds_ai	0
004b83e0	peds_ai	0
004b83f0	peds_ai	0
004b8400	peds_ai	0
004b8410	peds_ai	0
004b8420	peds_ai	0
004b8430	peds_ai	0
004b8440	peds_ai	0
004b8450	peds_ai	0
004b8460	peds_ai	0
004b8470	peds_ai	0
004b8480	peds_ai	0
004b84d0	peds_ai	0
004b84e0	peds_ai	0
004b84f0	peds_ai	0
004b8500	peds_ai	0
004b8510	peds_ai	0
004b8520	peds_ai	0
004b8530	peds_ai	0
004b8540	peds_ai	0
004b8560	peds_ai	0
004b8570	peds_ai	0
004b8580	peds_ai	0
004b8590	peds_ai	0
004b85a0	peds_ai	0
004b85b0	peds_ai	0
004b85d0	peds_ai	0
004b85e0	peds_ai	0
004b85f0	peds_ai	0
004b8600	peds_ai	0
004b8610	peds_ai	0
004b8620	peds_ai	0
004b8630	peds_ai	0
004b8640	peds_ai	0
004b8650	peds_ai	0
004b8660	peds_ai	0
004b8670	peds_ai	0
004b8690	peds_ai	0
004b86c0	peds_ai	0
004b8720	peds_ai	0
004b8730	peds_ai	0
004b8750	peds_ai	0
004b8760	peds_ai	0
004b8770	peds_ai	0
004b8780	peds_ai	0
004b8790	peds_ai	0
004b87b0	peds_ai	0
004b8810	peds_ai	0
004b8820	peds_ai	0
004b8840	peds_ai	0
004b8850	peds_ai	0
004b8870	peds_ai	0
004b88d0	peds_ai	0
004b88e0	peds_ai	0
004b8900	peds_ai	0
004b8910	peds_ai	0
004b8920	peds_ai	0
004b8950	peds_ai	0
004b89c0	peds_ai	0
004b89d0	peds_ai	0
004b89f0	peds_ai	0
004b8a00	peds_ai	0
004b8a30	peds_ai	0
004b8aa0	peds_ai	0
004b8ab0	peds_ai	0
004b8ad0	peds_ai	0
004b8ae0	peds_ai	0
004b8af0	peds_ai	0
004b8b00	peds_ai	0
004b8b10	peds_ai	0
004b8b20	peds_ai	0
004b8b30	peds_ai	0
004b8b40	peds_ai	0
004b8b50	peds_ai	0
004b8b60	peds_ai	0
004b8b70	peds_ai	0
004b8b90	peds_ai	0
004b8bf0	peds_ai	0
004b8c20	peds_ai	0
004b8c40	peds_ai	0
004b8c60	peds_ai	0
004b8c80	peds_ai	0
004b8ca0	peds_ai	0
004b8cb0	peds_ai	0
004b8cc0	peds_ai	0
004b8ce0	peds_ai	0
004b92b0	peds_ai	0
004b9340	peds_ai	0
004b9400	peds_ai	0
004b9470	peds_ai	0
004b96d0	peds_ai	0
004b97a0	peds_ai	0
004b97b0	peds_ai	0
004b98e0	peds_ai	0
004b99f0	peds_ai	0
004b9aa0	peds_ai	0
004b9b50	peds_ai	0
004b9be0	peds_ai	0
004b9c90	peds_ai	0
004b9d40	peds_ai	0
004b9dd0	peds_ai	0
004b9f80	peds_ai	0
004b9ff0	peds_ai	0
004ba7a5	peds_ai	0
004ba7c0	peds_ai	0
004ba8b0	peds_ai	0
004ba990	peds_ai	0
004baa30	peds_ai	0
004baad0	peds_ai	0
004bac10	peds_ai	0
004bad50	peds_ai	0
004bae20	peds_ai	0
004bae30	peds_ai	0
004baf80	peds_ai	0
004bafe0	peds_ai	0
004bb050	peds_ai	0
004bb0c0	peds_ai	0
004bb130	peds_ai	0
004bb280	peds_ai	0
004bb2e0	peds_ai	0
004bb740	peds_ai	0
004bb800	peds_ai	0
004bbb90	peds_ai	0
004bbc30	peds_ai	0
004bbcd0	peds_ai	0
004bbe30	peds_ai	0
004bbf50	peds_ai	0
004bbfb0	peds_ai	0
004bc050	peds_ai	0
004bc150	peds_ai	0
004bc1d0	peds_ai	0
004bc230	peds_ai	0
004bc370	peds_ai	0
004bc3e0	peds_ai	0
004bc440	peds_ai	0
004bc450	peds_ai	0
004bc460	peds_ai	0
004bc470	peds_ai	0
004bc4a0	peds_ai	0
004bc4b0	peds_ai	0
004bc550	peds_ai	0
004bc580	peds_ai	0
004bc600	peds_ai	0
004bc710	peds_ai	0
004bcb52	peds_ai	0
004bcc30	peds_ai	0
004bd6a0	peds_ai	0
004bdb80	peds_ai	0
004be7d0	peds_ai	0
004bf2b0	peds_ai	0
004bf9b0	peds_ai	0
004c0170	peds_ai	0
004c0bd0	peds_ai	0
004c1590	peds_ai	0
004c1910	peds_ai	0
004c19a0	peds_ai	0
004c2432	peds_ai	0
004c2610	peds_ai	0
004c2840	peds_ai	0
004c2fc0	peds_ai	0
004c3430	peds_ai	0
004c35f0	peds_ai	0
004c3740	peds_ai	0
004c3790	peds_ai	0
004c3820	peds_ai	0
004c3870	peds_ai	0
004c3cc9	peds_ai	0
004c3e30	peds_ai	0
004c3e80	peds_ai	0
004c3ec0	peds_ai	0
004c3f10	peds_ai	0
004c4220	peds_ai	0
004c42f0	models	0
004c4310	models	0
004c4340	renderware	0
004c4360	models	0
004c4440	models	0
004c44b0	models	0
004c44d0	models	0
004c4530	models	0
004c4570	models	0
004c47e0	models	0
004c4859	models	0
004c48b0	models	0
004c48d0	models	0
004c4910	models	0
004c4923	models	0
004c4960	models	0
004c49d0	models	0
004c4a00	models	0
004c4a10	models	0
004c4a30	models	0
004c4a40	renderware	0
004c4a60	models	0
004c4a80	models	0
004c4a90	models	0
004c4aa0	models	0
004c4ab0	models	0
004c4ac0	models	0
004c4ad0	models	0
004c4ae0	models	0
004c4af0	models	0
004c4b10	models	0
004c4b40	models	0
004c4b70	models	0
004c4b80	models	0
004c4b90	models	0
004c4ba0	models	0
004c4bb0	models	0
004c4bc0	models	0
004c4c00	models	0
004c4c20	models	0
004c4c30	models	0
004c4c40	models	0
004c4c70	models	0
004c4d20	models	0
004c4d50	models	0
004c4dc0	file_loading	0
004c4df0	models	0
004c4e00	models	0
004c4e10	models	0
004c4e30	models	0
004c4e40	models	0
004c4e70	models	0
004c4ef0	models	0
004c4f30	models	0
004c4f70	models	0
004c5053	models	0
004c5110	models	0
004c5140	models	0
004c5200	models	0
004c5250	models	0
004c5280	models	0
004c52a0	models	0
004c52f0	models	0
004c5345	models	0
004c534d	models	0
004c5350	models	0
004c5390	models	0
004c53c0	models	0
004c5400	models	0
004c5440	models	0
004c5460	models	0
004c54e0	renderware	0
004c5510	models	0
004c5520	models	0
004c5530	models	0
004c5540	models	0
004c5560	models	0
004c5570	models	0
004c5580	models	0
004c5590	models	0
004c55a0	models	0
004c55c0	models	0
004c55d0	models	0
004c55e0	models	0
004c5600	models	0
004c5610	models	0
004c5620	models	0
004c5630	models	0
004c5640	models	0
004c5660	models	0
004c5670	models	0
004c5680	models	0
004c5690	models	0
004c56c0	models	0
004c56d0	models	0
004c56e0	models	0
004c56f0	models	0
004c5710	models	0
004c5720	models	0
004c5730	models	0
004c5740	models	0
004c5750	models	0
004c5760	models	0
004c5780	models	0
004c5790	models	0
004c57a0	models	0
004c57c0	models	0
004c57d0	renderware	0
004c5840	renderware	0
004c5860	renderware	0
004c5880	models	0
004c58a0	models	0
004c58c0	models	0
004c58e0	models	0
004c5900	models	0
004c5920	models	0
004c5930	models	0
004c5940	file_loading	0
004c59b0	file_loading	0
004c59b8	file_loading	0
004c59f0	file_loading	0
004c5a20	file_loading	0
004c5a60	file_loading	0
004c5a70	file_loading	0
004c5aa0	file_loading	0
004c5ad0	file_loading	0
004c5b00	file_loading	0
004c5b30	file_loading	0
004c5b60	file_loading	0
004c5b90	file_loading	0
004c5bc0	file_loading	0
004c5bf0	file_loading	0
004c5c20	file_loading	0
004c5c50	file_loading	0
004c5c80	file_loading	0
004c5cb0	file_loading	0
004c5ce0	file_loading	0
004c5cf0	file_loading	0
004c5d00	file_loading	0
004c5d10	file_loading	0
004c5d40	file_loading	0
004c5d50	file_loading	0
004c5d60	file_loading	0
004c5d70	file_loading	0
004c5da0	file_loading	0
004c5db0	file_loading	0
004c5dc0	file_loading	0
004c5dd0	file_loading	0
004c5e00	file_loading	0
004c5e10	file_loading	0
004c5e20	file_loading	0
004c5e30	file_loading	0
004c5e60	file_loading	0
004c5e70	file_loading	0
004c5e80	file_loading	0
004c5e90	file_loading	0
004c5ec0	file_loading	0
004c5ed0	file_loading	0
004c5ee0	file_loading	0
004c5ef0	file_loading	0
004c5f20	file_loading	0
004c5f30	file_loading	0
004c5f45	file_loading	0
004c5f50	file_loading	0
004c5f80	file_loading	0
004c5f90	file_loading	0
004c5fb0	file_loading	0
004c5fc0	file_loading	0
004c5fd0	file_loading	0
004c5fe0	file_loading	0
004c5ff0	file_loading	0
004c6000	file_loading	0
004c6010	file_loading	0
004c6020	file_loading	0
004c6050	file_loading	0
004c6080	file_loading	0
004c60b0	file_loading	0
004c60e0	file_loading	0
004c6110	file_loading	0
004c6140	file_loading	0
004c6174	file_loading	0
004c61a0	file_loading	0
004c61d0	file_loading	0
004c6200	file_loading	0
004c6210	models	0
004c6230	models	0
004c6250	models	0
004c6270	models	0
004c6290	models	0
004c62b0	models	0
004c62d0	models	0
004c62f0	models	0
004c6350	models	0
004c6370	models	0
004c6390	file_loading	0
004c63b0	file_loading	0
004c63e0	file_loading	0
004c6620	file_loading	0
004c6650	file_loading	0
004c6680	file_loading	0
004c66b0	file_loading	0
004c66e0	file_loading	0
004c6710	file_loading	0
004c6740	file_loading	0
004c6770	file_loading	0
004c67a0	file_loading	0
004c67d0	file_loading	0
004c6800	file_loading	0
004c6810	file_loading	0
004c6a70	file_loading	0
004c6a80	file_loading	0
004c6aa0	file_loading	0
004c6ac0	file_loading	0
004c6ae0	file_loading	0
004c6b10	file_loading	0
004c6b30	file_loading	0
004c6b40	file_loading	0
004c6b50	file_loading	0
004c6b70	file_loading	0
004c6bd0	file_loading	0
004c6c20	file_loading	0
004c6c50	models	0
004c6c80	models	0
004c6c90	models	0
004c6ce0	models	0
004c6cf0	models	0
004c6d40	models	0
004c6d50	models	0
004c6d60	models	0
004c6d90	models	0
004c6e3a	models	0
004c6f70	models	0
004c7170	models	0
004c7300	models	0
004c7340	models	0
004c7390	models	0
004c73a0	models	0
004c73b0	models	0
004c73c0	models	0
004c73d0	models	0
004c73e0	models	0
004c73f0	models	0
004c7400	models	0
004c7410	models	0
004c7470	models	0
004c74b0	models	0
004c74d0	models	0
004c7510	models	0
004c75a0	models	0
004c75c0	models	0
004c75e0	models	0
004c7630	models	0
004c7650	models	0
004c7660	models	0
004c7670	models	0
004c76d0	models	0
004c7700	models	0
004c7720	models	0
004c7790	models	0
004c77c0	models	0
004c77e0	models	0
004c7870	models	0
004c7930	models	0
004c79a0	models	0
004c7a30	models	0
004c7aa0	models	0
004c7b10	models	0
004c7b90	models	0
004c7bb0	models	0
004c7bd0	models	0
004c7c10	models	0
004c7d20	models	0
004c7dd0	models	0
004c7e10	models	0
004c7e50	models	0
004c7f80	models	0
004c7fb0	models	1
004c802a	models	0
004c8040	models	0
004c8120	models	0
004c8200	models	0
004c8220	models	0
004c83b0	models	0
004c83e0	models	0
004c8430	models	0
004c8460	models	0
004c8490	models	0
004c84b0	models	0
004c8500	models	0
004c86b0	models	0
004c86d0	models	0
004c8700	models	0
004c8740	models	0
004c8750	models	0
004c8770	models	0
004c8780	models	0
004c87d0	models	0
004c8810	models	0
004c8840	models	0
004c88b0	models	0
004c88f0	models	0
004c88f4	models	0
004c8900	models	0
004c8970	models	0
004c8980	models	0
004c89b0	models	0
004c8b00	models	0
004c8b30	models	0
004c8b60	models	0
004c8bd0	models	0
004c8c90	models	0
004c8ce0	models	0
004c8cf0	models	0
004c8d10	models	0
004c8d40	models	0
004c8d60	models	0
004c8e10	models	0
004c8e30	models	0
004c8e60	models	0
004c9360	models	0
004c9410	models	0
004c9430	models	0
004c9450	models	0
004c94c0	models	0
004c9530	models	0
004c9570	models	0
004c9580	models	0
004c95c0	models	0
004c9680	models	0
004c97e0	models	0
004c9800	models	0
004c9840	models	0
004c9890	models	0
004c98f0	models	0
004c9910	models	0
004c9970	renderware	0
004c9990	models	0
004c9a60	models	0
004c9a80	models	0
004c9ab0	models	0
004c9e80	models	0
004c9e90	models	0
004c9ea0	models	0
004c9ec0	models	0
004c9ed0	models	0
004c9f40	models	0
004c9f70	models	0
004c9f90	models	0
004ca290	models	0
004ca4e0	models	0
004ca540	models	0
004ca5a0	models	0
004caae0	models	0
004cad90	models	0
004cae40	models	0
004cae60	models	0
004cae80	models	0
004caea0	models	0
004cb49a	models	0
004cb4c0	models	0
004cb4e0	models	0
004cb520	models	0
004cb530	models	0
004cb560	models	0
004cb5b0	models	0
004cb5e0	models	0
004cb640	models	0
004cb6dd	models	0
004cb700	models	0
004cb730	models	0
004cb7c0	models	0
004cb9c0	models	0
004cbb00	models	0
004cbc92	animation	0
004cbcb0	animation	0
004cbd40	animation	0
004cbd50	animation	0
004cbd80	animation	0
004cbde0	animation	0
004cbe20	crt_lib	0
004cbe80	animation	0
004cbee0	animation	0
004cbf20	animation	0
004cbf80	animation	0
004cbf8a	animation	0
004cbfd0	animation	0
004cc020	animation	0
004cc070	animation	0
004cc0c0	animation	0
004cc150	animation	0
004cc170	animation	0
004cc1d0	animation	0
004cc55a	animation	0
004cc580	animation	0
004cc5c0	animation	0
004cc970	animation	0
004ccd4e	animation	0
004ccd70	animation	0
004cce60	animation	0
004cd029	animation	0
004cd050	animation	0
004cd250	crt_lib	0
004cd360	animation	0
004cd4d0	animation	0
004cd820	animation	0
004cdde0	animation	0
004cddf0	animation	0
004cde00	animation	0
004cde10	animation	0
004cde20	animation	0
004cde30	animation	0
004cde40	animation	0
004cde50	file_loading	0
004cde60	animation	0
004cde70	animation	0
004cde90	animation	0
004cde9d	animation	0
004cdf30	animation	0
004cdf50	animation	0
004cdfb0	animation	0
004cdff0	animation	0
004ce020	animation	0
004ce040	animation	0
004ce090	animation	0
004ce0b0	animation	0
004ce130	animation	0
004ce1b0	animation	0
004ce1d0	animation	0
004ce200	animation	0
004ce220	animation	0
004ce3b0	animation	0
004ce5c0	animation	0
004ce6e0	animation	0
004ce800	animation	0
004ce820	animation	0
004ce850	animation	0
004ce860	animation	0
004ce870	animation	0
004ce880	animation	0
004ce890	animation	0
004ce8a0	animation	0
004ce8b0	animation	0
004ce8c0	animation	0
004ce8d0	animation	0
004ce8e0	animation	0
004ce8f0	animation	0
004ce910	animation	0
004ce940	animation	0
004ce960	animation	0
004ce9a0	animation	0
004ce9b0	animation	0
004ce9f0	animation	0
004cea40	animation	0
004cea50	animation	0
004cea80	animation	0
004ceb40	animation	0
004ceb60	animation	0
004ceb70	animation	0
004ceb80	animation	0
004ceba0	animation	0
004cebc0	animation	0
004cebe0	animation	0
004cec00	animation	0
004cec20	animation	0
004cecf0	animation	0
004ced50	animation	0
004cee40	animation	0
004ceec0	animation	0
004cef30	animation	0
004cef60	animation	0
004cefa0	animation	0
004cefc0	animation	0
004cf020	animation	0
004cf080	animation	0
004cf0e0	animation	0
004cf100	animation	0
004cf140	animation	0
004cf190	animation	0
004cf1d0	animation	0
004cf1e0	animation	0
004cf1f0	animation	0
004cf220	animation	0
004cf250	animation	0
004cf270	animation	0
004cf290	animation	0
004cf2d0	animation	0
004cf2f0	animation	0
004cf36d	animation	0
004cf3e0	animation	0
004cf4e0	animation	0
004cf510	animation	0
004cf560	animation	0
004cf590	animation	0
004cf5f0	animation	0
004cf6c0	animation	0
004cf760	animation	0
004cf800	animation	0
004cf8a0	animation	0
004cf8ba	animation	0
004cf8e0	animation	0
004cf980	animation	0
004cf990	animation	0
004cf9b0	core_math_containers	0
004cf9e0	core_math_containers	0
004cfa00	core_math_containers	0
004cfa30	animation	0
004cfa90	animation	0
004cfaf0	animation	0
004cfb10	animation	0
004cfb60	animation	0
004cfb70	animation	0
004cfb90	animation	0
004cfc50	animation	0
004cfd90	animation	0
004cfe60	animation	0
004cffff	animation	0
004d0000	animation	0
004d00c0	core_math_containers	0
004d00e0	animation	0
004d0160	animation	0
004d0190	animation	0
004d0240	animation	0
004d0350	animation	0
004d04a0	animation	0
004d0570	animation	0
004d0650	animation	0
004d06c0	animation	0
004d08d0	animation	0
004d0b70	animation	0
004d0b80	animation	0
004d0b90	animation	0
004d0bb0	animation	0
004d0bc0	animation	0
004d0c10	animation	0
004d0c30	animation	0
004d0c50	animation	0
004d0c70	animation	0
004d0c90	animation	0
004d0cd0	animation	0
004d0d40	animation	0
004d0e8a	animation	0
004d0f40	animation	0
004d1120	animation	0
004d1150	animation	0
004d1180	animation	0
004d1190	animation	0
004d12a0	animation	0
004d12b0	animation	0
004d12c0	core_math_containers	0
004d12f0	core_math_containers	0
004d1320	core_math_containers	0
004d1350	core_math_containers	0
004d1360	core_math_containers	0
004d1370	animation	0
004d1380	animation	0
004d1390	animation	0
004d13a0	animation	0
004d13d0	animation	0
004d1490	animation	0
004d1570	renderware	0
004d15e0	renderware	0
004d1610	core_math_containers	0
004d1680	core_math_containers	1
004d1a50	core_math_containers	1
004d1db0	core_math_containers	1
004d2100	core_math_containers	1
004d224d	core_math_containers	0
004d2450	core_math_containers	1
004d2598	core_math_containers	0
004d27f0	animation	1
004d2938	animation	0
004d2b90	animation	1
004d2c2d	animation	0
004d2e10	animation	1
004d2e40	animation	1
004d30a0	animation	1
004d317d	animation	0
004d32d0	animation	1
004d339a	animation	0
004d34f0	renderware	0
004d3780	animation	0
004d3790	animation	0
004d37a0	animation	0
004d37b0	animation	0
004d37d0	core_math_containers	0
004d37f0	core_math_containers	0
004d3800	core_math_containers	0
004d3810	core_math_containers	0
004d3820	core_math_containers	0
004d3830	core_math_containers	0
004d3840	core_math_containers	0
004d3850	core_math_containers	0
004d3860	core_math_containers	0
004d3870	core_math_containers	0
004d3880	core_math_containers	0
004d3890	file_loading	0
004d38a0	file_loading	0
004d38b0	file_loading	0
004d38d0	file_loading	0
004d38e0	file_loading	0
004d3940	file_loading	0
004d3990	file_loading	0
004d39b0	file_loading	0
004d39f0	file_loading	0
004d3a20	file_loading	0
004d3a30	file_loading	0
004d3a40	file_loading	0
004d3a60	file_loading	0
004d3a80	file_loading	0
004d3aa0	file_loading	0
004d3b30	file_loading	0
004d3ba0	file_loading	0
004d3bbd	file_loading	0
004d3c80	file_loading	0
004d3cad	file_loading	0
004d3cc0	file_loading	0
004d3e50	file_loading	0
004d3eb0	file_loading	0
004d3ec0	file_loading	0
004d3ed0	file_loading	0
004d3efd	file_loading	0
004d3f40	file_loading	0
004d3fb0	file_loading	0
004d3fd0	file_loading	0
004d3ff0	file_loading	0
004d4010	file_loading	0
004d4020	file_loading	0
004d4030	file_loading	0
004d4040	file_loading	0
004d4050	file_loading	0
004d4060	file_loading	0
004d4080	file_loading	0
004d40a0	file_loading	0
004d40c0	file_loading	0
004d4100	file_loading	0
004d4130	file_loading	0
004d41b4	file_loading	0
004d41c0	file_loading	0
004d42a0	file_loading	0
004d42f0	file_loading	0
004d4330	file_loading	0
004d4410	file_loading	0
004d445d	file_loading	0
004d4610	file_loading	0
004d47f0	file_loading	0
004d55d0	file_loading	0
004d5620	file_loading	0
004d56f0	file_loading	1
004d57e9	file_loading	0
004d58a0	unclassified	0
004d5970	platform_os	0
004d5980	platform_os	0
004d59b0	platform_os	0
004d59e0	platform_os	0
004d5a00	platform_os	0
004d5a20	scripts_missions	0
004d5ab0	scripts_missions	0
004d5af0	scripts_missions	0
004d5c10	scripts_missions	0
004d5d00	scripts_missions	0
004d5d10	scripts_missions	0
004d5db0	scripts_missions	0
004d5e20	scripts_missions	0
004d5e50	scripts_missions	0
004d5e60	scripts_missions	0
004d5e80	scripts_missions	0
004d5ed0	scripts_missions	0
004d5f00	renderware	0
004d5f20	animation	0
004d5f40	unclassified	0
004d5f50	renderware	0
004d5f90	renderware	1
004d5fa0	renderware	0
004d60c0	renderware	0
004d60e0	renderware	0
004d6110	renderware	1
004d6150	renderware	0
004d6200	animation	0
004d6220	animation	0
004d6240	animation	0
004d6270	animation	0
004d62a0	renderware	0
004d6310	animation	0
004d6340	animation	0
004d6370	renderware	0
004d63e0	animation	0
004d6400	renderware	0
004d6430	animation	0
004d6450	animation	0
004d64a0	renderware	0
004d6500	animation	0
004d6510	renderware	0
004d6610	audio	0
004d6640	audio	0
004d6670	audio	0
004d66a0	audio	0
004d6720	renderware	0
004d6760	renderware	0
004d6790	renderware	0
004d67e0	renderware	0
004d6820	renderware	0
004d6870	renderware	0
004d68b0	renderware	0
004d68e0	renderware	0
004d6910	renderware	0
004d69a0	renderware	0
004d69bd	audio	0
004d69f0	renderware	0
004d6a30	renderware	0
004d6a70	renderware	0
004d6a8a	audio	0
004d6ab0	renderware	0
004d6ad0	renderware	0
004d6b00	renderware	0
004d6b30	renderware	0
004d6b60	renderware	0
004d6b80	renderware	0
004d6bb0	renderware	0
004d6be0	renderware	0
004d6c00	renderware	0
004d6c30	renderware	0
004d6c70	audio	0
004d6c90	audio	0
004d6ca0	audio	0
004d6cc0	audio	0
004d6cf0	audio	0
004d6d00	audio	0
004d6d0f	eh_funclets	0
004d6d12	eh_funclets	0
004d6d15	eh_funclets	0
004d6d18	eh_funclets	0
004d6d40	audio	0
004d6d50	audio	0
004d6d60	audio	0
004d6da0	audio	0
004d6df0	audio	0
004d6e60	audio	0
004d76c0	audio	0
004d7851	audio	0
004d7880	audio	0
004d7890	audio	0
004d7910	audio	0
004d7950	audio	0
004d7980	audio	0
004d7990	audio	0
004d79a0	audio	0
004d79d0	audio	0
004d79f0	audio	0
004d7a10	audio	0
004d7a50	audio	0
004d7a70	audio	0
004d7aa0	audio	0
004d7b50	audio	0
004d7bd0	audio	0
004d7c00	audio	0
004d7c60	audio	0
004d7d00	audio	0
004d7e30	audio	0
004d7e40	audio	0
004d7f20	audio	0
004d7f60	audio	0
004d8010	audio	0
004d80b0	audio	0
004d8340	audio	0
004d8370	audio	0
004d8380	audio	0
004d8390	audio	0
004d83a0	audio	0
004d83b0	audio	0
004d83d0	audio	0
004d83e0	audio	0
004d8429	audio	0
004d8490	audio	0
004d8670	audio	0
004d8690	audio	0
004d86b0	audio	0
004d8810	audio	0
004d8820	audio	0
004d884d	audio	0
004d8870	audio	0
004d88a0	audio	0
004d88c0	audio	0
004d88d0	audio	0
004d88e0	audio	0
004d8920	audio	0
004d8960	audio	0
004d8990	audio	0
004d89dd	audio	0
004d8da0	audio	0
004d8e30	audio	0
004d8e40	audio	0
004d8e50	audio	0
004d8e60	audio	0
004d8e90	audio	0
004d8eb0	audio	0
004d8ed0	audio	0
004d8ef0	audio	0
004d8f00	audio	0
004d8f10	audio	0
004d8f30	audio	0
004d8f50	audio	0
004d8f60	audio	0
004d8f70	audio	0
004d8f80	audio	0
004d8f90	audio	0
004d8fa0	audio	0
004d94a0	audio	0
004d94d0	audio	0
004d94e0	audio	0
004d9500	audio	0
004d9530	audio	0
004d9540	audio	0
004d9550	audio	0
004d9560	audio	0
004d9570	audio	0
004d9580	audio	0
004d9590	audio	0
004d95a0	audio	0
004d95b0	audio	0
004d95c0	audio	0
004d95d0	audio	0
004d95e0	audio	0
004d95f0	audio	0
004d960d	audio	0
004d9630	audio	0
004d9640	audio	0
004d97a0	audio	0
004d9870	audio	0
004d9930	audio	0
004d9af9	audio	0
004d9c10	audio	0
004d9c50	audio	0
004d9c80	audio	0
004d9cc0	audio	0
004d9d90	audio	0
004d9e10	audio	0
004d9e50	audio	0
004d9e80	audio	0
004d9ef0	audio	0
004d9f40	audio	0
004d9fa0	audio	0
004d9fb0	audio	0
004d9fc0	world_entities	0
004d9fd0	world_entities	0
004d9fe0	world_entities	0
004d9ff0	world_entities	0
004da000	world_entities	0
004da010	world_entities	0
004da020	world_entities	0
004da030	world_entities	0
004da050	audio	0
004da070	audio	0
004da175	audio	0
004da190	audio	0
004da2c0	audio	0
004da320	audio	0
004da370	audio	0
004da510	audio	0
004da540	audio	0
004da830	audio	0
004daa50	audio	0
004daaa0	audio	0
004daac0	audio	0
004dab60	audio	0
004dae40	audio	0
004db150	audio	0
004db186	audio	0
004db450	audio	0
004db7c0	audio	0
004db8fc	audio	0
004dba10	audio	0
004dbdf0	audio	0
004dbe50	audio	0
004dbe60	audio	0
004dbe70	audio	0
004dbe80	audio	0
004dbeb0	audio	0
004dbec0	audio	0
004dbf00	audio	0
004dbf10	audio	0
004dbf60	audio	0
004dbfb0	audio	0
004dc0b2	audio	0
004dc0e0	audio	0
004dc130	audio	0
004dc150	audio	0
004dc170	audio	0
004dc190	audio	0
004dc1a0	audio	0
004dc1b0	audio	0
004dc1c0	audio	0
004dc230	audio	0
004dc250	audio	0
004dc2a0	audio	0
004dc2b0	audio	0
004dc320	audio	0
004dc340	audio	0
004dc3a0	audio	0
004dc410	audio	0
004dc460	audio	0
004dc480	audio	0
004dc490	audio	0
004dc4d0	audio	0
004dc4e0	audio	0
004dc4f0	audio	0
004dc500	audio	0
004dc510	audio	0
004dc520	audio	0
004dc530	audio	0
004dc540	audio	0
004dc550	audio	0
004dc5a0	audio	0
004dc5b0	audio	0
004dc620	audio	0
004dc660	audio	0
004dc670	audio	0
004dc6b0	audio	0
004dc6d0	audio	0
004dc860	audio	0
004dc9f0	audio	0
004dca60	audio	0
004dcb90	audio	0
004dcbe0	audio	0
004dcf10	audio	0
004dcf20	audio	0
004dcf40	audio	0
004dcf60	audio	0
004dd0d0	audio	0
004dd270	audio	0
004dd3c0	audio	0
004dd420	audio	0
004dd430	audio	0
004dd440	audio	0
004dd470	audio	0
004dd480	audio	0
004dd4a0	audio	0
004deda0	audio	0
004def60	audio	0
004def70	audio	0
004def90	audio	0
004defe0	audio	0
004df060	audio	0
004df210	audio	0
004dfaa0	audio	0
004dfb10	audio	0
004dfb20	audio	0
004dfb60	audio	0
004dfba0	audio	0
004dfbd0	audio	0
004dfc70	audio	0
004dfd3d	audio	0
004dfde0	audio	0
004dfe30	audio	0
004e0009	audio	0
004e00c7	audio	1
004e01b0	audio	0
004e01e0	audio	0
004e0220	audio	0
004e0250	audio	0
004e0280	audio	0
004e0380	audio	0
004e03b0	audio	0
004e0400	audio	0
004e0450	audio	0
004e0478	audio	0
004e0590	audio	0
004e0670	audio	0
004e07a0	audio	0
004e0809	audio	0
004e08f0	audio	0
004e0930	audio	0
004e0940	audio	0
004e0970	audio	0
004e09f0	audio	0
004e0a70	audio	0
004e0bd0	audio	0
004e0c50	audio	0
004e0d20	audio	0
004e0e80	audio	0
004e0ee0	audio	0
004e1120	audio	0
004e1170	audio	0
004e1180	audio	0
004e1360	audio	0
004e13a0	audio	0
004e172d	audio	0
004e17e0	audio	0
004e18e0	audio	0
004e1a40	audio	0
004e1caa	audio	0
004e1cc0	audio	0
004e2231	audio	0
004e2350	audio	0
004e267e	audio	0
004e26a0	audio	0
004e2790	audio	0
004e28a0	audio	0
004e2a70	audio	0
004e2a90	audio	0
004e2bb0	audio	0
004e2ee0	audio	0
004e3330	audio	0
004e3340	audio	0
004e3350	audio	0
004e3380	audio	0
004e3390	audio	0
004e33a0	audio	0
004e33b0	audio	0
004e33c0	audio	0
004e33d0	audio	0
004e33e0	audio	0
004e33f0	audio	0
004e3400	audio	0
004e3410	audio	0
004e3420	audio	0
004e3430	audio	0
004e3440	audio	0
004e3450	audio	0
004e34c0	audio	0
004e34d0	audio	0
004e34e0	audio	0
004e34f0	audio	0
004e3500	audio	0
004e3510	audio	0
004e3520	audio	0
004e3710	audio	0
004e37b0	audio	0
004e37f0	audio	0
004e37f8	audio	0
004e3870	audio	0
004e38c0	audio	0
004e3960	audio	0
004e3a00	audio	0
004e3c60	audio	0
004e3cd0	audio	0
004e3eb0	audio	0
004e3ebc	audio	0
004e3ec0	audio	0
004e3ecc	audio	0
004e3ed0	audio	0
004e3f50	audio	0
004e3f70	audio	0
004e3f90	audio	0
004e3fb0	audio	0
004e4120	audio	0
004e4130	audio	0
004e414c	audio	0
004e414d	audio	0
004e4150	audio	0
004e4170	audio	0
004e417d	audio	0
004e4200	audio	0
004e4260	audio	0
004e4270	audio	0
004e4400	audio	0
004e4470	audio	0
004e44f0	audio	0
004e4510	audio	0
004e454a	audio	0
004e4600	audio	0
004e4625	audio	0
004e46b0	audio	0
004e46f0	audio	0
004e4700	audio	0
004e4760	audio	0
004e47e0	audio	0
004e4840	audio	0
004e494d	audio	0
004e4950	audio	0
004e495d	audio	0
004e49b0	audio	0
004e49e0	audio	0
004e4a20	audio	0
004e4ae0	audio	0
004e4cd9	audio	0
004e4d10	audio	0
004e4e10	audio	0
004e4e80	audio	0
004e4f10	audio	0
004e4f70	audio	0
004e50e0	audio	0
004e52a0	audio	0
004e53b0	audio	0
004e5670	audio	0
004e56d0	audio	0
004e5700	audio	0
004e5730	audio	0
004e5800	audio	0
004e58c0	audio	0
004e5920	audio	0
004e5a87	audio	0
004e5bd7	audio	0
004e5c69	audio	0
004e5cd0	audio	0
004e5f10	audio	0
004e6070	audio	0
004e6080	audio	0
004e6090	audio	0
004e60a0	audio	0
004e60b0	audio	0
004e60c0	audio	0
004e60d0	audio	0
004e6300	audio	0
004e6380	audio	0
004e6550	audio	0
004e68d0	audio	0
004e69e0	audio	0
004e69f0	audio	0
004e6a71	audio	0
004e6aa0	audio	0
004e6ac0	audio	0
004e6ae0	audio	0
004e6b40	audio	0
004e6b50	audio	0
004e6b60	audio	0
004e6b89	audio	0
004e6bc0	audio	0
004e6c00	audio	0
004e6c30	audio	0
004e6cd0	audio	0
004e6db0	audio	0
004e6dc0	audio	0
004e6e00	audio	0
004e6e90	audio	0
004e6ed0	audio	0
004e6f60	audio	0
004e6fd8	audio	0
004e7059	audio	0
004e71b0	audio	0
004e71e0	audio	0
004e740d	audio	0
004e7590	audio	0
004e7630	audio	0
004e774a	quicktime_glue	0
004e7770	quicktime_glue	0
004e77b0	quicktime_glue	0
004e77c0	quicktime_glue	0
004e7860	quicktime_glue	0
004e78c0	quicktime_glue	0
004e78e0	quicktime_glue	0
004e7920	quicktime_glue	0
004e7940	quicktime_glue	0
004e7960	quicktime_glue	0
004e7990	quicktime_glue	0
004e7a80	quicktime_glue	0
004e7b80	quicktime_glue	0
004e7c50	quicktime_glue	0
004e7c70	quicktime_glue	0
004e7cb0	quicktime_glue	0
004e7ee0	audio	0
004e7ef0	audio	0
004e7f00	audio	0
004e7f10	audio	0
004e7f20	audio	0
004e7f40	audio	0
004e7f50	audio	0
004e7f60	audio	0
004e7f70	audio	0
004e7f80	audio	0
004e8200	audio	0
004e8290	audio	0
004e82e0	audio	0
004e82f0	audio	0
004e8330	audio	0
004e8350	audio	0
004e8370	audio	0
004e8380	audio	0
004e83e0	audio	0
004e8400	audio	0
004e8410	audio	0
004e8e40	audio	0
004e94c0	audio	0
004e9570	audio	0
004e95bd	audio	0
004e95e0	audio	0
004e9639	audio	0
004e96c0	audio	0
004e96e8	audio	0
004e9720	audio	0
004e9760	audio	0
004e97b0	audio	0
004e9800	audio	0
004e9820	audio	0
004e9cab	audio	0
004e9db0	audio	0
004e9e10	audio	0
004e9e50	audio	0
004ea010	audio	0
004ea270	audio	0
004ea2d0	audio	0
004ea590	audio	0
004ea640	audio	0
004ea670	audio	0
004ea930	audio	0
004eac30	audio	0
004eb180	audio	0
004eb3c0	audio	0
004eb4ad	audio	0
004eb550	audio	0
004eb557	audio	0
004eb660	audio	0
004eb890	audio	0
004eb9a0	audio	0
004ebf0e	audio	0
004ebf30	audio	0
004ebf40	audio	0
004ebf50	audio	0
004ebf60	audio	0
004ebfe0	audio	0
004ec020	audio	0
004ec040	audio	0
004ec0c0	audio	0
004ec100	audio	0
004ec150	audio	0
004ec190	audio	0
004ec270	audio	0
004ec4d0	audio	0
004ec550	audio	0
004ec6d0	audio	0
004ec900	audio	0
004ec970	audio	0
004eccf0	audio	0
004ee940	audio	0
004ee960	audio	0
004ee9a0	audio	0
004ee9e0	audio	0
004ee9f0	audio	0
004eea10	audio	0
004eea30	audio	0
004eea40	audio	0
004eea50	audio	0
004eea80	audio	1
004eeaa0	audio	0
004eec80	audio	0
004eed10	audio	0
004eee90	audio	0
004eeec0	audio	0
004eef20	audio	0
004eef30	audio	0
004eef40	audio	0
004eef50	audio	0
004eef60	audio	0
004eef70	audio	0
004eef80	audio	0
004eef90	audio	0
004eefa0	audio	0
004eefb0	audio	0
004eefc0	audio	0
004eefd0	audio	0
004eefe0	audio	0
004ef010	audio	0
004ef040	audio	0
004ef060	audio	0
004ef0a0	audio	0
004ef1a0	audio	0
004ef1c0	audio	0
004ef1e0	audio	0
004ef1f0	audio	0
004ef200	audio	0
004ef210	audio	0
004ef220	audio	0
004ef230	audio	0
004ef240	audio	0
004ef250	audio	0
004ef260	audio	0
004ef270	audio	0
004ef280	audio	0
004ef290	audio	0
004ef2a0	audio	0
004ef2b0	audio	0
004ef2e0	audio	0
004ef350	audio	0
004ef390	audio	0
004ef3e0	audio	0
004ef400	audio	0
004ef440	audio	0
004ef480	audio	0
004ef4d0	audio	0
004ef510	audio	0
004ef520	audio	0
004ef52d	audio	0
004ef570	audio	0
004ef5d0	audio	0
004ef630	audio	0
004ef660	audio	0
004ef680	audio	0
004ef7a0	audio	0
004ef820	audio	0
004ef850	audio	0
004ef880	audio	0
004efa10	audio	0
004efaa0	audio	0
004efb10	audio	0
004efb90	audio	0
004efbf0	audio	0
004efc60	audio	0
004efcd0	audio	0
004efd30	audio	0
004efd60	audio	0
004efd80	audio	0
004efe50	audio	0
004eff50	audio	0
004effd0	audio	0
004f0000	audio	0
004f0176	audio	0
004f0436	audio	0
004f0b10	audio	0
004f0b50	audio	0
004f0bd0	audio	0
004f0c40	audio	0
004f0f40	audio	0
004f0f70	audio	0
004f0fa0	audio	0
004f0fb0	audio	0
004f1020	audio	0
004f1040	audio	0
004f10d0	audio	0
004f112d	audio	0
004f11d0	audio	0
004f11e0	audio	0
004f11f0	audio	0
004f1200	audio	0
004f1210	audio	0
004f1220	audio	0
004f1230	audio	0
004f1290	audio	0
004f1530	audio	0
004f1550	audio	0
004f1560	audio	0
004f1570	audio	0
004f1580	audio	0
004f1590	audio	0
004f15c0	audio	0
004f1680	audio	0
004f1750	audio	0
004f17d0	audio	0
004f1800	audio	0
004f1870	audio	0
004f1880	audio	0
004f18a0	audio	0
004f19e0	audio	0
004f1a40	audio	0
004f1a60	audio	0
004f1a90	audio	0
004f1ae0	audio	0
004f1c20	audio	0
004f1c70	audio	0
004f1d40	audio	0
004f1de0	audio	0
004f1e20	audio	0
004f1f30	audio	0
004f1ff0	audio	0
004f2040	audio	0
004f2060	audio	0
004f2170	audio	0
004f21c0	audio	0
004f2200	audio	0
004f22f0	audio	0
004f23d0	audio	0
004f2550	audio	0
004f2717	audio	0
004f27f0	audio	0
004f2810	audio	0
004f2830	audio	0
004f2860	audio	0
004f28a0	audio	0
004f2930	audio	0
004f2960	audio	0
004f29a0	audio	0
004f2a40	audio	0
004f2a80	audio	0
004f2ac0	audio	0
004f2ae0	audio	0
004f2b80	audio	0
004f2c10	audio	0
004f2ca0	audio	0
004f2cb0	audio	0
004f2e90	audio	0
004f2ee0	audio	0
004f2ef0	audio	0
004f2f10	audio	0
004f2f50	audio	0
004f2f60	audio	0
004f2f70	audio	0
004f2f80	audio	0
004f2fa0	audio	0
004f2fb0	audio	0
004f2fd0	audio	0
004f3050	audio	0
004f30f0	audio	0
004f31f0	audio	0
004f320a	audio	0
004f3250	audio	0
004f32c0	audio	0
004f32f0	audio	0
004f3330	audio	0
004f3340	audio	0
004f3360	audio	0
004f3380	audio	0
004f3390	audio	0
004f33a0	audio	0
004f33b0	audio	0
004f33d0	audio	0
004f33e0	audio	0
004f33f0	audio	0
004f3400	audio	0
004f3410	audio	0
004f3420	audio	0
004f3430	audio	0
004f3450	audio	0
004f34c0	audio	0
004f34f0	audio	0
004f3510	audio	0
004f3530	audio	0
004f3580	audio	0
004f35b0	audio	0
004f35f0	audio	0
004f37e0	audio	0
004f37f0	audio	0
004f3800	audio	0
004f3810	audio	0
004f3820	audio	0
004f3840	audio	0
004f3860	audio	0
004f3870	audio	0
004f3890	audio	0
004f38a0	audio	0
004f38b0	audio	0
004f38c0	audio	0
004f38e0	audio	0
004f3910	audio	0
004f3940	audio	0
004f3970	audio	0
004f3980	audio	0
004f39c0	audio	0
004f3a15	eh_funclets	0
004f3a35	audio	0
004f3aad	eh_funclets	0
004f3ae0	audio	0
004f3b00	audio	0
004f3b30	audio	0
004f3b60	audio	0
004f3b70	audio	0
004f3ba0	audio	0
004f3bd0	audio	0
004f3ca0	audio	0
004f3cd0	audio	0
004f3ce0	audio	0
004f3d10	audio	0
004f3d50	audio	0
004f3d60	audio	0
004f3d80	audio	0
004f3db0	audio	0
004f3e70	audio	0
004f3e80	audio	0
004f3f30	audio	0
004f3f40	audio	0
004f3f60	audio	0
004f4000	audio	0
004f4040	audio	0
004f4060	audio	0
004f406d	audio	0
004f4090	audio	0
004f40f0	audio	0
004f4110	audio	0
004f4130	audio	0
004f4170	audio	0
004f41b0	audio	0
004f4230	audio	0
004f42a0	audio	0
004f42c0	audio	0
004f4320	audio	0
004f44b3	eh_funclets	0
004f44bf	eh_funclets	0
004f45c0	audio	0
004f45d0	audio	0
004f4620	audio	0
004f4690	audio	0
004f471a	audio	0
004f4752	audio	0
004f4952	audio	0
004f4a20	audio	0
004f4ba0	audio	0
004f4bf0	audio	0
004f4c00	audio	0
004f4c10	audio	0
004f4c20	audio	0
004f4c30	vehicles	0
004f4c41	vehicles	0
004f4c80	vehicles	0
004f4c90	vehicles	0
004f4ca0	vehicles	0
004f4cb0	vehicles	0
004f4cc0	vehicles	0
004f4cd0	vehicles	0
004f4ce0	audio	0
004f4d10	audio	0
004f4d1d	audio	0
004f4df0	audio	0
004f4e30	audio	0
004f4e5f	audio	0
004f4e60	audio	0
004f4ec0	audio	0
004f4ed0	audio	0
004f4ee0	audio	0
004f4ef0	audio	0
004f4f00	audio	0
004f4f39	audio	0
004f4f70	audio	0
004f4fc0	audio	0
004f4ff0	audio	0
004f5020	audio	0
004f5030	audio	0
004f504d	audio	0
004f5050	audio	0
004f5060	audio	0
004f5080	audio	0
004f51f0	audio	0
004f5310	audio	0
004f53d0	audio	0
004f54f0	audio	0
004f55c0	audio	0
004f56d0	audio	0
004f5700	audio	0
004f578d	audio	0
004f5b20	audio	0
004f5b60	audio	0
004f5ba0	audio	0
004f5bf0	audio	0
004f5c00	audio	0
004f5c10	audio	0
004f5c40	audio	0
004f5c60	audio	0
004f5d00	audio	0
004f5e2d	audio	0
004f5e50	audio	0
004f5eb0	audio	0
004f5f30	audio	0
004f6000	audio	0
004f60b0	audio	0
004f6150	audio	0
004f61e0	audio	0
004f62a0	audio	0
004f6320	audio	0
004f6350	audio	0
004f6360	audio	0
004f6370	audio	0
004f6380	audio	0
004f6390	audio	0
004f63a0	audio	0
004f63b0	audio	0
004f63e0	audio	0
004f6420	audio	0
004f74c2	audio	0
004f7580	audio	0
004f7670	audio	0
004f7a50	audio	0
004f7f20	audio	0
004f8070	audio	0
004f8342	audio	0
004f8360	audio	0
004f84d0	audio	0
004f8650	audio	0
004f87d0	audio	0
004f8940	audio	0
004f8ad5	audio	0
004f8b00	audio	0
004f8df0	audio	0
004f8f10	audio	0
004f8ffa	audio	0
004f92c0	audio	0
004f93c0	audio	0
004f96a0	audio	0
004f9710	audio	0
004f99d0	audio	0
004f9e90	audio	0
004fa0c0	audio	0
004fa1c0	audio	0
004fa3f0	audio	0
004fa630	audio	0
004fa7c0	audio	0
004faa80	audio	0
004fad40	audio	0
004fae20	audio	0
004fb070	audio	0
004fb260	audio	0
004fb5e6	audio	0
004fb6c0	audio	0
004fb8c0	audio	0
004fbb10	audio	0
004fca10	audio	0
004fcf40	audio	0
004fd05e	audio	0
004fd0b0	audio	0
004fd12d	audio	0
004fd269	audio	0
004fd290	audio	0
004fd8f0	audio	0
004fdfd0	audio	0
004fe420	audio	0
004fe940	audio	0
004fee20	audio	0
004ff320	audio	0
004ff7c0	audio	0
004ff7fd	audio	0
004ff900	audio	0
004ffd56	audio	0
004ffdc0	audio	0
0050003e	audio	0
00500040	audio	0
005002c0	audio	0
005003a0	audio	0
00500710	audio	0
00500ab0	audio	0
00500ce0	audio	0
00500dc0	audio	0
00500f50	audio	0
00501270	audio	0
00501480	audio	0
00501632	audio	0
00501650	audio	0
00501960	audio	0
00501ab0	audio	0
00501c50	audio	0
00501e10	audio	0
00502249	audio	0
00502280	audio	0
005023f0	audio	0
00502460	audio	0
00502470	audio	0
005024d0	audio	0
00502560	audio	0
00502580	audio	0
005025b0	audio	0
005025d0	audio	0
005025f0	audio	0
00502610	audio	0
00502640	audio	0
00502670	audio	0
005026b0	audio	0
00502700	audio	0
00502720	audio	0
00502750	audio	0
00502760	audio	0
005027d0	audio	0
0050287d	audio	0
00502990	audio	0
005029ea	audio	0
00502ab0	audio	0
00502ad0	audio	0
00502af0	audio	0
00502b50	audio	0
00502b80	audio	0
00502bf0	audio	0
00502c10	audio	0
00502c40	audio	0
00502c60	audio	0
00502ee0	audio	0
00502ef0	audio	0
00502f20	audio	0
00502f50	audio	0
00502f80	audio	0
00503060	audio	0
005030a0	audio	0
005030d0	audio	0
00503219	audio	0
00503250	audio	0
00503280	audio	0
00503290	audio	0
005032a0	audio	0
005032b0	audio	0
00503300	audio	0
00503310	audio	0
00503360	audio	0
005033c0	audio	0
00503430	audio	0
00503450	audio	0
00503480	audio	0
00503490	audio	0
005034e0	audio	0
00503500	audio	0
00503690	audio	0
00503870	audio	0
00503910	audio	0
00503b20	audio	0
00503ce0	audio	0
00504470	audio	0
00504610	audio	0
005046f0	audio	0
005047c0	audio	0
00504960	audio	0
00504aa0	audio	0
00504b70	audio	0
00504f80	audio	0
005052b0	audio	0
005052b8	audio	0
005052f0	audio	0
00505a00	audio	0
00506800	audio	0
00506b20	audio	0
00506b90	audio	0
00506ba0	audio	0
00506c20	audio	0
00506c30	audio	0
00506c40	audio	0
00506c50	audio	0
00506cc0	audio	0
00506cd0	audio	0
00506d80	audio	0
00506d90	audio	0
00506da0	audio	0
00506db0	audio	0
00506dc0	audio	0
00506de0	audio	0
00506e10	audio	0
00506e40	audio	0
00506e50	audio	0
00506e60	audio	0
00506e70	audio	0
00506e80	audio	0
00506e90	audio	0
00506ea0	audio	0
00506eb0	audio	0
00506ec0	audio	0
00506ed0	audio	0
00506ee0	audio	0
00506f00	audio	0
00506f10	audio	0
00506f40	audio	0
00506f50	audio	0
00506f70	audio	0
00506f80	audio	0
00506f90	audio	0
00506fa0	audio	0
00506fc0	audio	0
00506fd0	audio	0
00506fe0	audio	0
00506ff0	audio	0
00507000	audio	0
00507010	audio	0
00507020	audio	0
00507030	audio	0
00507040	audio	0
00507050	audio	0
00507060	audio	0
00507070	audio	0
00507080	audio	0
005070a9	audio	0
00507150	audio	0
00507160	audio	0
00507170	audio	0
00507180	audio	0
005071a0	audio	0
005071b0	audio	0
005071d0	audio	0
00507200	audio	0
00507210	audio	0
00507220	audio	0
00507270	audio	0
00507280	audio	0
00507290	audio	0
005072a0	audio	0
005072b0	audio	0
005072c0	audio	0
005072d0	audio	0
005072e0	audio	0
005072f0	audio	0
00507300	audio	0
00507310	audio	0
00507320	audio	0
00507330	audio	0
00507340	audio	0
00507350	audio	0
00507370	audio	0
00507390	audio	0
005073b0	audio	0
005073c0	audio	0
005073d0	audio	0
00507400	audio	0
00507410	audio	0
00507430	audio	0
00507440	audio	0
00507450	audio	0
005074b0	audio	0
005074d0	audio	0
00507550	audio	0
00507560	audio	0
005075b0	audio	0
00507670	audio	0
00507750	audio	0
005078a0	audio	0
005078f0	audio	0
00507a90	audio	0
00507acd	audio	0
00507b4d	audio	0
00507c30	audio	0
00507cb0	audio	0
00507dc0	audio	0
00507df0	audio	0
00507e10	audio	0
00507e30	audio	0
00507f40	audio	0
00508050	audio	0
00508070	audio	0
00508090	audio	0
005080b0	audio	0
005080d0	audio	0
005080f0	audio	0
00508110	audio	0
00508150	audio	0
00508190	audio	0
005081a0	audio	0
005081c0	audio	0
00508240	audio	0
00508320	audio	0
005083c0	audio	0
00508920	audio	0
00508930	audio	0
005089b0	audio	0
00508a10	audio	0
00508a40	audio	0
00508a50	audio	0
00508a60	audio	0
00508a6d	audio	0
00508a90	audio	0
00508a9d	audio	0
00508ac0	audio	0
00508b50	audio	0
00508b5d	audio	0
00508b80	audio	0
00508bad	audio	0
00508c10	audio	0
00508c3d	audio	0
00508ca0	audio	0
00508ccd	audio	0
00508d30	audio	0
00508dd0	audio	0
00508de0	audio	0
00508df0	audio	0
00508e10	audio	0
00508e60	audio	0
00508e80	audio	0
00508e90	audio	0
00508ea0	audio	0
00508eb0	audio	0
00508f00	audio	0
00508f90	audio	0
00509140	camera	0
00509170	camera	0
00509190	camera	0
00509230	camera	0
0050926d	camera	0
005093fd	camera	0
0050949d	camera	0
00509640	camera	0
00509650	camera	0
005096c0	camera	0
005096f0	camera	0
00509700	camera	0
00509710	camera	0
00509760	camera	0
005097b0	camera	0
005097c0	camera	0
005097d0	camera	0
005097e0	camera	0
005097f0	camera	0
00509800	camera	0
00509810	camera	0
00509820	camera	0
00509860	camera	0
00509870	camera	0
00509880	camera	0
00509890	camera	0
005098a0	camera	0
005098b0	camera	0
005098c0	camera	0
005098d0	camera	0
005098e0	camera	0
005098f0	camera	0
00509900	camera	0
00509910	camera	0
00509950	peds_ai	0
00509970	camera	0
00509990	camera	0
005099b0	camera	0
005099c0	camera	0
005099d0	camera	0
005099e0	camera	0
005099f0	camera	0
00509a00	camera	0
00509a10	camera	0
00509a20	camera	0
00509a30	camera	1
00509ae0	camera	1
00509be0	camera	0
00509bf7	camera	0
00509c28	camera	0
00509c50	camera	0
00509ca0	camera	0
00509ce0	camera	0
00509dc0	camera	0
00509df0	camera	0
0050a0a0	camera	0
0050a120	camera	0
0050a160	camera	0
0050a200	camera	0
0050a260	camera	0
0050a280	camera	0
0050a360	camera	0
0050a3b0	camera	0
0050a480	camera	0
0050a4f0	camera	0
0050a5ea	camera	0
0050a850	camera	0
0050a870	camera	0
0050a970	camera	1
0050a9f0	camera	0
0050ab10	camera	0
0050ab40	camera	0
0050ab50	camera	0
0050ac00	camera	0
0050ac10	camera	0
0050ac20	camera	0
0050ad20	camera	0
0050ad40	camera	0
0050ad90	camera	0
0050ade0	camera	0
0050adf0	camera	0
0050ae10	camera	0
0050ae20	camera	0
0050ae50	camera	0
0050ae60	camera	0
0050ae90	camera	0
0050aed0	camera	0
0050af00	camera	0
0050af61	camera	0
0050af80	camera	0
0050af90	camera	0
0050afa0	camera	0
0050b380	camera	0
0050b510	camera	0
0050b5d0	camera	0
0050b6d0	camera	0
0050b830	camera	0
0050b880	camera	0
0050b890	camera	0
0050b8f0	camera	0
0050b930	camera	0
0050bab0	camera	0
0050bd20	camera	0
0050bd40	camera	0
0050bd70	camera	0
0050bda0	camera	0
0050be30	camera	0
0050bec0	camera	0
0050bf00	camera	0
0050bf40	camera	0
0050bf80	camera	0
0050bf90	camera	0
0050bfb0	camera	0
0050bff0	camera	0
0050c030	camera	0
0050c070	camera	0
0050c100	camera	0
0050c140	camera	0
0050c150	camera	0
0050c160	camera	0
0050c1b0	camera	0
0050c260	camera	0
0050c270	camera	0
0050c280	camera	0
0050c290	camera	0
0050c360	camera	0
0050c7c0	camera	0
0050c8b0	camera	0
0050c910	camera	0
0050cae0	camera	0
0050cb10	camera	0
0050cb30	camera	0
0050cb60	camera	0
0050cb90	camera	0
0050cbf0	camera	0
0050cc35	camera	0
0050cc50	camera	0
0050cca0	camera	0
0050cd30	camera	0
0050cd80	camera	0
0050cda0	camera	0
0050cde0	camera	0
0050ce80	camera	0
0050ceb0	camera	0
0050cef0	camera	0
0050cfa0	camera	0
0050d090	camera	0
0050d160	camera	0
0050d1d0	camera	0
0050d240	camera	0
0050d280	camera	0
0050d2d0	camera	0
0050d350	camera	0
0050d430	camera	0
0050d510	camera	0
0050d590	collision	0
0050d7a0	camera	0
0050d860	camera	0
0050d930	camera	0
0050dd70	camera	0
0050e080	camera	0
0050e090	camera	0
0050e150	camera	0
0050e180	camera	0
0050e240	camera	0
0050e250	camera	0
0050e260	world_entities	0
0050e290	world_entities	0
0050e2a0	world_entities	0
0050e2b0	world_entities	0
0050e2c0	world_entities	0
0050e2d0	world_entities	0
0050e2e0	world_entities	0
0050e2f0	world_entities	0
0050e300	world_entities	0
0050e310	world_entities	0
0050e350	world_entities	0
0050e400	world_entities	0
0050e420	world_entities	0
0050e470	camera	0
0050e490	camera	0
0050e690	camera	0
0050e6d0	camera	0
0050e760	camera	0
0050eae0	camera	0
0050eb50	camera	0
0050eb70	camera	0
0050f3f0	camera	0
0050f7ca	camera	0
0050f970	camera	0
00510148	camera	0
005105c0	camera	0
00511b50	camera	0
00512110	camera	0
00512b10	camera	0
00512ef0	camera	0
00513220	camera	0
005132d0	camera	0
00513510	camera	0
00513be0	camera	0
00513e40	camera	0
00514010	camera	0
00514030	camera	0
00514860	camera	0
00514950	camera	0
00514970	camera	0
00514b80	camera	0
00514d60	camera	0
005150e0	camera	0
00515200	camera	0
005154e7	camera	0
00515bc0	camera	0
00515bd0	camera	0
00515d80	camera	0
00516010	camera	0
005161a0	camera	0
00516400	camera	0
00516440	camera	0
005164a0	camera	0
00516500	camera	0
00516560	camera	0
00516ae0	camera	0
00516b00	camera	0
00516b20	camera	0
00517330	camera	0
005173f0	camera	0
00517400	camera	0
00517500	camera	0
00517730	camera	0
00517740	camera	0
00517760	camera	0
00517770	camera	0
00517870	camera	0
005179e0	camera	0
00517bf0	camera	0
00517e8e	camera	0
00517ea0	camera	0
00518500	camera	0
0051891d	camera	0
00519250	camera	0
00519810	camera	0
0051a450	camera	0
0051a560	camera	0
0051a5a0	camera	0
0051a5d0	camera	0
0051a6f0	camera	0
0051a740	camera	0
0051b120	camera	0
0051b2b7	camera	0
0051b850	camera	0
0051c250	camera	0
0051c346	camera	0
0051c760	camera	0
0051cc30	camera	0
0051d100	camera	0
0051d3e0	camera	0
0051d470	camera	0
0051d770	camera	0
0051e560	camera	0
00520190	camera	0
00520258	camera	0
00520690	camera	0
00520e40	camera	0
00521500	camera	0
00522c80	camera	0
00522d40	camera	0
005245b0	camera	0
00525e50	camera	0
005267c0	camera	0
00526950	camera	0
00526ae0	camera	0
00526c80	camera	0
00526e20	camera	0
00526fc0	camera	0
00527ed2	camera	0
00527f90	camera	0
00527fa0	camera	0
0052b730	camera	0
0052cd90	platform_os	0
0052cde0	platform_os	0
0052ceb0	platform_os	0
0052cee0	platform_os	0
0052cef0	platform_os	0
0052cf10	platform_os	0
0052d020	platform_os	0
0052d070	platform_os	0
0052d0b0	platform_os	0
0052d150	platform_os	0
0052d190	platform_os	0
0052d1a0	platform_os	0
0052d1b0	platform_os	0
0052d1c0	platform_os	0
0052d1e0	platform_os	0
0052d200	platform_os	0
0052d260	platform_os	0
0052da30	platform_os	0
0052dab0	platform_os	0
0052dc10	platform_os	0
0052dc20	platform_os	0
0052dd2e	platform_os	0
0052dd80	platform_os	0
0052dd90	platform_os	0
0052ddb0	platform_os	0
0052dddd	platform_os	0
0052e450	platform_os	0
0052ef30	platform_os	0
0052eff6	platform_os	0
0052f020	platform_os	0
0052f110	platform_os	0
0052f2a0	platform_os	0
0052f2d1	platform_os	0
0052f2f0	platform_os	0
0052f390	platform_os	0
0052f450	platform_os	0
0052f4a0	platform_os	0
0052f4f0	platform_os	0
0052f510	platform_os	0
0052f550	platform_os	0
0052f560	platform_os	0
0052f580	platform_os	0
0052f590	platform_os	0
0052f5f0	platform_os	0
0052f6f0	platform_os	0
0052f7b0	platform_os	0
0052f9e0	platform_os	0
0052fa20	platform_os	0
0052fab0	platform_os	0
0052fca0	platform_os	0
0052fd20	platform_os	0
0052fd40	platform_os	0
0052fd70	platform_os	0
0052fe10	platform_os	0
005302ed	platform_os	0
005303d0	platform_os	0
00530490	platform_os	0
00530500	platform_os	0
00530530	platform_os	0
00530640	platform_os	0
00530b00	platform_os	0
00530ed0	platform_os	0
0053105a	platform_os	0
00531070	platform_os	0
005310bc	platform_os	0
005310cd	platform_os	0
005310e1	platform_os	0
005310f5	platform_os	0
00531140	platform_os	0
005314a0	platform_os	0
00531670	platform_os	0
00531715	platform_os	0
00531730	platform_os	0
005318a1	platform_os	0
005318c0	platform_os	0
005319d0	platform_os	0
00531bc0	platform_os	0
00531c20	platform_os	0
00531c75	platform_os	0
00531c90	platform_os	0
00531e20	platform_os	0
00531e90	platform_os	0
00531ee0	platform_os	0
00531f20	platform_os	0
00531f30	platform_os	0
00531fc0	peds_ai	0
00532010	peds_ai	0
00532230	platform_os	0
00532240	platform_os	0
00532250	platform_os	0
00532260	platform_os	0
00532270	platform_os	0
00532280	platform_os	0
00532290	platform_os	0
005322a0	platform_os	0
005322d0	platform_os	0
005322f0	platform_os	0
00532310	platform_os	0
00532350	platform_os	0
00532410	platform_os	0
00532450	platform_os	0
005324a0	platform_os	0
005324d0	platform_os	0
00532530	world_entities	0
00532540	world_entities	0
00532560	world_entities	0
00532570	world_entities	0
00532580	world_entities	0
005325a0	world_entities	0
005325d0	core_math_containers	0
005325f0	core_math_containers	0
00532630	core_math_containers	0
005326a0	core_math_containers	0
005326e0	core_math_containers	1
005326f0	world_entities	1
00532730	world_entities	0
00532770	world_entities	0
005327e0	core_math_containers	0
005327f0	core_math_containers	0
00532850	core_math_containers	0
00532860	models	0
00532870	models	0
00532880	models	0
00532890	models	0
005328a0	models	0
005328b0	models	0
005328c0	models	0
005328d0	models	0
005328f0	models	0
00532900	models	0
00532920	models	0
00532930	models	0
00532940	models	0
00532950	models	0
00532960	world_entities	0
00532970	world_entities	0
005329a0	world_entities	0
005329c0	world_entities	0
005329f0	world_entities	0
00532a00	world_entities	0
00532a10	world_entities	0
00532a20	world_entities	0
00532a40	world_entities	0
00532a50	world_entities	0
00532a80	world_entities	0
00532a90	world_entities	0
00532ae0	world_entities	0
00532b00	world_entities	0
00532b20	world_entities	0
00532b70	world_entities	0
00532d40	world_entities	0
00532d70	world_entities	0
00532db0	world_entities	0
00533020	world_entities	0
00533050	world_entities	0
00533150	world_entities	0
00533170	world_entities	0
00533240	world_entities	0
00533280	world_entities	0
00533290	world_entities	0
005332c0	world_entities	0
00533310	world_entities	0
00533380	world_entities	0
00533410	world_entities	0
005334e0	world_entities	0
005334f0	world_entities	0
00533560	world_entities	0
005335e0	core_math_containers	0
00533610	core_math_containers	0
00533670	core_math_containers	0
005336b0	core_math_containers	0
00533700	world_entities	0
00533790	world_entities	0
00533bf0	world_entities	0
00533d30	world_entities	0
00533ed0	world_entities	0
00533fb0	world_entities	0
00534030	world_entities	0
00534120	world_entities	0
00534250	world_entities	0
00534290	world_entities	0
005342b0	world_entities	0
00534310	world_entities	0
005343f0	world_entities	0
005344b0	world_entities	0
00534540	world_entities	0
005345d0	world_entities	0
005346dd	world_entities	0
005347d0	world_entities	0
00534ae0	world_entities	0
00534d0d	world_entities	0
00534e90	world_entities	0
00535040	world_entities	0
00535300	world_entities	0
00535340	world_entities	0
00535e90	world_entities	0
00535f00	world_entities	0
00535fa0	world_entities	0
00536b8b	world_entities	0
00536bc0	world_entities	0
00536be0	world_entities	0
00536c20	world_entities	0
00536c40	world_entities	0
00536c50	world_entities	0
00536c80	world_entities	1
00536c90	world_entities	0
00536ca0	core_math_containers	0
00536cc0	core_math_containers	0
00536cf0	core_math_containers	0
00536d10	core_math_containers	0
00536d80	world_entities	0
00536dc0	core_math_containers	0
00536dd0	core_math_containers	0
00536e10	core_math_containers	0
00536e90	vehicles	0
00536ee0	vehicles	0
00536ef0	vehicles	0
00536f00	vehicles	0
00536f10	file_loading	0
00536f30	file_loading	0
00536f40	file_loading	0
00536f50	file_loading	0
00536f80	file_loading	0
00536fe0	file_loading	0
00536ffd	file_loading	0
00537060	file_loading	0
005370a0	file_loading	1
005370ad	file_loading	0
00537150	file_loading	0
005371f0	file_loading	0
00537290	file_loading	1
005372d0	file_loading	0
005373f0	file_loading	0
00537450	file_loading	0
005374b0	file_loading	0
00537510	file_loading	1
00537550	file_loading	0
00537560	file_loading	0
00537570	file_loading	0
00537580	file_loading	0
0053787d	file_loading	0
00537990	file_loading	0
00537a10	world_entities	0
00537a30	world_entities	0
00537a40	world_entities	0
00537a50	world_entities	0
00537a80	world_entities	0
00537ab0	file_loading	0
00537ae0	file_loading	0
00537ce0	file_loading	0
00537ee0	file_loading	0
00538090	file_loading	0
00538440	file_loading	0
00538672	file_loading	0
00538690	file_loading	0
005386f0	platform_os	0
00538730	platform_os	0
0053875d	platform_os	0
005387d0	platform_os	0
00538860	platform_os	0
00538890	platform_os	0
00538910	platform_os	0
00538930	platform_os	0
00538950	platform_os	0
00538970	platform_os	0
00538990	platform_os	0
005389b0	platform_os	0
005389e0	platform_os	0
00538a20	platform_os	0
00538a30	platform_os	0
00538a40	platform_os	0
00538a50	platform_os	0
00538a60	platform_os	0
00538a70	platform_os	0
00538a80	platform_os	0
00538a90	platform_os	0
00538aa0	world_entities	0
00538ab0	world_entities	0
00538ad0	world_entities	0
00538af0	world_entities	0
00538b10	weapons_combat	0
00538b20	weapons_combat	0
00538b30	weapons_combat	0
00538ba0	weapons_combat	0
00538bb0	weapons_combat	0
00538bc0	weapons_combat	0
00538f10	weapons_combat	0
00538f40	weapons_combat	0
00539340	weapons_combat	0
00539360	weapons_combat	0
005393f0	weapons_combat	0
00539450	weapons_combat	0
005394c0	weapons_combat	0
005396e0	weapons_combat	0
00539700	weapons_combat	0
00539720	weapons_combat	0
005397a0	weapons_combat	0
005397b0	weapons_combat	0
005397e0	weapons_combat	0
005397f0	weapons_combat	0
00539860	weapons_combat	0
0053986d	weapons_combat	0
00539cc0	weapons_combat	0
00539ce0	weapons_combat	0
00539d10	weapons_combat	0
00539d50	weapons_combat	0
00539d90	weapons_combat	0
00539da0	weapons_combat	0
00539dd0	weapons_combat	0
00539e50	weapons_combat	0
00539f00	weapons_combat	0
0053a050	weapons_combat	0
0053a07d	weapons_combat	0
0053a270	weapons_combat	0
0053a450	weapons_combat	0
0053a48a	weapons_combat	0
0053a570	weapons_combat	0
0053aa2d	weapons_combat	0
0053af00	weapons_combat	0
0053b19d	weapons_combat	0
0053bad0	platform_os	0
0053baf0	platform_os	0
0053bb10	platform_os	0
0053bb20	platform_os	0
0053bb30	platform_os	0
0053bb40	platform_os	0
0053bb50	platform_os	0
0053bb80	platform_os	0
0053bc30	platform_os	0
0053bc60	platform_os	0
0053bc80	platform_os	0
0053bcf0	platform_os	0
0053bdad	platform_os	0
0053bed0	platform_os	0
0053bee0	platform_os	0
0053c240	platform_os	0
0053c250	platform_os	1
0053c290	platform_os	1
0053c3e0	platform_os	1
0053c440	platform_os	1
0053c4a0	platform_os	0
0053c4b0	platform_os	0
0053c4d0	platform_os	0
0053c4e0	platform_os	0
0053c4f0	platform_os	0
0053c500	platform_os	0
0053c530	platform_os	0
0053c540	platform_os	0
0053c550	platform_os	0
0053c680	platform_os	0
0053c810	platform_os	0
0053c830	platform_os	0
0053c840	platform_os	0
0053c850	platform_os	0
0053c860	platform_os	0
0053c870	platform_os	0
0053c890	platform_os	0
0053c8a0	platform_os	0
0053c8c0	platform_os	0
0053c900	platform_os	0
0053cb00	platform_os	0
0053cb50	platform_os	0
0053cb95	platform_os	0
0053cbe0	platform_os	0
0053cc70	platform_os	0
0053cdc0	platform_os	0
0053ce30	platform_os	0
0053cea0	platform_os	0
0053ced0	core_math_containers	0
0053cf00	core_math_containers	0
0053cf30	core_math_containers	0
0053cf70	core_math_containers	0
0053cfa0	platform_os	0
0053d020	platform_os	0
0053d030	platform_os	0
0053d050	platform_os	0
0053d070	platform_os	0
0053d0a0	platform_os	0
0053d0b0	platform_os	0
0053d28d	platform_os	0
0053d480	platform_os	0
0053d490	platform_os	0
0053d4a0	platform_os	0
0053d4b0	platform_os	0
0053d4c0	platform_os	0
0053d4d0	platform_os	0
0053d4e0	platform_os	0
0053d4f0	platform_os	0
0053d500	platform_os	0
0053d510	platform_os	0
0053d520	scripts_missions	0
0053d530	scripts_missions	0
0053d540	scripts_missions	0
0053d550	scripts_missions	0
0053d560	scripts_missions	0
0053d570	scripts_missions	0
0053d5b0	scripts_missions	0
0053d5d0	scripts_missions	0
0053d5e0	scripts_missions	0
0053d5f0	scripts_missions	0
0053d600	scripts_missions	0
0053d610	scripts_missions	0
0053d680	scripts_missions	0
0053d690	platform_os	0
0053d7a0	platform_os	0
0053d830	scripts_missions	0
0053d840	platform_os	0
0053d870	platform_os	0
0053d910	renderware	0
0053d950	scripts_missions	0
0053dec0	scripts_missions	0
0053ded0	scripts_missions	1
0053def0	scripts_missions	0
0053df00	scripts_missions	0
0053df10	platform_os	0
0053df40	platform_os	0
0053e160	platform_os	0
0053e170	platform_os	0
0053e230	platform_os	0
0053e530	platform_os	0
0053e550	platform_os	0
0053e580	platform_os	0
0053e5c0	platform_os	0
0053e5e0	platform_os	0
0053e600	platform_os	1
0053e770	platform_os	0
0053e8a0	platform_os	0
0053e8d0	platform_os	0
0053e910	platform_os	0
0053e920	platform_os	0
0053ec10	platform_os	0
0053ec2b	eh_funclets	0
0053ec3c	eh_funclets	0
0053ec6f	eh_funclets	0
0053ec83	eh_funclets	0
0053ec96	eh_funclets	0
0053eca1	eh_funclets	0
0053ecad	eh_funclets	0
0053ecb8	eh_funclets	0
0053eccb	eh_funclets	0
0053ed09	platform_os	0
0053ed30	platform_os	1
0053ed40	platform_os	0
0053ed50	platform_os	0
0053ed60	platform_os	0
0053ed70	platform_os	0
0053ed80	platform_os	0
0053ed90	platform_os	0
0053edb0	platform_os	0
0053edc0	platform_os	0
0053ede0	platform_os	0
0053ee00	platform_os	0
0053ee20	platform_os	0
0053ee40	platform_os	0
0053ee60	peds_ai	0
0053ee80	peds_ai	0
0053eea0	peds_ai	0
0053eec0	peds_ai	0
0053eee0	platform_os	0
0053ef00	platform_os	0
0053ef20	platform_os	0
0053ef40	platform_os	0
0053ef60	platform_os	0
0053ef80	platform_os	0
0053eff0	platform_os	0
0053f090	platform_os	0
0053f1e0	platform_os	0
0053f200	platform_os	0
0053f210	platform_os	0
0053f220	platform_os	0
0053f250	platform_os	0
0053f270	platform_os	0
0053f2d0	platform_os	1
0053f3c0	platform_os	0
0053f530	platform_os	0
0053f910	platform_os	0
0053f920	platform_os	0
0053f925	platform_os	0
0053f9a0	platform_os	0
0053fa70	platform_os	0
0053fb40	platform_os	0
0053fb50	platform_os	0
0053fb60	platform_os	0
0053fb70	platform_os	0
0053fb80	platform_os	0
0053fbb1	platform_os	0
0053fbd0	platform_os	0
0053fbf6	platform_os	0
0053fc10	platform_os	0
0053fc50	platform_os	0
0053fc90	platform_os	0
0053fcb5	platform_os	0
0053fcd0	platform_os	0
0053fce4	eh_funclets	0
0053fd13	eh_funclets	0
0053fd30	platform_os	0
0053fd56	platform_os	0
0053fd70	platform_os	0
0053fd84	eh_funclets	0
0053fdb4	eh_funclets	0
0053fdd0	platform_os	0
0053fe10	platform_os	0
0053fe50	platform_os	0
0053fe70	platform_os	0
0053fec0	platform_os	0
0053fee0	platform_os	0
0053ff30	platform_os	0
0053ff70	platform_os	0
0053ff90	platform_os	0
0053ffe0	platform_os	0
00540040	platform_os	0
00540080	platform_os	0
005400d0	platform_os	0
00540120	platform_os	0
00540166	platform_os	0
00540180	platform_os	0
00540250	platform_os	0
00540340	platform_os	0
00540390	platform_os	0
005403f0	platform_os	0
00540440	platform_os	0
00540481	platform_os	0
005404a0	platform_os	0
005404f0	platform_os	0
00540530	platform_os	0
00540582	platform_os	0
005405b0	platform_os	0
005405e0	platform_os	0
00540610	platform_os	0
00540640	platform_os	0
00540670	platform_os	0
005406b0	platform_os	0
00540700	platform_os	0
00540720	platform_os	0
00540750	platform_os	0
00540770	platform_os	0
005407a0	platform_os	0
005407d2	platform_os	0
005407f0	platform_os	0
00540835	platform_os	0
00540850	platform_os	0
00540880	platform_os	0
005408b0	platform_os	0
00540950	platform_os	0
00540980	platform_os	0
005409b0	platform_os	0
005409e0	platform_os	0
00540a10	platform_os	0
00540a40	platform_os	0
00540a70	platform_os	0
00540ae0	platform_os	0
00540b30	platform_os	0
00540b80	platform_os	0
00540bd0	platform_os	0
00540cc0	platform_os	0
00540dc0	platform_os	0
00540e20	platform_os	0
00540e80	platform_os	0
00540f80	platform_os	0
00541040	platform_os	0
005410c0	platform_os	0
00541150	platform_os	0
00541170	platform_os	0
00541190	platform_os	0
005411b0	platform_os	0
005411d0	platform_os	0
00541200	platform_os	0
00541230	platform_os	0
00541260	platform_os	0
00541290	platform_os	0
005412cc	eh_funclets	0
005412e1	eh_funclets	0
005412f6	eh_funclets	0
00541320	platform_os	0
00541330	platform_os	1
00541336	platform_os	0
00541340	platform_os	0
00541490	platform_os	1
00541a60	platform_os	0
00541a70	platform_os	0
00541bd0	platform_os	0
00541c40	platform_os	0
00541d5e	platform_os	0
00541d70	platform_os	0
00541d80	platform_os	0
00541d90	platform_os	0
00541dd0	platform_os	0
00541e60	world_entities	0
00541e90	world_entities	0
00541eb0	world_entities	0
00541ec0	world_entities	0
00541ed0	world_entities	0
00541f10	world_entities	0
00541f20	world_entities	0
00541f30	world_entities	0
00541f40	world_entities	0
00541f70	world_entities	0
00541f80	world_entities	0
00541fa0	world_entities	0
00541fc0	world_entities	0
00541fd0	world_entities	0
00541ff0	world_entities	0
00542010	world_entities	0
00542020	world_entities	0
00542040	world_entities	0
00542060	world_entities	0
00542070	world_entities	0
00542090	world_entities	0
005420a0	world_entities	0
005420b0	world_entities	0
005420c0	world_entities	0
005420e0	world_entities	0
005420f0	world_entities	0
00542100	world_entities	0
00542110	world_entities	0
00542140	world_entities	0
00542160	world_entities	0
00542170	world_entities	0
00542180	world_entities	0
005421b0	world_entities	0
005421d0	world_entities	0
00542240	world_entities	0
00542260	world_entities	0
00542450	world_entities	0
005424c0	world_entities	0
00542560	world_entities	0
00542800	world_entities	0
00542860	world_entities	0
005428c0	world_entities	0
005429f0	world_entities	0
00542a50	world_entities	0
00542b50	world_entities	0
00542ce0	world_entities	0
00542dd0	world_entities	0
00542e20	world_entities	0
00542fe0	world_entities	0
005430a0	world_entities	0
00543100	world_entities	0
00543220	world_entities	0
005433b0	world_entities	0
00543490	world_entities	0
00543540	world_entities	0
00543580	world_entities	0
005435c0	world_entities	0
00543890	world_entities	0
00543c90	world_entities	0
00543d60	world_entities	0
00543e90	world_entities	0
00544100	world_entities	0
00544144	world_entities	0
00544280	world_entities	0
005442f0	world_entities	0
005446a0	world_entities	0
005447b0	world_entities	0
00544843	world_entities	0
00544847	world_entities	0
00544850	world_entities	0
005448b0	world_entities	0
00544990	world_entities	0
005449b0	world_entities	0
00544a30	world_entities	0
00544b17	world_entities	0
00544b3a	world_entities	0
00544c40	world_entities	0
00544d50	world_entities	0
005454c0	world_entities	0
00545980	world_entities	0
00546670	world_entities	0
00546d00	world_entities	0
00546db0	world_entities	0
00546ed0	world_entities	0
00546ff0	world_entities	0
00547b80	world_entities	0
00548320	world_entities	0
005483d0	world_entities	0
005485e0	world_entities	0
00548680	world_entities	0
0054a2c0	world_entities	0
0054ba60	world_entities	0
0054bf3a	world_entities	0
0054c3fd	world_entities	0
0054cfde	world_entities	0
0054cff0	world_entities	0
0054d16a	world_entities	0
0054d570	world_entities	0
0054d690	world_entities	0
0054d920	world_entities	0
0054dab0	world_entities	0
0054db10	world_entities	0
0054dec0	world_entities	0
0054dfb0	world_entities	0
0054e8b0	core_math_containers	0
0054e8c0	core_math_containers	0
0054e8d0	core_math_containers	0
0054e8f0	core_math_containers	0
0054e910	core_math_containers	0
0054e930	core_math_containers	0
0054e990	core_math_containers	0
0054e9d0	core_math_containers	0
0054ea10	core_math_containers	0
0054ea60	core_math_containers	0
0054ea90	core_math_containers	0
0054ead0	core_math_containers	0
0054eb10	core_math_containers	0
0054eb30	core_math_containers	0
0054eb50	core_math_containers	0
0054eb70	core_math_containers	0
0054ec00	core_math_containers	0
0054ec80	core_math_containers	0
0054ece0	core_math_containers	1
0054ed20	core_math_containers	0
0054ed4a	core_math_containers	0
0054ed90	core_math_containers	0
0054edf0	core_math_containers	0
0054ee30	core_math_containers	1
0054ee5a	core_math_containers	0
0054eea0	core_math_containers	1
0054eef0	core_math_containers	1
0054ef40	core_math_containers	0
0054ef90	core_math_containers	0
0054efd0	world_entities	0
0054f010	world_entities	0
0054f050	world_entities	0
0054f070	core_math_containers	0
0054f090	core_math_containers	0
0054f0c0	core_math_containers	0
0054f0d0	core_math_containers	0
0054f1b0	core_math_containers	0
0054f1e0	world_entities	0
0054f200	world_entities	0
0054f2b0	world_entities	0
0054f3a0	world_entities	0
0054f3b0	world_entities	0
0054f440	world_entities	0
0054f490	world_entities	0
0054f4c0	world_entities	0
0054f560	world_entities	0
0054f5d0	world_entities	0
0054f610	world_entities	0
0054f690	unclassified	0
0054f6a0	unclassified	0
0054f6b0	core_math_containers	0
0054f6d0	core_math_containers	1
0054f6e0	core_math_containers	1
0054f710	core_math_containers	1
0054f730	core_math_containers	1
0054f740	core_math_containers	1
0054f770	core_math_containers	1
0054f790	core_math_containers	1
0054f7a0	core_math_containers	1
0054f7d0	core_math_containers	1
0054f7f0	core_math_containers	1
0054f820	core_math_containers	1
0054f840	core_math_containers	1
0054f870	core_math_containers	1
0054f890	core_math_containers	1
0054f8a0	core_math_containers	1
0054f8d0	core_math_containers	1
0054f8f0	core_math_containers	1
0054f900	core_math_containers	1
0054f930	core_math_containers	1
0054f950	core_math_containers	1
0054f960	core_math_containers	1
0054f990	core_math_containers	1
0054f9b0	core_math_containers	1
0054f9c0	core_math_containers	1
0054f9f0	core_math_containers	1
0054fa10	core_math_containers	1
0054fa60	core_math_containers	1
0054fab0	core_math_containers	1
0054fb00	core_math_containers	0
0054fb50	core_math_containers	0
0054fba0	core_math_containers	0
0054fbf0	core_math_containers	0
0054fc40	core_math_containers	0
0054fc90	core_math_containers	0
0054fce0	core_math_containers	0
0054fd30	core_math_containers	0
0054fd80	core_math_containers	0
0054fdd0	core_math_containers	0
0054fe20	core_math_containers	0
0054fe70	core_math_containers	0
0054fec0	core_math_containers	0
0054ff10	core_math_containers	0
0054ff60	core_math_containers	0
0054ff90	core_math_containers	0
0054ffc0	core_math_containers	0
0054fff0	core_math_containers	0
00550020	core_math_containers	0
0055004e	core_math_containers	0
00550050	core_math_containers	0
00550080	core_math_containers	0
00550170	core_math_containers	0
00550180	core_math_containers	0
005501e0	core_math_containers	0
00550230	core_math_containers	0
00550250	core_math_containers	0
005502b0	core_math_containers	0
00550300	core_math_containers	0
00550320	core_math_containers	0
00550380	core_math_containers	0
005503d0	core_math_containers	0
005503f0	core_math_containers	0
00550450	core_math_containers	0
005504a0	core_math_containers	0
005504c0	core_math_containers	0
00550520	core_math_containers	0
00550570	core_math_containers	0
005505d0	core_math_containers	0
00550620	core_math_containers	0
00550640	core_math_containers	0
005506a0	core_math_containers	0
005506f0	core_math_containers	0
00550750	core_math_containers	0
005507a0	core_math_containers	0
005507c0	core_math_containers	0
00550820	core_math_containers	0
00550870	collision	0
00550890	core_math_containers	0
005508f0	core_math_containers	0
00550940	peds_ai	0
00550960	core_math_containers	0
005509c0	core_math_containers	0
00550a10	peds_ai	0
00550a30	core_math_containers	0
00550a90	core_math_containers	0
00550ae0	peds_ai	0
00550b00	core_math_containers	0
00550b60	core_math_containers	0
00550bb0	peds_ai	0
00550bd0	core_math_containers	0
00550c30	core_math_containers	0
00550c80	vehicles	0
00550ca0	core_math_containers	0
00550d00	core_math_containers	0
00550d50	peds_ai	0
00550d70	core_math_containers	0
00550dd0	core_math_containers	0
00550e20	peds_ai	0
00550e40	core_math_containers	0
00550ea0	core_math_containers	0
00550ef0	peds_ai	0
00550f10	core_math_containers	0
005512f0	core_math_containers	0
00551350	core_math_containers	0
005513b0	core_math_containers	0
00551410	core_math_containers	0
00551470	core_math_containers	0
005514d0	core_math_containers	0
00551530	core_math_containers	0
00551590	core_math_containers	0
005515f0	core_math_containers	0
00551650	core_math_containers	0
005516b0	core_math_containers	0
00551710	core_math_containers	0
00551770	core_math_containers	0
005517d0	core_math_containers	0
00551830	core_math_containers	0
00551890	core_math_containers	0
005518f0	core_math_containers	0
00551950	core_math_containers	0
005519f0	core_math_containers	0
00551a40	core_math_containers	0
00551d30	core_math_containers	0
00551e50	core_math_containers	0
00551e70	core_math_containers	0
005520a0	core_math_containers	0
00552140	core_math_containers	0
00552160	core_math_containers	0
00552190	core_math_containers	1
005521a0	core_math_containers	1
005521b0	core_math_containers	0
005521d0	core_math_containers	0
00552200	core_math_containers	0
00552220	core_math_containers	0
00552240	core_math_containers	0
005522b0	core_math_containers	0
005522e0	core_math_containers	0
00552350	core_math_containers	0
00552380	core_math_containers	1
00552390	core_math_containers	1
005523c0	core_math_containers	1
005523d0	core_math_containers	1
00552400	core_math_containers	0
00552470	core_math_containers	0
005524e0	core_math_containers	1
00552520	core_math_containers	1
005525a0	core_math_containers	1
00552640	core_math_containers	1
005526a0	core_math_containers	1
005527b0	core_math_containers	1
005527c0	core_math_containers	1
005527e0	core_math_containers	1
00552810	core_math_containers	1
00552830	core_math_containers	1
00552870	core_math_containers	1
005528c0	core_math_containers	1
00552930	core_math_containers	1
00552980	core_math_containers	1
005529f0	core_math_containers	1
00552a40	core_math_containers	1
00552a90	core_math_containers	1
00552af0	core_math_containers	1
00552b50	core_math_containers	1
00552bc0	core_math_containers	1
00552c00	core_math_containers	1
00552c80	core_math_containers	1
00552c90	core_math_containers	1
00552cd0	core_math_containers	1
00552d1d	core_math_containers	1
00552e4e	unclassified	0
00552e60	unclassified	0
00552e70	unclassified	0
00552ec0	unclassified	0
00552ee0	unclassified	0
00552f70	render	0
00552f80	render	0
00552fe0	render	0
00553010	render	0
005530e0	render	0
005530f0	render	0
00553100	render	0
00553110	render	0
00553120	render	0
00553130	render	0
00553140	render	0
00553150	render	0
00553160	render	0
00553170	render	0
00553180	render	0
00553190	render	0
005531c0	render	0
005531d0	render	0
005531e0	render	0
00553220	render	0
00553230	render	0
00553260	render	0
00553370	world_entities	0
00553390	render	0
005533b0	peds_ai	0
005533d0	vehicles	0
005533f0	world_entities	0
00553410	world_entities	0
00553430	world_entities	0
005534b0	render	0
00553540	render	0
005535d0	render	0
00553650	render	0
005536d0	render	0
005536e0	render	0
005536f0	render	0
00553710	render	0
00553740	render	0
00553770	render	0
005538e0	render	0
005538f0	render	0
00553900	render	0
00553910	render	0
005539dd	render	0
00553a10	render	0
00553aa0	render	0
00553af8	render	0
00553d00	render	0
00553dc0	world_entities	0
00553e10	world_entities	0
00553e40	render	0
00553f00	peds_ai	0
00553f20	vehicles	0
00553f40	world_entities	0
00553f60	render	0
00554230	render	0
00554650	render	0
00554840	render	0
00554b10	render	0
00554c60	render	0
00554eb0	render	0
00554fa0	world_entities	0
00554fe0	render	0
00555680	render	0
00555698	render	0
005556e0	render	0
00555900	render	0
00555960	render	0
00555cb0	render	0
00555db0	world_entities	0
00555dc0	world_entities	0
00555dc7	world_entities	0
00555df0	world_entities	0
00555e40	world_entities	0
00555f80	world_entities	0
00555fb0	world_entities	0
00556000	world_entities	0
00556030	world_entities	0
00556070	world_entities	0
005561b0	world_entities	0
00556278	world_entities	0
00556760	world_entities	0
00556780	world_entities	0
00556800	world_entities	0
005569c0	world_entities	0
00556ae0	world_entities	0
00556b10	world_entities	0
00556b40	world_entities	0
0055747d	world_entities	0
00557512	world_entities	0
00557530	world_entities	0
00558d10	world_entities	0
00558d70	world_entities	0
00558db0	scripts_missions	0
00558dc0	scripts_missions	0
00558dd0	scripts_missions	0
00558de0	scripts_missions	0
00558e30	scripts_missions	0
00558e40	scripts_missions	0
00558e70	scripts_missions	0
00558e80	scripts_missions	0
00558ea0	scripts_missions	0
00558ec0	scripts_missions	0
00558f80	scripts_missions	0
00558f90	scripts_missions	0
00558fa0	scripts_missions	0
00559010	scripts_missions	0
00559080	scripts_missions	0
005591e0	scripts_missions	0
00559230	scripts_missions	0
00559540	scripts_missions	0
00559560	scripts_missions	0
00559590	scripts_missions	0
005595f0	scripts_missions	0
00559630	scripts_missions	0
00559730	scripts_missions	0
00559760	scripts_missions	0
005597c7	scripts_missions	0
00559860	scripts_missions	0
005599b0	scripts_missions	0
00559a50	scripts_missions	0
00559af0	scripts_missions	0
00559fa0	scripts_missions	0
0055a070	scripts_missions	0
0055a0b0	scripts_missions	0
0055a160	scripts_missions	0
0055a210	scripts_missions	0
0055a780	scripts_missions	0
0055b900	scripts_missions	0
0055b980	scripts_missions	0
0055bbc9	scripts_missions	0
0055bc50	scripts_missions	0
0055bf20	scripts_missions	0
0055c0a1	scripts_missions	0
0055c0c0	scripts_missions	0
0055c180	scripts_missions	0
0055c410	scripts_missions	0
0055c470	scripts_missions	0
0055c660	scripts_missions	0
0055c6f0	scripts_missions	0
0055c780	scripts_missions	0
0055c990	scripts_missions	0
0055cac0	scripts_missions	0
0055cc00	scripts_missions	0
0055cd60	scripts_missions	0
0055ceb0	scripts_missions	0
0055cfa0	scripts_missions	0
0055cfc0	scripts_missions	0
0055d030	scripts_missions	0
0055d090	scripts_missions	0
0055d0c0	file_loading	0
0055d0d0	file_loading	0
0055d0e0	file_loading	0
0055d15d	file_loading	0
0055d220	file_loading	0
0055e5c0	file_loading	0
0055e5e0	file_loading	0
0055e600	file_loading	0
0055e630	file_loading	0
0055e650	file_loading	0
0055e670	file_loading	0
0055e690	file_loading	0
0055e6b0	file_loading	0
0055e6d0	file_loading	0
0055e6f0	file_loading	0
0055e710	file_loading	0
0055e730	file_loading	0
0055e750	file_loading	0
0055e770	file_loading	0
0055e790	file_loading	0
0055e7b0	file_loading	0
0055e7d0	file_loading	0
0055e7f0	file_loading	0
0055e810	file_loading	0
0055e830	file_loading	0
0055e850	file_loading	0
0055e870	file_loading	0
0055e890	file_loading	0
0055e8b0	file_loading	0
0055e8d0	file_loading	0
0055e8f0	file_loading	0
0055e910	file_loading	0
0055e930	file_loading	0
0055e950	file_loading	0
0055e970	file_loading	0
0055e990	file_loading	0
0055e9b0	file_loading	0
0055e9d0	file_loading	0
0055e9f0	file_loading	0
0055ea10	file_loading	0
0055ea30	file_loading	0
0055ea50	file_loading	0
0055ea70	file_loading	0
0055ea90	file_loading	0
0055eab0	file_loading	0
0055ead0	file_loading	0
0055eaf0	file_loading	0
0055eb10	file_loading	0
0055eb30	file_loading	0
0055eb50	file_loading	0
0055eb90	file_loading	0
0055f2b0	file_loading	0
0055f420	file_loading	0
0055f440	file_loading	0
0055f450	file_loading	0
0055f460	file_loading	0
0055f470	collision	0
0055f4b0	collision	0
0055f7f0	collision	0
0055f810	collision	0
0055f830	collision	0
0055f850	collision	0
0055f870	collision	0
0055fec0	file_loading	0
0055ff20	file_loading	0
0055ff40	file_loading	0
0055ffd0	file_loading	0
005601e0	file_loading	0
005601f0	file_loading	0
00560210	file_loading	0
00560330	file_loading	0
00560340	file_loading	0
00560350	file_loading	0
00560360	file_loading	0
00560370	file_loading	0
00560380	file_loading	0
00560390	file_loading	0
005603a0	file_loading	0
005603b0	file_loading	0
005603c0	file_loading	0
005603d0	file_loading	0
0056053d	file_loading	0
005616e0	file_loading	0
00561760	file_loading	0
005617a0	platform_os	1
005617c0	platform_os	1
005617d0	platform_os	0
005617e0	platform_os	0
005618c0	platform_os	0
005618d0	platform_os	0
005619d0	platform_os	0
00561a00	platform_os	0
00561a40	platform_os	0
00561a50	platform_os	0
00561a80	platform_os	0
00561aa0	platform_os	0
00561ad0	platform_os	0
00561af0	platform_os	0
00561b00	platform_os	0
00561b10	platform_os	0
00561c70	peds_ai	0
00561c90	peds_ai	0
00561e70	peds_ai	0
00561f30	peds_ai	0
00561f40	peds_ai	0
00561f60	peds_ai	0
00561f80	peds_ai	0
00561fa0	peds_ai	0
00561fd0	peds_ai	0
00561fe0	peds_ai	0
00561fea	peds_ai	0
00561ff0	peds_ai	0
00562000	peds_ai	0
00562029	peds_ai	0
00562120	peds_ai	0
0056229e	peds_ai	0
00562300	peds_ai	0
00562330	peds_ai	0
00562360	peds_ai	0
00562390	peds_ai	0
00562410	peds_ai	0
00562430	peds_ai	0
00562470	peds_ai	0
00562516	peds_ai	0
00562540	peds_ai	0
00562570	peds_ai	0
005625a0	peds_ai	0
005625f0	peds_ai	0
00562760	peds_ai	0
005627d0	peds_ai	0
00562b00	peds_ai	0
00562c10	peds_ai	0
00562c40	peds_ai	0
00562c90	peds_ai	0
00562eaa	peds_ai	0
00562ec8	peds_ai	0
00562f60	peds_ai	0
00562fb0	peds_ai	0
00563060	peds_ai	0
00563100	peds_ai	0
00563110	peds_ai	0
00563120	world_entities	0
00563130	world_entities	0
00563180	world_entities	0
00563190	world_entities	0
005631b0	world_entities	0
005631c0	world_entities	0
005631e0	world_entities	0
00563220	world_entities	0
00563280	world_entities	0
005632b0	world_entities	0
00563390	world_entities	0
005633d0	world_entities	0
00563430	world_entities	0
00563470	world_entities	0
005634cd	world_entities	0
00563500	world_entities	0
005635c0	world_entities	0
00563690	world_entities	0
005636a0	world_entities	0
00563840	world_entities	0
00563950	world_entities	0
005639d0	world_entities	0
00563a10	world_entities	0
00563a80	world_entities	0
00563a9d	world_entities	0
00563d00	world_entities	0
00563f20	world_entities	0
00563f30	world_entities	0
00563f40	world_entities	0
00563f5b	world_entities	0
00563fa0	world_entities	0
00563fad	world_entities	0
00563fd0	world_entities	0
00563fdd	world_entities	0
00564000	world_entities	0
00564040	world_entities	0
00564050	world_entities	0
00564360	world_entities	0
0056438d	world_entities	0
00564420	world_entities	0
00564500	world_entities	0
00564600	world_entities	0
005647f0	world_entities	0
00564970	world_entities	0
00564a20	world_entities	0
00564c70	world_entities	0
00564ed0	world_entities	0
00564faa	world_entities	0
00565000	world_entities	0
005650e0	world_entities	0
00565200	world_entities	0
00565300	world_entities	0
00565450	world_entities	0
00565510	world_entities	0
00565610	world_entities	0
00565800	world_entities	0
005659f0	world_entities	0
00565b70	world_entities	0
00565cb0	world_entities	0
00565e80	world_entities	0
005660b0	world_entities	0
00566140	world_entities	0
00566420	world_entities	0
005664a0	world_entities	0
00566510	world_entities	0
00566610	world_entities	0
005667f0	world_entities	0
005668f0	world_entities	0
00566950	world_entities	0
00566a60	world_entities	0
00566c10	world_entities	0
00566c90	world_entities	0
00566da0	world_entities	0
00566ee0	world_entities	0
00566fd6	world_entities	0
005674e0	world_entities	0
005674ec	world_entities	0
00567620	world_entities	0
00567750	world_entities	0
005684a0	world_entities	0
005684da	world_entities	0
005687bd	world_entities	0
00568ad0	world_entities	0
00568b80	world_entities	0
00568dd0	world_entities	0
00568ff0	world_entities	0
005690ca	world_entities	0
00569240	world_entities	0
005693f0	world_entities	0
005694d9	world_entities	0
00569660	world_entities	0
005696c0	world_entities	0
00569750	world_entities	0
005697f0	world_entities	0
00569850	world_entities	0
00569e20	world_entities	0
0056a0d0	world_entities	0
0056a0f9	world_entities	0
0056a34d	world_entities	0
0056a490	world_entities	0
0056b076	world_entities	0
0056b5e0	world_entities	0
0056b5ef	world_entities	0
0056b790	world_entities	0
0056b85d	world_entities	0
0056b910	world_entities	0
0056b9c0	world_entities	0
0056ba00	world_entities	0
0056c145	world_entities	0
0056c5ad	peds_ai	0
0056c775	peds_ai	0
0056c848	peds_ai	0
0056c919	peds_ai	0
0056cde0	peds_ai	0
0056cdf0	peds_ai	0
0056ce00	peds_ai	0
0056ce30	peds_ai	0
0056ce70	peds_ai	0
0056ce80	peds_ai	0
0056cee0	peds_ai	0
0056ceed	peds_ai	0
0056cf20	peds_ai	0
0056cf90	peds_ai	0
0056d050	peds_ai	0
0056d070	platform_os	0
0056d180	file_loading	0
0056d1a0	file_loading	0
0056d1c0	file_loading	0
0056d1e0	file_loading	0
0056d200	file_loading	0
0056d210	file_loading	0
0056d220	file_loading	0
0056d230	file_loading	0
0056d240	file_loading	0
0056d250	file_loading	0
0056d260	file_loading	0
0056d270	file_loading	0
0056d280	file_loading	0
0056d290	file_loading	0
0056d2a0	file_loading	0
0056d2b0	file_loading	0
0056d2c0	file_loading	0
0056d2d0	file_loading	0
0056d2e0	file_loading	0
0056d370	file_loading	0
0056d390	file_loading	0
0056d420	file_loading	0
0056d510	file_loading	0
0056d650	file_loading	0
0056d7ad	audio	0
0056d7f0	audio	0
0056d94d	audio	0
0056d9e0	audio	0
0056d9f0	audio	0
0056da00	audio	0
0056da10	audio	0
0056da30	audio	0
0056da40	audio	0
0056da50	peds_ai	0
0056da80	peds_ai	0
0056dab0	peds_ai	0
0056dad0	peds_ai	0
0056dbd0	peds_ai	0
0056de0d	peds_ai	0
0056df50	peds_ai	0
0056dfb0	peds_ai	0
0056e010	peds_ai	1
0056e090	peds_ai	1
0056e0d0	peds_ai	1
0056e120	peds_ai	1
0056e160	peds_ai	1
0056e210	peds_ai	1
0056e230	peds_ai	1
0056e250	peds_ai	1
0056e320	peds_ai	1
0056e400	peds_ai	1
0056e450	peds_ai	1
0056e520	peds_ai	1
0056e550	peds_ai	0
0056e560	peds_ai	0
0056e570	peds_ai	0
0056e580	peds_ai	0
0056e5d0	peds_ai	0
0056e610	peds_ai	0
0056e830	peds_ai	0
0056e860	peds_ai	0
0056e870	peds_ai	0
0056ea30	peds_ai	0
0056ea80	peds_ai	0
0056eab0	peds_ai	0
0056eb30	peds_ai	0
0056ec40	peds_ai	0
0056ec80	peds_ai	0
0056ef90	weapons_combat	0
0056f03a	weapons_combat	0
0056f09d	weapons_combat	0
0056f200	peds_ai	0
0056f210	peds_ai	0
0056f320	peds_ai	0
0056f330	peds_ai	0
0056f4e0	peds_ai	0
0056f507	peds_ai	0
0056f7d0	peds_ai	0
0056f810	peds_ai	0
0056f850	peds_ai	0
0056f870	peds_ai	0
0056f890	peds_ai	0
0056f8d0	peds_ai	0
005717f0	peds_ai	0
00571840	peds_ai	0
00571880	peds_ai	0
00571920	peds_ai	0
00571970	scripts_missions	0
00571980	scripts_missions	0
00571990	scripts_missions	0
005719a0	core_math_containers	0
005719b0	core_math_containers	0
005719e0	core_math_containers	0
00571a00	world_entities	0
00571a40	world_entities	0
00571a90	world_entities	0
00571ad0	core_math_containers	0
00571b70	world_entities	0
00571b99	world_entities	0
00571cc0	core_math_containers	0
00571d70	scripts_missions	0
00571d80	scripts_missions	0
00571d90	scripts_missions	0
00571e40	scripts_missions	0
00571e60	scripts_missions	0
00571e90	scripts_missions	0
00571ea0	vehicles	0
00571ee0	scripts_missions	0
00571f10	scripts_missions	0
00571f20	scripts_missions	0
00572030	vehicles	0
00572040	vehicles	0
005720a0	scripts_missions	0
005720c0	world_entities	0
005720d0	world_entities	0
00572110	world_entities	0
00572130	world_entities	0
00572180	world_entities	0
00572220	world_entities	0
00572270	world_entities	0
00572300	world_entities	0
00572360	world_entities	0
00572400	world_entities	0
00572440	world_entities	0
00572464	world_entities	0
0057246d	world_entities	0
00572590	world_entities	0
005725a0	world_entities	0
005725b0	world_entities	0
00572670	world_entities	0
00572800	world_entities	0
005728a0	world_entities	0
0057290d	world_entities	0
00572b60	ui_hud_frontend	0
00572b70	world_entities	0
00572b80	world_entities	0
00572bee	ui_hud_frontend	0
00572c40	world_entities	0
00572cc0	world_entities	0
00572d10	world_entities	0
00572d70	ui_hud_frontend	0
00572d80	ui_hud_frontend	0
00572d90	ui_hud_frontend	0
00572da0	ui_hud_frontend	0
00572db0	ui_hud_frontend	0
00572dd0	ui_hud_frontend	0
00572df0	ui_hud_frontend	0
00572e10	ui_hud_frontend	0
00572e30	ui_hud_frontend	0
00572e50	ui_hud_frontend	0
00572e60	ui_hud_frontend	0
00572e70	ui_hud_frontend	0
00572e90	ui_hud_frontend	0
00572ea0	ui_hud_frontend	0
00572eb0	ui_hud_frontend	0
00572ec0	ui_hud_frontend	0
005730a0	ui_hud_frontend	0
00573260	ui_hud_frontend	0
0057331a	ui_hud_frontend	0
00573330	ui_hud_frontend	0
005733e0	ui_hud_frontend	0
005733ea	ui_hud_frontend	0
00573410	ui_hud_frontend	0
00573440	ui_hud_frontend	0
00573680	ui_hud_frontend	0
00573840	ui_hud_frontend	0
005738b0	ui_hud_frontend	0
00573920	ui_hud_frontend	0
00573990	ui_hud_frontend	0
00573a00	ui_hud_frontend	0
00573a60	ui_hud_frontend	0
00573ae0	ui_hud_frontend	0
00573c4e	ui_hud_frontend	0
00573c90	ui_hud_frontend	0
00573cd0	ui_hud_frontend	0
00573cf0	ui_hud_frontend	0
00573e70	ui_hud_frontend	0
00573ee0	ui_hud_frontend	0
00574010	ui_hud_frontend	0
00574330	ui_hud_frontend	0
00574340	ui_hud_frontend	0
00574350	ui_hud_frontend	0
005744d0	ui_hud_frontend	0
00574630	ui_hud_frontend	0
005746f0	ui_hud_frontend	0
00574900	ui_hud_frontend	0
00575130	ui_hud_frontend	0
00576320	ui_hud_frontend	0
00576860	ui_hud_frontend	0
00576ae0	ui_hud_frontend	0
00576b70	ui_hud_frontend	0
00576fe0	ui_hud_frontend	0
0057734a	ui_hud_frontend	0
005773d0	ui_hud_frontend	0
00578d60	ui_hud_frontend	0
00578f50	ui_hud_frontend	0
00579330	ui_hud_frontend	0
00579440	ui_hud_frontend	0
005794a0	ui_hud_frontend	0
0057a120	ui_hud_frontend	0
0057b3aa	ui_hud_frontend	0
0057b440	ui_hud_frontend	0
0057b480	ui_hud_frontend	0
0057b4fa	ui_hud_frontend	0
0057b609	ui_hud_frontend	0
0057b750	ui_hud_frontend	0
0057c290	ui_hud_frontend	0
0057c330	ui_hud_frontend	0
0057c360	ui_hud_frontend	0
0057c380	ui_hud_frontend	0
0057c390	ui_hud_frontend	0
0057c3a0	ui_hud_frontend	0
0057c3c0	ui_hud_frontend	0
0057c3e0	ui_hud_frontend	0
0057c400	ui_hud_frontend	0
0057c420	ui_hud_frontend	0
0057c440	ui_hud_frontend	0
0057c460	ui_hud_frontend	0
0057c480	ui_hud_frontend	0
0057c490	ui_hud_frontend	0
0057c4c9	ui_hud_frontend	0
0057c4f0	ui_hud_frontend	0
0057c520	ui_hud_frontend	0
0057c5e0	ui_hud_frontend	0
0057c660	ui_hud_frontend	0
0057c8f0	ui_hud_frontend	0
0057cd10	ui_hud_frontend	0
0057cd30	ui_hud_frontend	0
0057cd50	ui_hud_frontend	0
0057cfcd	ui_hud_frontend	0
0057d520	ui_hud_frontend	0
0057d5bd	ui_hud_frontend	0
0057d720	ui_hud_frontend	0
0057d860	ui_hud_frontend	0
0057d8d0	ui_hud_frontend	0
0057db20	ui_hud_frontend	0
0057dde0	ui_hud_frontend	0
0057e240	ui_hud_frontend	0
0057e4d0	ui_hud_frontend	0
0057e6e0	ui_hud_frontend	0
0057e798	ui_hud_frontend	0
0057ef50	ui_hud_frontend	0
0057f300	ui_hud_frontend	0
0057fd70	ui_hud_frontend	0
0057fde9	ui_hud_frontend	0
00580625	ui_hud_frontend	0
00580750	ui_hud_frontend	0
005807c0	ui_hud_frontend	0
005807e0	ui_hud_frontend	0
00580800	ui_hud_frontend	0
00580b86	ui_hud_frontend	0
00580bd0	ui_hud_frontend	0
00580e00	ui_hud_frontend	0
005814c6	ui_hud_frontend	0
0058154a	ui_hud_frontend	0
005816e0	ui_hud_frontend	0
00581990	ui_hud_frontend	0
00581a65	ui_hud_frontend	0
00581b30	ui_hud_frontend	0
00581c10	ui_hud_frontend	0
00581c40	ui_hud_frontend	0
00581c90	ui_hud_frontend	0
00581cb0	ui_hud_frontend	0
00581ce0	ui_hud_frontend	0
00581d70	ui_hud_frontend	0
00581e00	ui_hud_frontend	0
00582050	ui_hud_frontend	0
00582080	ui_hud_frontend	0
005820a0	ui_hud_frontend	0
005820c0	ui_hud_frontend	0
005820e0	ui_hud_frontend	0
0058212d	ui_hud_frontend	0
0058216d	ui_hud_frontend	0
005822b0	ui_hud_frontend	0
005822d0	ui_hud_frontend	0
00582300	ui_hud_frontend	0
005825d0	ui_hud_frontend	0
00582600	ui_hud_frontend	0
00582630	ui_hud_frontend	0
00582780	ui_hud_frontend	0
005827a0	ui_hud_frontend	0
005827c0	ui_hud_frontend	0
005827d0	ui_hud_frontend	0
00582820	ui_hud_frontend	0
00582870	ui_hud_frontend	0
005828a0	ui_hud_frontend	0
005832f0	ui_hud_frontend	0
005832f5	ui_hud_frontend	0
00583350	ui_hud_frontend	0
00583420	ui_hud_frontend	0
00583480	ui_hud_frontend	0
00583530	ui_hud_frontend	0
005835a0	ui_hud_frontend	0
00583600	ui_hud_frontend	0
00583670	ui_hud_frontend	0
00583820	ui_hud_frontend	0
00583920	ui_hud_frontend	0
005839a0	ui_hud_frontend	0
00583ab0	ui_hud_frontend	0
00583af0	ui_hud_frontend	0
00583b40	ui_hud_frontend	0
00583c70	ui_hud_frontend	0
00583cc0	ui_hud_frontend	0
00583d20	ui_hud_frontend	0
00583d70	ui_hud_frontend	0
00583db0	ui_hud_frontend	0
00583e00	ui_hud_frontend	0
00583e50	ui_hud_frontend	0
00583eb0	ui_hud_frontend	0
00583f00	ui_hud_frontend	0
00583f40	ui_hud_frontend	0
00584070	ui_hud_frontend	0
00584480	ui_hud_frontend	0
00584770	ui_hud_frontend	0
00584850	ui_hud_frontend	0
00584960	ui_hud_frontend	0
00584a80	ui_hud_frontend	0
00584b00	ui_hud_frontend	1
00584b50	ui_hud_frontend	0
00584bb0	ui_hud_frontend	0
00584bf0	ui_hud_frontend	0
00584bfa	ui_hud_frontend	0
00584c00	ui_hud_frontend	0
00584c50	ui_hud_frontend	0
00584d40	ui_hud_frontend	1
00584d90	ui_hud_frontend	1
00584e00	ui_hud_frontend	1
00585040	ui_hud_frontend	0
005853d0	ui_hud_frontend	0
00585700	ui_hud_frontend	0
005858d0	ui_hud_frontend	0
00585940	ui_hud_frontend	0
00585960	ui_hud_frontend	0
005859f0	ui_hud_frontend	0
005859f6	ui_hud_frontend	0
00585b20	ui_hud_frontend	0
00585bf0	ui_hud_frontend	0
00585fc2	ui_hud_frontend	0
00585fe0	ui_hud_frontend	0
00585ff0	ui_hud_frontend	0
00586110	ui_hud_frontend	0
0058637a	ui_hud_frontend	0
00586520	ui_hud_frontend	0
00586650	ui_hud_frontend	0
005866c8	ui_hud_frontend	0
00586880	ui_hud_frontend	0
00586b00	ui_hud_frontend	0
00586d60	ui_hud_frontend	0
00587000	ui_hud_frontend	0
00587b89	ui_hud_frontend	0
00587c10	ui_hud_frontend	0
00587c60	ui_hud_frontend	0
00587ce0	ui_hud_frontend	0
00587d20	ui_hud_frontend	0
00587fb0	ui_hud_frontend	0
00588050	ui_hud_frontend	0
005882ea	ui_hud_frontend	0
0058830d	ui_hud_frontend	0
00588745	ui_hud_frontend	0
00588800	ui_hud_frontend	0
00588820	ui_hud_frontend	0
00588830	ui_hud_frontend	0
00588840	peds_ai	0
00588850	ui_hud_frontend	0
00588880	ui_hud_frontend	0
00588a50	ui_hud_frontend	0
00588b50	ui_hud_frontend	0
00588b60	ui_hud_frontend	0
00588bb0	ui_hud_frontend	0
00588be0	ui_hud_frontend	0
00588d40	ui_hud_frontend	0
00588e30	ui_hud_frontend	0
00588f50	ui_hud_frontend	0
00588f60	ui_hud_frontend	0
00588fc0	ui_hud_frontend	0
00589070	ui_hud_frontend	0
005890a0	ui_hud_frontend	0
00589190	ui_hud_frontend	0
00589260	ui_hud_frontend	0
00589270	ui_hud_frontend	0
005893b0	ui_hud_frontend	0
00589650	ui_hud_frontend	0
0058a160	ui_hud_frontend	0
0058a330	ui_hud_frontend	0
0058aa40	ui_hud_frontend	0
0058aa50	ui_hud_frontend	0
0058aea0	ui_hud_frontend	0
0058b180	ui_hud_frontend	0
0058b6e0	ui_hud_frontend	0
0058c080	ui_hud_frontend	0
0058c250	ui_hud_frontend	0
0058c6a0	ui_hud_frontend	0
0058ca50	ui_hud_frontend	0
0058cc80	ui_hud_frontend	0
0058d12f	ui_hud_frontend	0
0058d240	ui_hud_frontend	0
0058d490	ui_hud_frontend	0
0058d580	ui_hud_frontend	0
0058d5fa	ui_hud_frontend	0
0058d7d0	ui_hud_frontend	0
0058d9a0	ui_hud_frontend	0
0058e020	ui_hud_frontend	0
0058eaf0	ui_hud_frontend	0
0058fae0	ui_hud_frontend	0
0058fd20	ui_hud_frontend	0
0058fd50	ui_hud_frontend	0
0058fd90	ui_hud_frontend	0
0058fda0	ui_hud_frontend	0
0058fea0	ui_hud_frontend	0
0058fee0	ui_hud_frontend	0
0058ff10	render	0
0058ff60	render	0
005900b0	render	0
00590220	render	0
0059022d	render	0
00590240	render	0
00590280	render	0
005902b0	render	0
00590310	render	0
00590320	render	0
00590370	render	0
005904d0	render	0
00590530	render	0
00590570	render	0
005905e0	render	0
00590860	render	0
00590990	render	0
00590ac0	render	0
00590d00	render	0
00590de0	render	0
00590e00	world_entities	0
00590e20	world_entities	0
00590e70	world_entities	0
00590ec0	world_entities	0
00590ee0	world_entities	0
00590fd0	world_entities	0
005910a0	world_entities	0
005910b0	world_entities	0
005910e0	world_entities	0
00591130	world_entities	0
00591170	world_entities	0
005911a0	world_entities	0
005911bd	world_entities	0
005911e0	world_entities	0
00591220	world_entities	0
00591260	world_entities	0
005912e0	world_entities	0
00591360	world_entities	0
005913b0	world_entities	0
005913bd	world_entities	0
005913e0	world_entities	0
005914d0	world_entities	0
00591590	world_entities	0
005915d0	world_entities	0
00591680	world_entities	0
00591700	world_entities	0
005917c0	world_entities	0
005918e0	world_entities	0
00591920	world_entities	0
00591a60	world_entities	0
00591b20	world_entities	0
00591bd0	world_entities	0
00591c50	world_entities	0
00591d20	world_entities	0
00591e40	world_entities	0
00591f90	world_entities	0
005921d0	world_entities	0
00592230	world_entities	0
005922c0	world_entities	0
005924a0	world_entities	0
005929f0	world_entities	0
00592aa0	world_entities	0
00593120	world_entities	0
00593340	world_entities	0
005934e0	world_entities	0
00593910	world_entities	0
00593a6d	world_entities	0
00593bf0	world_entities	0
00593db0	world_entities	0
00593f10	world_entities	0
00593fc0	world_entities	0
005947e0	world_entities	0
00594840	world_entities	0
00594870	world_entities	0
005948c0	world_entities	0
00594920	world_entities	0
00594970	world_entities	0
00594a50	world_entities	0
00594b90	world_entities	0
00594ba0	world_entities	0
00594bd0	world_entities	0
00594be0	world_entities	0
00594bf0	world_entities	0
00594c10	world_entities	0
00594c8d	world_entities	0
00594e30	world_entities	0
00594e80	world_entities	0
00594e90	world_entities	0
005950c0	world_entities	0
005950d0	world_entities	0
00595160	world_entities	0
00595200	world_entities	0
0059521d	world_entities	0
00595244	world_entities	0
00595250	world_entities	0
00595260	world_entities	0
00595290	world_entities	0
00595320	world_entities	0
00595380	world_entities	0
00595590	world_entities	0
005965e0	world_entities	0
00596830	world_entities	0
00596890	world_entities	0
005968e0	world_entities	0
00596930	world_entities	0
00596e8d	world_entities	0
00596f65	world_entities	0
005970b0	world_entities	0
00597240	world_entities	0
00597430	world_entities	0
005974e0	world_entities	0
005975c0	world_entities	0
00597740	world_entities	0
00597fe0	world_entities	0
00598000	world_entities	0
00598010	world_entities	0
00598060	world_entities	0
00598070	world_entities	0
00598080	world_entities	0
00598090	world_entities	0
005980f0	world_entities	0
00598180	world_entities	0
00598240	world_entities	0
00598280	world_entities	0
005982b0	world_entities	0
005982f0	world_entities	0
00598360	world_entities	0
00598390	world_entities	0
005983d0	world_entities	0
00598430	world_entities	0
005984a0	world_entities	0
005984b0	world_entities	0
005984c0	world_entities	0
00598580	world_entities	0
00598620	world_entities	0
00598690	world_entities	0
00598a60	world_entities	0
00598acd	world_entities	0
00598d80	world_entities	0
00598f50	world_entities	0
00599210	world_entities	0
005993e0	world_entities	0
005995b0	world_entities	0
00599770	world_entities	0
00599960	world_entities	0
00599a30	world_entities	0
00599af0	world_entities	0
00599bb0	world_entities	0
00599cca	world_entities	0
00599dc0	world_entities	0
00599ef0	world_entities	0
0059a030	world_entities	0
0059a0e0	world_entities	0
0059a130	world_entities	0
0059a140	world_entities	0
0059a1b0	world_entities	0
0059a590	world_entities	0
0059a790	world_entities	0
0059a840	core_math_containers	0
0059aa40	core_math_containers	0
0059ac90	platform_os	0
0059ac99	platform_os	0
0059acd0	core_math_containers	0
0059acf0	core_math_containers	0
0059ad20	core_math_containers	0
0059ad70	core_math_containers	0
0059add0	core_math_containers	0
0059adf0	core_math_containers	0
0059ae70	core_math_containers	0
0059aea0	core_math_containers	0
0059aed0	core_math_containers	0
0059af00	core_math_containers	0
0059af40	core_math_containers	0
0059af80	core_math_containers	0
0059afa0	core_math_containers	0
0059afe0	core_math_containers	0
0059b020	core_math_containers	0
0059b060	core_math_containers	0
0059b0a0	core_math_containers	0
0059b0e0	core_math_containers	0
0059b120	core_math_containers	0
0059b1e0	core_math_containers	0
0059b2c0	core_math_containers	0
0059b390	core_math_containers	0
0059b460	core_math_containers	0
0059b6a0	core_math_containers	0
0059b7e0	core_math_containers	0
0059b890	core_math_containers	0
0059b8a0	core_math_containers	0
0059b8b0	core_math_containers	0
0059b920	core_math_containers	0
0059b9f0	core_math_containers	0
0059bad0	core_math_containers	0
0059bb60	core_math_containers	0
0059bbb0	core_math_containers	0
0059bbc0	core_math_containers	0
0059bbf0	core_math_containers	0
0059bcf0	core_math_containers	0
0059bd10	core_math_containers	0
0059bd90	core_math_containers	0
0059bdd0	core_math_containers	0
0059be30	core_math_containers	0
0059bfa0	core_math_containers	0
0059c050	core_math_containers	0
0059c080	core_math_containers	0
0059c160	core_math_containers	0
0059c230	core_math_containers	0
0059c270	core_math_containers	0
0059c300	core_math_containers	0
0059c3e0	core_math_containers	0
0059c530	core_math_containers	0
0059c600	core_math_containers	0
0059c630	core_math_containers	0
0059c670	core_math_containers	0
0059c6d0	core_math_containers	0
0059c730	core_math_containers	0
0059c790	core_math_containers	1
0059c810	core_math_containers	0
0059c890	core_math_containers	0
0059c910	core_math_containers	0
0059c970	core_math_containers	0
0059c9d0	core_math_containers	0
0059c9e0	core_math_containers	0
0059ca00	core_math_containers	0
0059ca10	core_math_containers	0
0059cb50	core_math_containers	0
0059cb60	core_math_containers	0
0059cb70	core_math_containers	0
0059cb90	core_math_containers	0
0059cba0	core_math_containers	0
0059cbb0	core_math_containers	0
0059cbc0	core_math_containers	0
0059cbd0	core_math_containers	0
0059cc60	core_math_containers	0
0059cc70	core_math_containers	0
0059ccc0	core_math_containers	0
0059cce0	core_math_containers	0
0059cd10	core_math_containers	0
0059cd50	core_math_containers	0
0059cd70	renderware	0
0059cd90	renderware	0
0059cde0	renderware	0
0059cec0	renderware	0
0059d09a	world_entities	0
0059d0f0	renderware	0
0059d100	renderware	0
0059d158	world_entities	0
0059d170	world_entities	0
0059d180	world_entities	0
0059d190	world_entities	0
0059d570	world_entities	0
0059d7f0	world_entities	0
0059d83d	world_entities	0
0059dd9a	world_entities	0
0059ddd0	world_entities	0
0059de40	world_entities	0
0059e1f0	world_entities	0
0059e220	world_entities	0
0059e24a	world_entities	0
0059e480	world_entities	0
0059e620	world_entities	0
0059e640	world_entities	0
0059e650	world_entities	0
0059e660	world_entities	0
0059e670	world_entities	0
0059e6a0	world_entities	0
0059e700	world_entities	0
0059e720	world_entities	0
0059e750	world_entities	0
0059e9b0	world_entities	0
0059ea00	world_entities	0
0059ea20	world_entities	0
0059eab0	world_entities	0
0059eac0	world_entities	0
0059eb20	world_entities	0
0059eb50	world_entities	0
0059eb70	world_entities	0
0059ec40	world_entities	0
0059ecd0	world_entities	0
0059ee80	world_entities	0
0059eeb0	world_entities	0
0059efe0	world_entities	0
0059f010	world_entities	0
0059f020	world_entities	0
0059f030	world_entities	0
0059f040	world_entities	0
0059f050	world_entities	0
0059f090	models	0
0059f0b0	collision	0
0059f0c0	collision	0
0059f120	world_entities	0
0059f13a	world_entities	0
0059f160	world_entities	0
0059f180	world_entities	0
0059f200	world_entities	0
0059f2d0	world_entities	0
0059f300	world_entities	0
0059f320	world_entities	0
0059f330	world_entities	0
0059f350	world_entities	0
0059f380	world_entities	0
0059f3a0	world_entities	0
0059f3c0	world_entities	0
0059f3e0	world_entities	0
0059f400	world_entities	0
0059f450	world_entities	0
0059f4b0	world_entities	0
0059f5c0	world_entities	0
0059f5e0	world_entities	0
0059f5f0	world_entities	0
0059f610	world_entities	0
0059f660	world_entities	0
0059f840	world_entities	0
0059fb50	world_entities	0
0059fbdd	world_entities	0
0059fd00	world_entities	0
0059fd50	world_entities	0
0059fee0	world_entities	0
005a02e0	world_entities	0
005a0760	world_entities	0
005a07d0	world_entities	0
005a0986	world_entities	0
005a0b50	world_entities	0
005a0d90	world_entities	0
005a1340	world_entities	0
005a1580	world_entities	0
005a17b0	world_entities	0
005a1840	world_entities	0
005a18b0	world_entities	0
005a1910	world_entities	0
005a1980	world_entities	0
005a1ab0	world_entities	0
005a1b60	world_entities	0
005a1c00	core_math_containers	0
005a1c20	core_math_containers	0
005a1c90	unclassified	0
005a1cd0	unclassified	0
005a1d10	world_entities	0
005a1d70	world_entities	0
005a1df0	world_entities	0
005a1ee0	world_entities	1
005a1ef0	world_entities	1
005a1f20	world_entities	1
005a1f60	world_entities	0
005a2070	world_entities	0
005a2130	world_entities	0
005a29a0	world_entities	0
005a2b90	world_entities	0
005a2bd0	world_entities	0
005a2c20	world_entities	0
005a2c80	world_entities	0
005a2c90	world_entities	0
005a2ca0	world_entities	0
005a2cb0	world_entities	0
005a2cf0	world_entities	0
005a2d00	world_entities	0
005a2e60	render	0
005a2e90	render	0
005a2ea0	render	0
005a2eb0	render	0
005a2f80	render	0
005a3070	file_loading	0
005a3090	file_loading	0
005a3110	file_loading	0
005a3120	file_loading	0
005a3130	file_loading	0
005a3140	file_loading	0
005a3260	render	0
005a3270	render	0
005a32d0	render	0
005a3850	render	0
005a3aea	render	0
005a3e20	file_loading	0
005a3ea0	file_loading	0
005a3ee0	file_loading	0
005a3f20	file_loading	0
005a3f70	file_loading	0
005a4030	world_entities	0
005a40e0	world_entities	0
005a40f0	world_entities	0
005a4110	world_entities	0
005a4120	world_entities	0
005a4130	world_entities	0
005a4150	unclassified	0
005a4190	models	0
005a41c0	models	0
005a4220	models	0
005a42b0	models	0
005a4380	models	0
005a43a0	models	0
005a44a0	models	0
005a44c0	models	0
005a44ea	models	0
005a47b0	models	0
005a47e0	models	0
005a4810	models	1
005a4840	models	0
005a48b0	models	0
005a4940	models	0
005a4f10	models	0
005a5340	models	0
005a55a0	models	0
005a56c0	models	0
005a56e0	models	0
005a56fd	models	0
005a5730	models	0
005a57b0	models	0
005a5820	models	0
005a59c0	models	0
005a5a3d	models	0
005a5bc0	models	0
005a5c6d	models	0
005a5eb0	models	0
005a5ef0	models	0
005a5f00	models	0
005a5f30	models	0
005a5f40	models	0
005a5f70	models	1
005a6040	models	0
005a6530	models	0
005a6557	models	0
005a6870	models	0
005a69d0	models	0
005a6db0	core_math_containers	0
005a6de0	core_math_containers	0
005a6e30	core_math_containers	0
005a6e40	core_math_containers	0
005a6e60	core_math_containers	0
005a6eb0	core_math_containers	0
005a6ed0	core_math_containers	0
005a6ef0	core_math_containers	0
005a6f00	core_math_containers	0
005a6f20	core_math_containers	0
005a6f50	core_math_containers	0
005a6f70	core_math_containers	0
005a6fc0	core_math_containers	0
005a7040	core_math_containers	0
005a70f0	core_math_containers	0
005a71e0	core_math_containers	0
005a7260	core_math_containers	0
005a7280	core_math_containers	0
005a72b0	core_math_containers	0
005a7300	core_math_containers	0
005a7350	core_math_containers	0
005a73c0	core_math_containers	0
005a7400	core_math_containers	0
005a7410	core_math_containers	1
005a7420	core_math_containers	1
005a7460	core_math_containers	0
005a7490	core_math_containers	0
005a74f0	core_math_containers	0
005a74fd	core_math_containers	0
005a7570	core_math_containers	0
005a75a0	core_math_containers	0
005a75b0	core_math_containers	0
005a7710	core_math_containers	0
005a7750	core_math_containers	0
005a7840	core_math_containers	0
005a7857	core_math_containers	0
005a78e0	models	0
005a78f0	models	0
005a7910	models	0
005a7920	models	0
005a7950	models	0
005a7970	models	0
005a79d0	models	0
005a7a20	models	1
005a7b30	models	0
005a7ea0	models	0
005a7f30	models	0
005a7fb0	models	0
005a8020	models	0
005a8050	models	0
005a8080	models	0
005a80d0	models	0
005a8120	models	0
005a81b0	models	0
005a81e0	models	0
005a8270	models	0
005a82c0	models	0
005a8390	models	0
005a83f0	models	0
005a8410	models	0
005a8430	models	0
005a85d0	scripts_missions	0
005a8660	scripts_missions	0
005a87c0	scripts_missions	0
005a87f0	scripts_missions	0
005af900	scripts_missions	1
005af910	scripts_missions	1
005af930	scripts_missions	1
005af950	scripts_missions	1
005af960	scripts_missions	1
005af980	scripts_missions	1
005af9a0	scripts_missions	1
005af9b0	scripts_missions	1
005af9d0	scripts_missions	1
005af9e0	scripts_missions	1
005afa40	scripts_missions	1
005afa50	scripts_missions	1
005afa90	scripts_missions	1
005afad0	scripts_missions	0
005afbc0	scripts_missions	0
005afd60	scripts_missions	0
005afe5a	scripts_missions	1
005b0130	scripts_missions	1
005b01e0	scripts_missions	0
005b02a0	scripts_missions	0
005b0380	scripts_missions	0
005b0390	scripts_missions	0
005b0420	scripts_missions	0
005b0440	scripts_missions	0
005b0450	scripts_missions	0
005b0480	scripts_missions	0
005b04b0	scripts_missions	0
005b04d0	scripts_missions	0
005b0550	scripts_missions	0
005b0570	scripts_missions	0
005b05a0	scripts_missions	0
005b060d	scripts_missions	1
005b06ea	scripts_missions	1
005b082d	scripts_missions	1
005b084d	scripts_missions	1
005b0b79	scripts_missions	1
005b1011	scripts_missions	1
005b11c0	scripts_missions	0
005b1219	scripts_missions	1
005b1387	scripts_missions	1
005b13f0	scripts_missions	0
005b1460	scripts_missions	0
005b14d0	scripts_missions	0
005b1700	scripts_missions	0
005b1720	scripts_missions	0
005b1980	world_entities	0
005b1990	world_entities	0
005b19b0	world_entities	0
005b19d0	world_entities	0
005b1a80	world_entities	0
005b1a90	world_entities	0
005b1ab0	world_entities	0
005b1b20	world_entities	0
005b1b90	world_entities	0
005b1de0	world_entities	0
005b1e00	world_entities	0
005b2090	world_entities	0
005b2330	camera	0
005b24a0	camera	0
005b24d0	camera	0
005b250a	camera	0
005b25f0	camera	0
005b2747	camera	0
005b2aa0	collision	0
005b2ab0	collision	0
005b2ac0	collision	0
005b2ad0	collision	0
005b2c20	collision	0
005b2cc0	collision	0
005b2cfd	collision	0
005b2dd0	collision	0
005b2e60	collision	0
005b2ed0	collision	0
005b2ef0	collision	0
005b2f10	collision	0
005b3040	collision	0
005b3150	collision	0
005b3160	collision	0
005b3180	collision	0
005b31a0	collision	0
005b3240	collision	0
005b3260	collision	0
005b3280	collision	0
005b32a0	collision	0
005b32c0	collision	0
005b32e0	collision	0
005b32f0	models	0
005b3310	models	0
005b3330	models	0
005b3350	models	0
005b3370	models	0
005b3390	models	0
005b33b0	models	0
005b33d0	models	0
005b33f0	models	0
005b3410	models	0
005b3430	models	0
005b3440	models	0
005b3450	models	0
005b3470	models	0
005b3490	models	0
005b34b0	models	0
005b34c0	models	0
005b34e0	models	0
005b3500	models	0
005b3510	models	0
005b3520	models	0
005b3530	models	0
005b3540	models	0
005b3550	models	0
005b3580	models	1
005b3590	models	0
005b35a0	models	0
005b35b0	models	0
005b35c0	models	0
005b35d0	models	0
005b35e0	models	0
005b3600	models	0
005b3610	models	0
005b3620	models	0
005b3630	models	0
005b3640	models	0
005b3650	models	0
005b3660	unclassified	0
005b3680	file_loading	1
005b36c0	file_loading	0
005b3860	file_loading	0
005b38c0	file_loading	0
005b38f0	file_loading	1
005b3910	file_loading	0
005b3930	file_loading	0
005b39d0	file_loading	0
005b3a30	file_loading	0
005b3ac0	file_loading	0
005b3ad0	models	0
005b3b20	models	0
005b3c30	models	0
005b3c60	file_loading	0
005b3de0	file_loading	0
005b3fb0	file_loading	0
005b4040	file_loading	0
005b40c0	file_loading	0
005b41c0	file_loading	0
005b41f0	file_loading	0
005b4380	file_loading	0
005b4530	file_loading	0
005b45d0	file_loading	0
005b4740	file_loading	0
005b47b0	file_loading	0
005b49d2	file_loading	0
005b4ab0	file_loading	0
005b4b40	file_loading	0
005b4c80	file_loading	0
005b4d70	file_loading	0
005b4e60	file_loading	0
005b5000	file_loading	0
005b51e0	unclassified	0
005b5336	world_entities	0
005b5360	world_entities	0
005b57c0	unclassified	0
005b6160	unclassified	0
005b6170	streaming	0
005b64e0	models	0
005b65a0	models	0
005b66dd	models	0
005b6890	models	0
005b6d40	peds_ai	0
005b6d8d	file_loading	0
005b6dc0	file_loading	0
005b6dd0	file_loading	0
005b6e10	file_loading	0
005b6f30	file_loading	0
005b7420	file_loading	0
005b75e0	file_loading	0
005b7670	file_loading	0
005b8030	file_loading	0
005b81d0	file_loading	0
005b82c0	streaming	0
005b8340	models	0
005b83a0	models	0
005b8400	file_loading	0
005b86d2	file_loading	0
005b8700	file_loading	0
005b8ad0	streaming	0
005b8f00	models	0
005b9030	file_loading	0
005b9330	audio	0
005b9340	audio	0
005b9359	audio	0
005b9390	audio	0
005b9630	audio	0
005b9660	audio	0
005b9690	audio	0
005b9788	audio	0
005b97f0	audio	0
005b9825	audio	0
005b98a0	audio	0
005b98c0	audio	0
005b9909	audio	0
005b993a	audio	0
005b99f0	audio	0
005b9a60	audio	0
005b9a70	audio	0
005b9a80	audio	0
005b9a90	audio	0
005b9aa0	audio	0
005b9ab0	audio	0
005b9b60	audio	0
005b9bd0	audio	0
005b9c30	audio	0
005b9c60	audio	0
005b9e30	models	0
005b9e40	models	0
005b9eb0	models	0
005b9f30	models	0
005b9f50	models	0
005b9f70	models	0
005b9f90	models	0
005b9fb0	models	0
005b9fd0	models	0
005b9ff0	models	0
005ba000	models	0
005ba020	platform_os	0
005ba050	platform_os	0
005ba060	platform_os	1
005ba0bc	platform_os	1
005ba10d	platform_os	0
005ba120	renderware	0
005ba150	unclassified	0
005ba160	platform_os	0
005ba1a0	platform_os	0
005ba400	platform_os	0
005ba490	platform_os	1
005ba520	platform_os	0
005ba690	render	0
005ba850	ui_hud_frontend	0
005ba8c0	models	0
005bb890	file_loading	0
005bb9f0	peds_ai	0
005bbac0	file_loading	0
005bbb06	file_loading	0
005bc090	file_loading	0
005bc0da	camera	0
005bc315	camera	0
005bc395	camera	0
005bc520	camera	0
005bc910	file_loading	0
005bca10	unclassified	0
005bccd0	streaming	0
005bccfa	streaming	0
005bcf20	file_loading	0
005bcf30	file_loading	0
005bcfe0	peds_ai	0
005bd1a0	peds_ai	0
005bd360	peds_ai	0
005bd3b0	peds_ai	0
005bd420	models	0
005bd4a0	models	0
005bd4c0	models	0
005bd4e0	models	0
005bd510	models	0
005bd540	platform_os	0
005bd570	platform_os	0
005bd5a0	platform_os	0
005bd5d0	platform_os	0
005bd600	platform_os	0
005bd7b0	file_loading	0
005bd830	file_loading	0
005bd888	file_loading	0
005bda2d	file_loading	0
005bdbbd	file_loading	0
005be1ba	file_loading	0
005be670	file_loading	0
005bedc0	peds_ai	0
005bf330	file_loading	0
005bf390	renderware	0
005bf3b0	platform_os	0
005bf3d0	file_loading	0
005bf400	file_loading	0
005bf6b0	file_loading	0
005bf708	file_loading	0
005bf750	file_loading	0
005bf840	platform_os	0
005bf9d0	file_loading	0
005bf9f7	file_loading	0
005bfa90	platform_os	0
005bfb40	world_entities	0
005bfbf0	world_entities	0
005c00c0	world_entities	0
005c0230	world_entities	0
005c0280	world_entities	0
005c04a0	world_entities	0
005c0500	world_entities	0
005c05f0	fx	0
005c0a30	fx	0
005c0b70	fx	0
005c0bf6	fx	0
005c16f0	fx	0
005c1818	fx	0
005c18f0	fx	0
005c1a17	fx	0
005c1b10	fx	0
005c1c37	fx	0
005c1d30	fx	0
005c1e57	fx	0
005c1f50	fx	0
005c2010	fx	0
005c2420	fx	0
005c25f0	fx	0
005c26b0	fx	0
005c2730	fx	0
005c2800	fx	0
005c28c0	fx	0
005c2910	fx	0
005c297a	fx	0
005c2a2d	fx	0
005c2bc0	fx	0
005c2bed	fx	0
005c2dd0	fx	0
005c2f39	fx	0
005c2f6a	fx	0
005c2ff0	fx	0
005c30d0	fx	0
005c31e0	fx	0
005c3228	fx	0
005c32c0	fx	0
005c33e0	fx	0
005c3490	fx	0
005c35f0	fx	0
005c3660	fx	0
005c36f0	fx	0
005c3700	fx	0
005c3940	fx	0
005c3b70	fx	0
005c3c05	fx	0
005c4380	fx	0
005c43f0	fx	0
005c4499	fx	0
005c4529	fx	0
005c4610	fx	0
005c4640	fx	0
005c4730	fx	0
005c4760	fx	0
005c48f0	fx	0
005c49c0	fx	0
005c4af0	fx	0
005c4b90	fx	0
005c4bdd	fx	0
005c4c80	fx	0
005c4ce9	fx	0
005c4d50	fx	0
005c4d9a	fx	0
005c4e68	fx	0
005c4fa0	fx	0
005c4fdd	fx	0
005c5090	fx	0
005c5210	fx	0
005c5260	fx	0
005c5320	fx	0
005c53d0	fx	0
005c5420	fx	0
005c54b0	fx	0
005c54f0	fx	0
005c5560	fx	0
005c55d0	fx	0
005c5780	fx	0
005c586a	fx	0
005c5900	fx	0
005c5910	fx	0
005c5940	fx	1
005c5ac0	fx	1
005c5ca0	fx	1
005c5ec0	fx	1
005c6030	fx	1
005c6070	fx	1
005c60b0	fx	1
005c6100	fx	1
005c61e0	fx	1
005c62d0	fx	1
005c62f0	fx	1
005c63d0	fx	1
005c6430	fx	1
005c6600	fx	1
005c6680	fx	1
005c6850	fx	1
005c69e0	fx	1
005c6a10	fx	1
005c6a90	fx	1
005c6b50	unclassified	0
005c6b90	renderware	1
005c6bb0	renderware	1
005c6bd0	fx	1
005c6bf0	fx	1
005c6f20	fx	1
005c6f60	fx	1
005c6fa0	fx	1
005c7010	fx	1
005c70d0	fx	1
005c7130	renderware	1
005c73fa	renderware	1
005c7420	renderware	1
005c7590	renderware	1
005c76a0	unclassified	0
005c76e0	unclassified	0
005c76ed	unclassified	0
005c7710	unclassified	0
005c7920	fx	1
005c7995	fx	1
005c79e0	fx	1
005c79f0	fx	1
005c7a50	fx	1
005c7ae0	fx	1
005c7b58	fx	1
005c7c10	fx	1
005c7c60	fx	1
005c7d10	fx	1
005c7df0	fx	1
005c7f00	renderware	1
005c808d	unclassified	0
005c8150	unclassified	0
005c81a0	unclassified	0
005c8210	unclassified	0
005c830a	unclassified	0
005c84a0	fx	1
005c8540	fx	1
005c85c0	fx	1
005c8620	renderware	1
005c8690	renderware	1
005c8730	renderware	1
005c87e0	renderware	1
005c8870	unclassified	0
005c88a0	unclassified	0
005c88f0	unclassified	0
005c8960	unclassified	0
005c89a0	unclassified	0
005c89b0	unclassified	0
005c8a30	unclassified	0
005c8a70	unclassified	0
005c8a80	unclassified	0
005c8af0	unclassified	0
005c8b40	unclassified	0
005c8b60	unclassified	0
005c8b70	unclassified	0
005c8cad	unclassified	0
005c8e10	unclassified	0
005c8e20	renderware	1
005c8ee0	unclassified	0
005c8fb0	unclassified	0
005c90d0	unclassified	0
005c9150	unclassified	0
005c9180	unclassified	0
005c91e0	unclassified	0
005c9340	unclassified	0
005c9350	renderware	1
005c9510	unclassified	0
005c9710	renderware	1
005c9790	unclassified	0
005c99a8	unclassified	0
005c9a60	unclassified	0
005c9b80	unclassified	0
005c9c60	unclassified	0
005c9ce0	unclassified	0
005ca110	unclassified	0
005ca260	renderware	1
005ca2a0	unclassified	0
005ca33d	unclassified	0
005ca490	unclassified	0
005ca630	unclassified	0
005ca6e0	unclassified	0
005ca720	unclassified	0
005ca7e0	unclassified	0
005ca820	unclassified	0
005ca840	unclassified	0
005ca890	unclassified	0
005ca940	unclassified	0
005caa90	unclassified	0
005cab70	unclassified	0
005cab9d	unclassified	0
005cac10	unclassified	0
005cac80	unclassified	0
005cadc0	unclassified	0
005cae30	renderware	1
005caf00	fx	1
005cafb0	fx	1
005cb2c0	fx	1
005cb5b0	fx	1
005cb8c0	fx	1
005cbb20	fx	1
005cbc00	fx	1
005cbe50	fx	1
005cbf00	fx	1
005cc050	fx	1
005cc0f0	fx	1
005cc1f0	fx	1
005cc290	fx	1
005cc610	fx	1
005cc6a0	fx	1
005cc7a0	unclassified	0
005cc7d0	unclassified	0
005cc860	unclassified	0
005cc8b0	unclassified	0
005cc8c0	renderware	1
005cc939	unclassified	0
005cc950	renderware	1
005cc9d0	renderware	1
005ccb50	renderware	1
005ccc90	renderware	1
005cccc0	renderware	1
005cccf0	renderware	1
005ccd70	renderware	1
005ccdf0	renderware	1
005cce60	renderware	1
005cce80	renderware	1
005ccf60	renderware	1
005ccf70	renderware	1
005ccf80	renderware	1
005cd080	renderware	1
005cd0e0	renderware	1
005cd160	renderware	1
005cd1bd	crt_lib	0
005cd220	crt_lib	0
005cd2bd	crt_lib	0
005cd350	crt_lib	0
005cd530	crt_lib	0
005cd5f0	crt_lib	0
005cd6b0	crt_lib	0
005cd700	crt_lib	0
005cd740	crt_lib	0
005cd7f0	crt_lib	0
005cd810	crt_lib	0
005cd860	crt_lib	0
005cda90	crt_lib	0
005ceba0	crt_lib	0
005cebc0	crt_lib	0
005ced10	crt_lib	0
005cedd0	crt_lib	0
005cee80	crt_lib	0
005cef30	crt_lib	0
005cefa0	crt_lib	0
005cf010	crt_lib	0
005cf1b0	crt_lib	0
005cf250	crt_lib	0
005cf2f0	crt_lib	0
005cf430	crt_lib	0
005cf580	crt_lib	0
005cf5ed	crt_lib	0
005cf690	crt_lib	0
005cf69d	crt_lib	0
005cf6d0	crt_lib	0
005cf800	crt_lib	0
005cf810	crt_lib	0
005cf820	crt_lib	0
005cf830	crt_lib	0
005cf840	crt_lib	0
005cf850	crt_lib	0
005cf870	crt_lib	0
005cf880	crt_lib	0
005cf890	crt_lib	0
005cf8a0	crt_lib	0
005cf8c0	crt_lib	0
005cf910	crt_lib	0
005cf940	crt_lib	0
005cf960	crt_lib	0
005cfa50	crt_lib	0
005cfac0	crt_lib	0
005cfbd0	crt_lib	0
005cfc50	crt_lib	0
005cfcb0	crt_lib	0
005cfcd0	crt_lib	0
005cfd20	crt_lib	0
005cfe20	crt_lib	0
005cffb0	crt_lib	0
005d006e	crt_lib	0
005d00c0	crt_lib	0
005d0110	crt_lib	0
005d01d0	crt_lib	0
005d0240	crt_lib	0
005d0250	crt_lib	0
005d0260	crt_lib	0
005d0280	crt_lib	0
005d02d0	crt_lib	0
005d0320	renderware	0
005d0370	platform_os	0
005d0380	platform_os	0
005d03c0	platform_os	0
005d03e0	platform_os	0
005d0400	platform_os	0
005d0440	platform_os	0
005d0470	renderware	0
005d0570	platform_os	0
005d0585	platform_os	0
005d05f0	renderware	0
005d0684	core_math_containers	0
005d0740	renderware	0
005d07a0	core_math_containers	0
005d0820	renderware	0
005d0880	core_math_containers	0
005d0890	core_math_containers	0
005d08a0	core_math_containers	0
005d08b0	scripts_missions	0
005d08c0	scripts_missions	0
005d0d20	scripts_missions	0
005d0dd0	scripts_missions	0
005d0e30	scripts_missions	0
005d0e70	scripts_missions	0
005d0e90	scripts_missions	0
005d0f40	scripts_missions	0
005d0f50	scripts_missions	0
005d0f80	scripts_missions	0
005d0faa	scripts_missions	0
005d10b0	scripts_missions	0
005d1170	scripts_missions	0
005d1270	scripts_missions	0
005d1300	scripts_missions	0
005d1380	scripts_missions	0
005d13e0	scripts_missions	0
005d14aa	scripts_missions	0
005d14d5	scripts_missions	0
005d14df	scripts_missions	0
005d14e9	scripts_missions	0
005d14f3	scripts_missions	0
005d14fd	scripts_missions	0
005d150c	scripts_missions	0
005d1516	scripts_missions	0
005d1520	scripts_missions	0
005d152a	scripts_missions	0
005d1531	scripts_missions	0
005d1538	scripts_missions	0
005d153f	scripts_missions	0
005d1559	scripts_missions	0
005d1560	scripts_missions	0
005d1567	scripts_missions	0
005d156e	scripts_missions	0
005d1575	scripts_missions	0
005d157c	scripts_missions	0
005d1583	scripts_missions	0
005d158a	scripts_missions	0
005d1591	scripts_missions	0
005d1598	scripts_missions	0
005d159f	scripts_missions	0
005d15a6	scripts_missions	0
005d15b0	scripts_missions	0
005d16e0	scripts_missions	0
005d1731	scripts_missions	0
005d17b0	scripts_missions	0
005d17f9	scripts_missions	0
005d1b70	scripts_missions	1
005d1b80	scripts_missions	1
005d1ea0	unclassified	0
005d2160	world_entities	0
005d2220	world_entities	0
005d2330	vehicles	0
005d23b0	vehicles	0
005d2430	vehicles	0
005d2470	peds_ai	0
005d24b0	peds_ai	0
005d2560	peds_ai	0
005d2620	peds_ai	0
005d2740	peds_ai	0
005d2830	world_entities	0
005d2870	world_entities	0
005d28b0	vehicles	0
005d28d0	vehicles	0
005d28e0	vehicles	0
005d2900	vehicles	0
005d2980	vehicles	0
005d29a0	streaming	0
005d29a9	streaming	0
005d29e0	streaming	0
005d2a20	core_math_containers	0
005d2d70	core_math_containers	0
005d2e60	world_entities	0
005d2ecd	world_entities	1
005d2f40	world_entities	0
005d3020	vehicles	1
005d30c0	vehicles	1
005d3160	vehicles	0
005d322a	vehicles	0
005d3270	vehicles	0
005d3390	scripts_missions	0
005d33c0	platform_os	0
005d3440	platform_os	0
005d34c0	vehicles	0
005d3500	vehicles	0
005d3540	scripts_missions	0
005d35a0	scripts_missions	0
005d3620	scripts_missions	0
005d3770	scripts_missions	0
005d37ed	scripts_missions	0
005d38c0	vehicles	0
005d39b0	vehicles	0
005d3a60	peds_ai	0
005d3a90	peds_ai	0
005d3ac0	peds_ai	0
005d3b00	peds_ai	0
005d3b40	scripts_missions	0
005d3bcd	scripts_missions	0
005d3bf0	scripts_missions	0
005d3c70	scripts_missions	0
005d3ca0	scripts_missions	0
005d3cd0	file_loading	0
005d3d10	file_loading	0
005d3d60	render	0
005d3da0	render	0
005d3de0	scripts_missions	0
005d3e40	scripts_missions	0
005d3ea0	peds_ai	0
005d3eb0	peds_ai	0
005d3ee0	audio	0
005d3f1d	audio	0
005d40e0	audio	0
005d411d	audio	0
005d42e0	render	0
005d4300	render	0
005d4320	render	0
005d4350	render	0
005d4370	peds_ai	0
005d43a0	peds_ai	0
005d43d0	peds_ai	0
005d44b0	peds_ai	0
005d4620	peds_ai	0
005d4640	peds_ai	0
005d46e0	peds_ai	0
005d4760	vehicles	0
005d47e0	vehicles	0
005d4800	core_math_containers	0
005d4940	core_math_containers	0
005d4a40	core_math_containers	0
005d4a6d	core_math_containers	0
005d4b40	core_math_containers	0
005d4c40	scripts_missions	0
005d4e6d	scripts_missions	0
005d4f2a	scripts_missions	0
005d4fd0	scripts_missions	0
005d524d	ui_hud_frontend	0
005d53a1	ui_hud_frontend	0
005d53c0	ui_hud_frontend	0
005d5420	file_loading	0
005d5448	file_loading	0
005d54a0	file_loading	0
005d5530	peds_ai	0
005d5570	vehicles	0
005d558d	vehicles	0
005d55c0	world_entities	0
005d56f0	peds_ai	0
005d5730	peds_ai	0
005d57e0	peds_ai	0
005d5860	ui_hud_frontend	0
005d5920	vehicles	0
005d593d	vehicles	0
005d5970	world_entities	0
005d59dd	world_entities	0
005d5a90	render	0
005d5aa0	render	0
005d5ab0	render	0
005d5ac0	render	0
005d5ad0	render	0
005d5b00	render	0
005d5b30	render	0
005d5b40	render	0
005d5b60	render	0
005d5b80	render	0
005d5ba0	render	0
005d5bb0	render	0
005d5bc0	render	0
005d5d50	models	0
005d5d90	models	0
005d5db0	models	0
005d5df0	models	0
005d5e00	models	0
005d5e20	models	0
005d5e30	models	0
005d5e40	models	0
005d5e60	models	0
005d5e80	models	0
005d5ea0	models	0
005d5ec0	renderware	0
005d5ee0	renderware	0
005d5f00	renderware	0
005d5f20	renderware	0
005d5f40	renderware	0
005d5f60	renderware	0
005d5fa0	renderware	0
005d5fc0	renderware	1
005d5fe0	renderware	0
005d63e0	renderware	0
005d6410	renderware	0
005d6480	renderware	0
005d6750	renderware	0
005d6830	renderware	0
005d6850	renderware	1
005d6d10	renderware	0
005d6d30	renderware	0
005d6d80	renderware	0
005d6dc0	renderware	0
005d6de0	renderware	0
005d6e90	renderware	0
005d6ea0	renderware	0
005d6eb0	renderware	0
005d6ed0	renderware	0
005d6f20	renderware	0
005d6f40	renderware	0
005d6f90	renderware	0
005d6fc0	renderware	0
005d6ff0	renderware	0
005d7040	renderware	0
005d7070	renderware	0
005d70a0	renderware	0
005d70d0	renderware	0
005d7100	renderware	0
005d7120	renderware	0
005d71c0	renderware	0
005d7200	renderware	0
005d72a0	renderware	0
005d72c0	renderware	0
005d72e0	renderware	0
005d7360	renderware	0
005d7370	renderware	0
005d7380	renderware	0
005d73a0	renderware	0
005d77a0	renderware	0
005d77d0	renderware	0
005d7aa0	renderware	0
005d7b40	renderware	0
005d7b60	renderware	0
005d7bb0	renderware	0
005d7bd0	renderware	0
005d7c20	renderware	0
005d7c50	renderware	0
005d7c80	renderware	0
005d7cd0	renderware	0
005d7d00	renderware	0
005d7d30	renderware	0
005d7d60	renderware	0
005d7d90	renderware	0
005d7db0	renderware	0
005d7e50	renderware	0
005d7e80	renderware	0
005d7e90	renderware	0
005d7ea0	renderware	0
005d7eb0	renderware	0
005d7ec0	renderware	0
005d7ee0	renderware	0
005d7ef0	renderware	0
005d7f00	renderware	0
005d7f40	renderware	0
005d7f80	renderware	0
005d8050	renderware	0
005d8060	renderware	0
005d8070	renderware	0
005d8080	renderware	0
005d8090	renderware	0
005d80b0	renderware	0
005d80c0	renderware	0
005d80d0	renderware	0
005d8490	renderware	0
005d84c0	renderware	0
005d8590	renderware	0
005d8870	renderware	0
005d8980	renderware	1
005d89d0	renderware	0
005d89f0	renderware	0
005d8a10	renderware	0
005d8a40	renderware	0
005d8a70	renderware	0
005d8aa0	renderware	0
005d8ad0	renderware	0
005d8b00	renderware	0
005d8b50	renderware	0
005d8b70	renderware	0
005d8b90	renderware	0
005d8bb0	renderware	0
005d8bd0	renderware	0
005d8be0	renderware	0
005d8c50	renderware	0
005d8cd0	renderware	0
005d8d10	renderware	0
005d8d20	renderware	0
005d8d30	renderware	0
005d8d40	renderware	0
005d8d60	renderware	0
005d8dd0	renderware	0
005d8df0	renderware	0
005d8e00	renderware	0
005d8e20	renderware	0
005d8e50	renderware	0
005d8e70	renderware	0
005d8e80	renderware	0
005d8ea0	renderware	0
005d8ed0	renderware	0
005d8ef0	renderware	0
005d8f00	renderware	0
005d8f20	renderware	0
005d8f50	renderware	0
005d8f70	renderware	0
005d8fc0	renderware	0
005d9010	renderware	0
005d9060	renderware	0
005d90c0	renderware	0
005d9110	renderware	0
005d9180	renderware	0
005d91b0	renderware	0
005d9210	renderware	0
005d9260	renderware	0
005d92d0	renderware	0
005d9300	renderware	0
005d9360	renderware	0
005d93b0	renderware	0
005d9420	renderware	0
005d9450	renderware	0
005d94b0	renderware	0
005d9510	renderware	0
005d9570	renderware	0
005d95b0	renderware	0
005d9600	renderware	0
005d9660	renderware	0
005d96f0	renderware	0
005d9730	renderware	0
005d9780	renderware	0
005d97d0	renderware	0
005d9830	renderware	0
005d9880	renderware	0
005d9900	renderware	0
005d9f80	renderware	0
005da020	renderware	0
005da130	renderware	0
005da230	renderware	0
005da2f0	renderware	0
005da370	renderware	0
005da3f0	renderware	0
005da450	renderware	0
005da560	renderware	0
005da610	renderware	0
005da640	renderware	0
005da6a0	renderware	0
005da790	renderware	0
005daac0	renderware	0
005daae0	renderware	0
005daaf0	render	0
005dab00	render	0
005dab80	render	0
005dab90	render	0
005daba0	render	0
005dabb0	render	0
005dabc0	render	0
005dabe0	render	0
005dac00	render	0
005dac10	render	0
005dac40	renderware	0
005dac60	render	0
005dac70	render	0
005dac80	render	0
005daca0	render	0
005dacc0	render	0
005dace0	render	0
005dad00	render	0
005db090	render	0
005db0c0	render	0
005db140	render	0
005db170	render	0
005db1a0	render	0
005db1d0	render	0
005db250	render	0
005db260	render	0
005db270	render	0
005db290	render	0
005db2a0	render	0
005db2b0	render	0
005db2c0	render	0
005db2d0	render	0
005db2e0	render	0
005db2f0	render	0
005db300	render	0
005db310	render	0
005db3d0	render	0
005db4e0	render	0
005db530	render	0
005db550	render	0
005db560	render	0
005db570	render	0
005db580	render	0
005db590	render	0
005db5f0	render	0
005db650	render	0
005db6d0	render	0
005db7d0	render	0
005db8a0	render	0
005db940	render	0
005dba4a	render	0
005dbae0	render	0
005dbb69	render	0
005dbe29	render	0
005dbe40	render	0
005dbeb0	render	0
005dbef0	render	0
005dbf20	render	0
005dc210	render	1
005dc290	render	0
005dc510	render	0
005dc759	render	0
005dc7b8	render	0
005dc8b0	render	0
005dc8fa	render	0
005dcd80	render	0
005dcf00	render	0
005dcf30	render	0
005dcfa0	render	0
005dd040	render	0
005dd090	render	0
005dd0b0	render	0
005dd0e0	render	0
005dd100	unclassified	0
005dd1e0	unclassified	0
005dd220	unclassified	0
005dd370	file_loading	0
005dd3b0	file_loading	0
005dd6b0	render	0
005dd6c0	file_loading	0
005dd780	render	0
005dd910	render	0
005ddb60	peds_ai	0
005ddb70	peds_ai	0
005ddbe0	peds_ai	0
005ddbf0	peds_ai	0
005ddc30	peds_ai	0
005ddc50	peds_ai	0
005ddc60	peds_ai	0
005dde80	peds_ai	0
005ddeb0	peds_ai	0
005de040	peds_ai	0
005de070	peds_ai	0
005de0d0	peds_ai	0
005de160	peds_ai	0
005de2c0	peds_ai	0
005de2e0	peds_ai	0
005de300	peds_ai	0
005de310	peds_ai	0
005de330	peds_ai	0
005de340	peds_ai	0
005de3b0	peds_ai	0
005de3c0	peds_ai	0
005de3d0	peds_ai	0
005de3e0	peds_ai	0
005de400	peds_ai	0
005de470	peds_ai	0
005de4e0	peds_ai	0
005de500	peds_ai	0
005de520	peds_ai	0
005de540	peds_ai	0
005de550	peds_ai	0
005de580	peds_ai	0
005de5a0	peds_ai	0
005de5ed	peds_ai	0
005de680	peds_ai	0
005de710	peds_ai	0
005de730	file_loading	0
005de740	file_loading	0
005de750	file_loading	0
005de760	file_loading	0
005de770	file_loading	0
005de790	file_loading	0
005de7a0	file_loading	0
005de7c0	file_loading	0
005de7d0	file_loading	0
005de7e0	file_loading	0
005de7f0	file_loading	0
005de800	file_loading	0
005de810	file_loading	0
005de820	file_loading	0
005de830	file_loading	0
005de840	file_loading	0
005de850	audio	0
005de870	audio	0
005de880	audio	0
005de890	audio	0
005de8d0	audio	0
005de920	audio	0
005de980	audio	0
005de990	audio	0
005de9e0	audio	0
005de9f0	audio	0
005dea00	peds_ai	0
005dea60	peds_ai	0
005dea70	peds_ai	0
005dea80	peds_ai	0
005dea90	peds_ai	0
005deaa0	peds_ai	0
005deab0	peds_ai	0
005dead0	peds_ai	0
005deae0	peds_ai	0
005deaf0	peds_ai	0
005deb00	peds_ai	0
005deb10	peds_ai	0
005deb20	peds_ai	0
005deb30	peds_ai	0
005deb50	peds_ai	0
005deb60	peds_ai	0
005deb70	peds_ai	0
005deb80	peds_ai	0
005deb90	peds_ai	0
005debb0	peds_ai	0
005debc0	peds_ai	0
005debe0	peds_ai	0
005dec00	peds_ai	0
005dec10	peds_ai	0
005ded10	peds_ai	0
005ded50	peds_ai	0
005ded90	peds_ai	0
005dedc0	peds_ai	0
005dee40	peds_ai	0
005deed0	peds_ai	0
005def20	peds_ai	0
005def60	peds_ai	0
005def88	peds_ai	0
005defd0	peds_ai	0
005defe0	peds_ai	0
005df000	peds_ai	0
005df030	peds_ai	0
005df060	peds_ai	0
005df090	peds_ai	0
005df0d0	peds_ai	0
005df100	peds_ai	0
005df150	peds_ai	0
005df170	peds_ai	0
005df200	peds_ai	0
005df220	peds_ai	0
005df290	peds_ai	0
005df300	peds_ai	0
005df340	peds_ai	0
005df400	peds_ai	0
005df4e0	peds_ai	0
005df510	peds_ai	0
005df560	peds_ai	0
005df8d0	peds_ai	0
005df8f0	peds_ai	0
005df910	peds_ai	0
005dfce0	peds_ai	0
005dfd50	peds_ai	0
005dfd60	peds_ai	0
005dfd70	peds_ai	0
005dfd90	peds_ai	0
005dfdf0	peds_ai	0
005e00f0	peds_ai	0
005e0130	peds_ai	0
005e0170	peds_ai	0
005e0190	peds_ai	0
005e01a0	peds_ai	0
005e01b0	peds_ai	0
005e01c0	peds_ai	0
005e0270	peds_ai	0
005e0290	peds_ai	0
005e02e0	peds_ai	0
005e0360	peds_ai	0
005e0400	peds_ai	0
005e0460	peds_ai	0
005e0480	peds_ai	0
005e04b0	peds_ai	0
005e0520	peds_ai	0
005e0540	peds_ai	0
005e0590	peds_ai	0
005e05b0	peds_ai	0
005e0670	peds_ai	0
005e06e0	peds_ai	0
005e0730	peds_ai	0
005e0820	peds_ai	0
005e13c0	peds_ai	0
005e1660	peds_ai	0
005e17e0	peds_ai	0
005e1950	peds_ai	0
005e1a00	peds_ai	0
005e1b10	peds_ai	0
005e1fa0	peds_ai	0
005e2530	peds_ai	0
005e32bd	peds_ai	0
005e3630	peds_ai	0
005e37c0	peds_ai	0
005e3990	peds_ai	0
005e3a90	peds_ai	0
005e3ae0	peds_ai	0
005e3b60	peds_ai	0
005e3c10	peds_ai	0
005e3c30	peds_ai	0
005e3e90	peds_ai	0
005e4000	peds_ai	0
005e4110	peds_ai	0
005e4220	peds_ai	0
005e4280	peds_ai	0
005e4390	peds_ai	0
005e4500	peds_ai	0
005e4580	core_math_containers	0
005e45c0	core_math_containers	0
005e45e0	core_math_containers	0
005e4650	core_math_containers	0
005e4690	renderware	0
005e46d0	renderware	0
005e4720	peds_ai	0
005e4730	peds_ai	0
005e4760	peds_ai	0
005e47a0	peds_ai	0
005e47e0	peds_ai	0
005e4880	peds_ai	0
005e4a00	peds_ai	0
005e4c50	peds_ai	0
005e52e0	peds_ai	0
005e5320	peds_ai	0
005e5380	peds_ai	0
005e57f0	peds_ai	0
005e5ed0	peds_ai	0
005e6010	peds_ai	0
005e6080	peds_ai	0
005e61f0	peds_ai	0
005e6280	peds_ai	0
005e62b0	peds_ai	0
005e6320	peds_ai	0
005e6370	peds_ai	0
005e6490	peds_ai	0
005e6530	peds_ai	0
005e6550	peds_ai	0
005e6580	peds_ai	0
005e65a0	peds_ai	0
005e7680	peds_ai	0
005e7980	peds_ai	0
005e79b0	peds_ai	0
005e7a60	peds_ai	0
005e7b30	peds_ai	0
005e7b70	peds_ai	0
005e7cb0	peds_ai	0
005e7e60	peds_ai	0
005e7ec0	peds_ai	0
005e8030	peds_ai	0
005e8620	peds_ai	0
005e8830	peds_ai	0
005e88e0	peds_ai	0
005e8910	peds_ai	0
005e89b0	peds_ai	0
005e8a20	peds_ai	0
005e8a30	peds_ai	1
005e8ab0	peds_ai	0
005e8be0	peds_ai	0
005e8c80	peds_ai	0
005e8cd0	peds_ai	0
005e9540	peds_ai	0
005e9570	peds_ai	0
005e9580	peds_ai	0
005e9590	peds_ai	0
005e95a0	peds_ai	1
005e95b0	peds_ai	0
005e95e0	peds_ai	0
005e9600	peds_ai	0
005e9640	peds_ai	0
005e9680	peds_ai	0
005e9690	peds_ai	0
005e96c0	peds_ai	0
005e96e0	peds_ai	0
005e9730	peds_ai	0
005e9780	peds_ai	0
005e97d0	peds_ai	0
005e97f0	peds_ai	0
005e9800	peds_ai	0
005e9830	peds_ai	0
005e9840	peds_ai	0
005e9850	peds_ai	0
005e9870	peds_ai	0
005e9890	peds_ai	0
005e98a0	peds_ai	0
005e98b0	peds_ai	0
005e98d0	peds_ai	0
005e98e0	peds_ai	0
005e98f0	peds_ai	0
005e9900	peds_ai	0
005e9910	peds_ai	0
005e9940	peds_ai	0
005e9950	peds_ai	0
005e9960	peds_ai	0
005e9970	peds_ai	0
005e9980	peds_ai	0
005e9a10	peds_ai	0
005e9a20	peds_ai	0
005e9ad0	peds_ai	0
005e9ae0	peds_ai	0
005e9b40	peds_ai	0
005e9b50	peds_ai	0
005e9b70	peds_ai	0
005e9b80	peds_ai	0
005e9bb0	peds_ai	0
005e9bd0	peds_ai	0
005e9bf0	peds_ai	0
005e9c20	peds_ai	0
005e9c30	peds_ai	0
005e9c80	peds_ai	0
005e9cb0	peds_ai	0
005e9ce0	peds_ai	0
005e9d20	peds_ai	0
005e9d50	peds_ai	0
005e9d70	peds_ai	0
005e9d90	peds_ai	0
005e9db0	peds_ai	0
005e9dd0	peds_ai	0
005e9df0	peds_ai	0
005e9e10	peds_ai	0
005e9e80	peds_ai	0
005e9ea0	peds_ai	0
005e9fe0	peds_ai	0
005ea010	peds_ai	0
005ea040	peds_ai	0
005ea060	peds_ai	0
005ea090	peds_ai	0
005ea110	peds_ai	0
005ea1c0	peds_ai	0
005ea220	peds_ai	0
005ea390	peds_ai	0
005ea610	peds_ai	0
005ea620	peds_ai	0
005ea630	peds_ai	0
005ea640	peds_ai	0
005ea650	peds_ai	0
005ea670	peds_ai	0
005ea690	peds_ai	0
005ea6a0	peds_ai	0
005ea6b0	peds_ai	0
005ea6c0	peds_ai	0
005ea6d0	peds_ai	0
005ea6e0	peds_ai	0
005ea700	peds_ai	0
005ea710	peds_ai	0
005ea720	peds_ai	0
005ea730	peds_ai	0
005ea740	peds_ai	0
005ea760	peds_ai	0
005ea770	peds_ai	0
005ea780	peds_ai	0
005ea790	peds_ai	0
005ea7a0	peds_ai	0
005ea7b0	peds_ai	0
005ea7d0	peds_ai	0
005ea7f0	peds_ai	0
005ea820	peds_ai	0
005ea830	peds_ai	0
005ea850	peds_ai	0
005ea870	peds_ai	0
005ea890	peds_ai	0
005ea8b0	peds_ai	0
005ea8d0	peds_ai	0
005ea900	peds_ai	0
005ea930	peds_ai	0
005ea960	peds_ai	0
005ea990	peds_ai	0
005ea9b0	peds_ai	0
005ea9d0	peds_ai	0
005ea9f0	peds_ai	0
005eaa60	peds_ai	0
005eaaa0	peds_ai	0
005eaac0	peds_ai	0
005eaaf0	peds_ai	0
005eab10	peds_ai	0
005eab30	peds_ai	0
005eab50	peds_ai	0
005eab80	peds_ai	0
005eabc0	peds_ai	0
005eabf0	peds_ai	0
005eac20	peds_ai	0
005eac50	peds_ai	0
005eac90	peds_ai	0
005eacc0	peds_ai	0
005ead00	peds_ai	0
005ead30	peds_ai	0
005ead50	peds_ai	0
005ead60	peds_ai	0
005ead80	peds_ai	0
005ead90	peds_ai	0
005eadb0	peds_ai	0
005eadd0	peds_ai	0
005eade0	peds_ai	0
005eae00	peds_ai	0
005eae10	peds_ai	0
005eae40	peds_ai	0
005eae70	peds_ai	0
005eaea0	peds_ai	0
005eaee0	peds_ai	0
005eaf10	peds_ai	0
005eaf60	peds_ai	0
005eafd0	peds_ai	1
005eafe0	peds_ai	1
005eb020	peds_ai	0
005eb030	peds_ai	0
005eb040	peds_ai	0
005eb050	peds_ai	0
005eb060	peds_ai	0
005eb070	peds_ai	0
005eb0a0	peds_ai	0
005eb0e0	peds_ai	0
005eb110	peds_ai	0
005eb140	peds_ai	0
005eb170	peds_ai	0
005eb1b0	peds_ai	0
005eb1e0	peds_ai	0
005eb220	peds_ai	0
005eb260	peds_ai	0
005eb290	peds_ai	0
005eb2a0	peds_ai	0
005eb2d0	peds_ai	0
005eb2e0	peds_ai	0
005eb310	peds_ai	0
005eb340	peds_ai	0
005eb380	peds_ai	0
005eb390	peds_ai	0
005eb3c0	peds_ai	0
005eb3f0	peds_ai	0
005eb420	peds_ai	0
005eb450	peds_ai	0
005eb460	peds_ai	0
005eb490	peds_ai	0
005eb4c0	peds_ai	0
005eb530	peds_ai	0
005eb550	peds_ai	0
005eb590	peds_ai	0
005eb5b0	peds_ai	0
005eb5f0	peds_ai	0
005eb640	peds_ai	0
005eb690	peds_ai	0
005eb6f0	peds_ai	0
005eb740	peds_ai	0
005eb7b0	peds_ai	0
005eb810	peds_ai	0
005eb820	peds_ai	0
005eb850	peds_ai	0
005eb860	peds_ai	0
005eb890	peds_ai	0
005eb8c0	peds_ai	0
005eb8f0	peds_ai	0
005eb900	peds_ai	0
005eb930	peds_ai	0
005eb960	peds_ai	0
005eb990	peds_ai	0
005eb9c0	peds_ai	0
005eb9d0	peds_ai	0
005eba00	peds_ai	0
005eba30	peds_ai	0
005ebad2	peds_ai	0
005ebb00	peds_ai	0
005ebba0	peds_ai	0
005ebcb0	peds_ai	0
005ebd70	peds_ai	0
005ebe50	peds_ai	0
005ebf50	peds_ai	0
005ec030	peds_ai	0
005ec040	peds_ai	0
005ec050	peds_ai	0
005ec070	peds_ai	0
005ec0a0	peds_ai	0
005ec0b0	peds_ai	0
005ec0c0	peds_ai	0
005ec0e0	peds_ai	0
005ec110	peds_ai	0
005ec140	peds_ai	0
005ec170	peds_ai	0
005ec180	peds_ai	0
005ec190	peds_ai	0
005ec1b0	peds_ai	0
005ec1e0	peds_ai	0
005ec200	peds_ai	0
005ec220	peds_ai	0
005ec270	peds_ai	0
005ec290	peds_ai	0
005ec2d0	peds_ai	0
005ec2e0	peds_ai	0
005ec300	peds_ai	0
005ec350	peds_ai	0
005ec370	peds_ai	0
005ec3b0	peds_ai	0
005ec3c0	peds_ai	0
005ec3e0	peds_ai	0
005ec3f0	peds_ai	0
005ec410	peds_ai	0
005ec4b0	peds_ai	0
005ec500	peds_ai	0
005ec5b0	peds_ai	0
005ec660	peds_ai	0
005ec740	peds_ai	0
005ec820	peds_ai	0
005ec830	peds_ai	0
005ec850	peds_ai	0
005ec980	peds_ai	0
005ecab0	peds_ai	0
005ecb30	peds_ai	0
005ecbb0	peds_ai	0
005ecc30	peds_ai	0
005eccb0	peds_ai	0
005ecd30	peds_ai	0
005ecd90	peds_ai	0
005ecdf0	peds_ai	0
005ece50	peds_ai	0
005eceb0	peds_ai	0
005ecf10	peds_ai	0
005ed0a3	eh_funclets	0
005ed0af	eh_funclets	0
005ed1b0	peds_ai	0
005ed388	eh_funclets	0
005ed394	eh_funclets	0
005ed4b0	peds_ai	0
005ed643	eh_funclets	0
005ed64f	eh_funclets	0
005ed750	peds_ai	0
005ed900	peds_ai	0
005ed92a	eh_funclets	0
005ed936	eh_funclets	0
005eda50	peds_ai	0
005edbe3	eh_funclets	0
005edbef	eh_funclets	0
005edcf0	peds_ai	0
005edd00	peds_ai	0
005edd10	peds_ai	0
005edd20	peds_ai	0
005edd30	peds_ai	0
005edd40	peds_ai	0
005edd90	peds_ai	0
005ede00	peds_ai	0
005ede50	peds_ai	0
005edec0	peds_ai	0
005edf10	peds_ai	0
005edfb0	peds_ai	0
005ee190	peds_ai	1
005ee200	peds_ai	0
005ee270	peds_ai	0
005ee300	peds_ai	0
005ee370	peds_ai	0
005ee400	peds_ai	0
005ee470	peds_ai	0
005ee4d0	peds_ai	0
005ee4e0	peds_ai	0
005ee530	peds_ai	0
005ee540	peds_ai	0
005ee5a0	peds_ai	0
005ee5b0	peds_ai	0
005ee600	peds_ai	0
005ee610	peds_ai	0
005ee670	peds_ai	0
005ee680	peds_ai	0
005ee6d0	peds_ai	0
005ee6e0	peds_ai	0
005ee740	peds_ai	0
005ee750	peds_ai	0
005ee760	peds_ai	0
005ee7b0	peds_ai	0
005ee7c0	peds_ai	0
005ee820	peds_ai	0
005ee830	peds_ai	0
005ee880	peds_ai	0
005ee890	peds_ai	0
005ee8f0	peds_ai	0
005ee900	peds_ai	0
005ee950	peds_ai	0
005ee960	peds_ai	0
005ee9c0	peds_ai	0
005ee9d0	peds_ai	0
005eea20	peds_ai	0
005eea30	peds_ai	0
005eea90	peds_ai	0
005eeaa0	peds_ai	0
005eeaf0	peds_ai	0
005eeb00	peds_ai	0
005eeb60	peds_ai	0
005eeb70	peds_ai	0
005eebc0	peds_ai	0
005eebd0	peds_ai	0
005eec30	peds_ai	0
005eec40	peds_ai	0
005eec90	peds_ai	0
005eeca0	peds_ai	0
005eee30	peds_ai	0
005eef80	peds_ai	0
005eefaa	peds_ai	0
005ef160	peds_ai	0
005ef420	peds_ai	0
005ef45d	peds_ai	0
005ef570	peds_ai	0
005ef5fd	peds_ai	0
005ef710	peds_ai	0
005ef920	peds_ai	0
005ef980	peds_ai	0
005efc40	peds_ai	0
005efca0	peds_ai	0
005efdee	peds_ai	0
005efe20	peds_ai	0
005eff50	peds_ai	0
005eff60	peds_ai	0
005eff70	peds_ai	0
005eff80	peds_ai	0
005eff90	peds_ai	0
005effa0	peds_ai	0
005effb0	peds_ai	0
005effe0	peds_ai	0
005f0020	peds_ai	0
005f0030	peds_ai	0
005f0040	peds_ai	0
005f0050	peds_ai	0
005f0056	peds_ai	0
005f005b	peds_ai	0
005f0060	peds_ai	0
005f0080	peds_ai	0
005f00b0	peds_ai	0
005f00f0	peds_ai	0
005f0140	peds_ai	0
005f0190	peds_ai	0
005f01a0	peds_ai	0
005f0250	peds_ai	0
005f02c0	peds_ai	0
005f0360	peds_ai	0
005f1309	peds_ai	0
005f1320	peds_ai	0
005f1350	peds_ai	0
005f1360	peds_ai	0
005f1370	peds_ai	0
005f1380	peds_ai	0
005f1390	peds_ai	0
005f13a0	peds_ai	0
005f13e0	peds_ai	0
005f13f0	peds_ai	0
005f1450	peds_ai	0
005f1500	peds_ai	0
005f1600	peds_ai	0
005f1670	peds_ai	0
005f1750	peds_ai	0
005f1890	peds_ai	0
005f1b00	peds_ai	0
005f1b70	peds_ai	0
005f1c40	peds_ai	0
005f1cb0	peds_ai	0
005f1e30	peds_ai	0
005f1e70	peds_ai	0
005f1fa0	peds_ai	0
005f2b80	peds_ai	0
005f2bc0	peds_ai	0
005f2c10	peds_ai	0
005f2f00	peds_ai	0
005f2f70	peds_ai	0
005f30ba	peds_ai	0
005f32d0	peds_ai	0
005f3590	peds_ai	0
005f3640	peds_ai	0
005f3660	peds_ai	0
005f36a0	peds_ai	0
005f36f0	peds_ai	0
005f3730	peds_ai	0
005f3880	peds_ai	0
005f3970	peds_ai	0
005f3a6d	peds_ai	0
005f3ac0	peds_ai	0
005f3b40	peds_ai	0
005f3b70	peds_ai	0
005f3bc0	peds_ai	0
005f3bf0	peds_ai	0
005f3c20	peds_ai	0
005f3dd0	peds_ai	0
005f59dd	peds_ai	0
005f5a30	peds_ai	0
005f5d80	peds_ai	0
005f6110	peds_ai	0
005f6150	peds_ai	0
005f615f	peds_ai	0
005f6180	peds_ai	0
005f6190	peds_ai	0
005f6200	peds_ai	0
005f625f	peds_ai	0
005f6260	peds_ai	0
005f6270	peds_ai	0
005f6280	peds_ai	0
005f62f0	peds_ai	0
005f6300	peds_ai	0
005f6320	peds_ai	0
005f6330	peds_ai	0
005f6340	peds_ai	0
005f635f	peds_ai	0
005f6360	peds_ai	0
005f6370	peds_ai	0
005f63d0	peds_ai	0
005f6400	peds_ai	0
005f6410	peds_ai	0
005f6420	peds_ai	0
005f6430	peds_ai	0
005f6440	peds_ai	0
005f6450	peds_ai	0
005f6460	peds_ai	0
005f6470	peds_ai	0
005f6480	peds_ai	0
005f6490	peds_ai	0
005f64a0	peds_ai	0
005f64b0	peds_ai	0
005f64c0	peds_ai	0
005f64d0	peds_ai	0
005f64e0	peds_ai	0
005f64f0	peds_ai	0
005f6500	peds_ai	0
005f6510	peds_ai	0
005f6520	peds_ai	0
005f6530	peds_ai	0
005f6540	peds_ai	0
005f6550	peds_ai	0
005f6560	peds_ai	0
005f6570	peds_ai	0
005f6580	peds_ai	0
005f6590	peds_ai	0
005f65a0	peds_ai	0
005f65e0	peds_ai	0
005f6650	peds_ai	0
005f6660	peds_ai	0
005f6680	peds_ai	0
005f66d0	peds_ai	0
005f66e0	peds_ai	0
005f6700	peds_ai	0
005f6710	peds_ai	0
005f67b0	peds_ai	0
005f67e0	peds_ai	0
005f67f0	peds_ai	0
005f6870	peds_ai	0
005f6880	peds_ai	0
005f68a0	peds_ai	0
005f68b0	peds_ai	0
005f68c0	peds_ai	0
005f68e0	peds_ai	0
005f68f0	peds_ai	0
005f6900	peds_ai	0
005f6920	peds_ai	0
005f6930	peds_ai	0
005f6950	peds_ai	0
005f69a0	peds_ai	0
005f69b0	peds_ai	0
005f69c0	peds_ai	0
005f69e0	peds_ai	0
005f6a10	peds_ai	0
005f6a50	peds_ai	0
005f6aa0	peds_ai	0
005f6ae0	peds_ai	0
005f6b40	peds_ai	0
005f6c70	peds_ai	0
005f6da0	peds_ai	0
005f6e90	peds_ai	0
005f6fc0	peds_ai	0
005f7200	peds_ai	0
005f7250	peds_ai	0
005f72ea	peds_ai	0
005f7340	peds_ai	0
005f7350	peds_ai	0
005f7410	peds_ai	0
005f7440	peds_ai	0
005f7470	peds_ai	0
005f7540	peds_ai	0
005f75e0	peds_ai	0
005f7660	peds_ai	0
005f7690	peds_ai	0
005f76c0	peds_ai	0
005f7730	peds_ai	0
005f7760	peds_ai	0
005f77a0	peds_ai	0
005f7800	peds_ai	0
005f79c0	peds_ai	0
005f7a00	peds_ai	0
005f7a60	peds_ai	0
005f7ad0	peds_ai	0
005f7cc0	peds_ai	0
005f7db0	peds_ai	0
005f7e30	peds_ai	0
005f7e40	peds_ai	0
005f7e80	peds_ai	0
005f7ee0	peds_ai	0
005f7f10	peds_ai	0
005f7f40	peds_ai	0
005f7f5d	peds_ai	0
005f7fb0	peds_ai	0
005f7fe0	peds_ai	0
005f8020	peds_ai	0
005f80d0	peds_ai	0
005f8180	peds_ai	0
005f8479	peds_ai	0
005f8510	peds_ai	0
005f8560	peds_ai	0
005f8580	peds_ai	0
005f85a0	peds_ai	0
005f8620	peds_ai	0
005f8650	peds_ai	0
005f8690	peds_ai	0
005f86c0	peds_ai	0
005f86f0	peds_ai	0
005f8750	peds_ai	0
005f8780	peds_ai	0
005f87a0	peds_ai	0
005f88ad	peds_ai	0
005f88d0	peds_ai	0
005f8900	peds_ai	0
005f898d	peds_ai	0
005f8bdd	peds_ai	0
005f90a0	peds_ai	0
005f9530	peds_ai	0
005f9710	peds_ai	0
005f9759	peds_ai	0
005f9840	peds_ai	0
005f99f0	peds_ai	0
005f9a2a	peds_ai	0
005f9b20	peds_ai	0
005f9bd0	peds_ai	0
005f9d50	peds_ai	0
005fa020	peds_ai	0
005fa130	peds_ai	0
005fa290	peds_ai	0
005fa550	peds_ai	0
005fa820	peds_ai	0
005fa910	peds_ai	0
005faa50	peds_ai	0
005fab60	peds_ai	0
005facd0	peds_ai	0
005fb010	peds_ai	0
005fb0a0	peds_ai	0
005fb140	peds_ai	0
005fb160	peds_ai	0
005fb190	peds_ai	0
005fb1d0	peds_ai	0
005fb210	peds_ai	0
005fb240	peds_ai	0
005fb280	peds_ai	0
005fb2d0	peds_ai	0
005fb390	peds_ai	0
005fb470	peds_ai	0
005fb540	peds_ai	0
005fb590	peds_ai	0
005fb670	peds_ai	0
005fb790	peds_ai	0
005fb7d0	peds_ai	0
005fb7dd	peds_ai	0
005fb800	peds_ai	0
005fb870	peds_ai	0
005fb8a0	peds_ai	0
005fb8c0	peds_ai	0
005fb8cd	peds_ai	0
005fb930	peds_ai	0
005fb990	peds_ai	0
005fb9c0	peds_ai	0
005fba60	peds_ai	0
005fbb70	peds_ai	0
005fbb90	peds_ai	0
005fbcb0	peds_ai	0
005fbd10	peds_ai	0
005fbdf0	peds_ai	0
005fbe70	peds_ai	0
005fbf50	peds_ai	0
005fc070	peds_ai	0
005fc11d	peds_ai	0
005fc150	peds_ai	0
005fc190	peds_ai	0
005fc200	peds_ai	0
005fc440	peds_ai	0
005fc4a0	peds_ai	0
005fc62d	peds_ai	0
005fc7e0	peds_ai	0
005fc800	peds_ai	0
005fc9b0	peds_ai	0
005fcbaa	peds_ai	0
005fce80	peds_ai	0
005fd330	peds_ai	0
005fd810	peds_ai	0
005fd846	peds_ai	0
005fd860	peds_ai	0
005fd890	animation	0
005fd8c0	animation	0
005fd8f0	animation	0
005fd930	animation	0
005fda60	animation	0
005fdb60	animation	0
005fdc00	animation	0
005fddb0	animation	0
005fde20	animation	0
005fdf90	animation	0
005fe0e0	animation	0
005fe8c0	peds_ai	0
005fe8d0	peds_ai	0
005fe8e0	peds_ai	0
005fe8f0	peds_ai	0
005fe900	peds_ai	0
005fe920	peds_ai	0
005fe930	peds_ai	0
005fe960	peds_ai	0
005fe9a0	peds_ai	0
005fe9c0	peds_ai	0
005fe9e0	peds_ai	0
005fe9f0	peds_ai	0
005fea00	peds_ai	0
005fea10	peds_ai	0
005fea20	peds_ai	0
005fea30	peds_ai	0
005fea40	peds_ai	0
005fea50	peds_ai	0
005fea60	peds_ai	0
005fea70	peds_ai	0
005fea80	peds_ai	0
005fea90	peds_ai	0
005feaa0	peds_ai	0
005feac0	peds_ai	0
005feaf0	peds_ai	0
005feb20	peds_ai	0
005feb70	peds_ai	0
005febb0	peds_ai	0
005febe0	peds_ai	0
005fec50	peds_ai	0
005fec90	peds_ai	0
005fecc0	peds_ai	0
005fece0	peds_ai	0
005fed10	peds_ai	0
005fed40	peds_ai	0
005fed80	peds_ai	0
005fed90	peds_ai	0
005feda0	peds_ai	0
005fee20	peds_ai	0
005fee40	peds_ai	0
005fee80	peds_ai	0
005fee90	peds_ai	0
005feea0	peds_ai	0
005fef20	peds_ai	0
005fef40	peds_ai	0
005fef70	peds_ai	0
005fef80	peds_ai	0
005fef90	peds_ai	0
005feff0	peds_ai	0
005ff010	peds_ai	0
005ff030	peds_ai	0
005ff040	peds_ai	0
005ff050	peds_ai	0
005ff0b0	peds_ai	0
005ff0d0	peds_ai	0
005ff0f0	peds_ai	0
005ff100	peds_ai	0
005ff110	peds_ai	0
005ff170	peds_ai	0
005ff190	peds_ai	0
005ff1b0	peds_ai	0
005ff1c0	peds_ai	0
005ff1d0	peds_ai	0
005ff230	peds_ai	0
005ff250	peds_ai	0
005ff2c0	peds_ai	0
005ff2d0	peds_ai	0
005ff2e0	peds_ai	0
005ff350	peds_ai	0
005ff360	peds_ai	0
005ff380	peds_ai	0
005ff3a0	peds_ai	0
005ff3b0	peds_ai	0
005ff3c0	peds_ai	0
005ff420	peds_ai	0
005ff440	peds_ai	0
005ff470	peds_ai	0
005ff480	peds_ai	0
005ff490	peds_ai	0
005ff4e0	peds_ai	0
005ff500	peds_ai	0
005ff520	peds_ai	0
005ff530	peds_ai	0
005ff540	peds_ai	0
005ff550	peds_ai	0
005ff5a0	peds_ai	0
005ff5c0	peds_ai	0
005ff5e0	peds_ai	0
005ff5f0	peds_ai	0
005ff600	peds_ai	0
005ff610	peds_ai	0
005ff660	peds_ai	0
005ff680	peds_ai	0
005ff6a0	peds_ai	0
005ff6b0	peds_ai	0
005ff6c0	peds_ai	0
005ff6d0	peds_ai	0
005ff720	peds_ai	0
005ff740	peds_ai	0
005ff760	peds_ai	0
005ff770	peds_ai	0
005ff780	peds_ai	0
005ff790	peds_ai	0
005ff7e0	peds_ai	0
005ff7f0	peds_ai	0
005ff810	peds_ai	0
005ff820	peds_ai	0
005ff840	peds_ai	0
005ff850	peds_ai	0
005ff870	peds_ai	0
005ff880	peds_ai	0
005ff890	peds_ai	0
005ff8a0	peds_ai	0
005ff8b0	peds_ai	0
005ff8c0	peds_ai	0
005ff8d0	peds_ai	0
005ff8e0	peds_ai	0
005ff8f0	peds_ai	0
005ff900	peds_ai	0
005ff910	peds_ai	0
005ff920	peds_ai	0
005ff930	peds_ai	1
005ff940	peds_ai	0
005ff980	world_entities	0
005ff990	world_entities	0
005ff9d0	world_entities	0
005ffa20	world_entities	0
005ffcc9	world_entities	0
005ffe60	world_entities	0
005ffee0	world_entities	0
005ffef0	world_entities	0
005fff20	world_entities	0
005fff30	world_entities	0
005fff70	peds_ai	0
005fff80	peds_ai	0
005fff90	peds_ai	0
005fff9a	peds_ai	0
005fffd0	peds_ai	0
00600180	peds_ai	0
006002f0	scripts_missions	0
006004d0	peds_ai	0
006004e0	peds_ai	0
00600500	peds_ai	0
00600520	peds_ai	0
00600530	peds_ai	0
00600538	peds_ai	0
00600570	peds_ai	0
00600600	peds_ai	0
006006b0	peds_ai	0
006006cd	peds_ai	0
006006d0	peds_ai	0
00600710	peds_ai	0
00600730	peds_ai	0
006007a0	peds_ai	0
00600840	peds_ai	0
00600860	file_loading	0
00600880	file_loading	0
006008a0	peds_ai	1
00600b30	peds_ai	0
00600b40	peds_ai	0
00600b50	peds_ai	0
00600bb0	peds_ai	0
00600bc0	peds_ai	0
00600be0	peds_ai	0
00600bf0	peds_ai	0
00600c00	peds_ai	0
00600c60	peds_ai	0
00600cf0	peds_ai	0
00600db0	peds_ai	0
00600dc0	peds_ai	0
00600de0	peds_ai	0
00600e00	peds_ai	0
00600e20	peds_ai	0
00600ee0	peds_ai	0
00600f30	peds_ai	0
00600f70	peds_ai	0
00600fb0	peds_ai	0
00600ff0	peds_ai	0
00601070	peds_ai	0
006010a0	peds_ai	0
00601110	peds_ai	0
00601150	peds_ai	0
00601180	peds_ai	0
006011b0	peds_ai	0
00601230	peds_ai	0
00601390	peds_ai	0
00601420	peds_ai	0
006015dd	peds_ai	0
00601640	peds_ai	0
006018d0	peds_ai	0
006018e0	peds_ai	0
006018f0	peds_ai	0
006019b0	peds_ai	0
00601bb0	peds_ai	0
00601bc0	peds_ai	0
00601c30	peds_ai	0
00601c90	peds_ai	0
00601cc0	peds_ai	0
00601d10	peds_ai	0
00601d50	peds_ai	0
00601d70	peds_ai	0
00601da0	peds_ai	0
00601e00	peds_ai	0
00602050	peds_ai	0
00602080	peds_ai	0
006020a0	peds_ai	0
006020d0	peds_ai	0
00602240	peds_ai	0
006022a0	peds_ai	0
00602320	peds_ai	0
00602350	peds_ai	0
006023a0	peds_ai	0
00602560	peds_ai	0
00602590	peds_ai	0
006028a0	peds_ai	0
00602960	peds_ai	0
006029c0	peds_ai	0
00602a70	peds_ai	0
00602a90	peds_ai	0
00602ae0	peds_ai	0
00602b00	peds_ai	0
00602b20	peds_ai	0
00602b50	peds_ai	0
00602b80	peds_ai	0
00602b90	peds_ai	0
00602be0	peds_ai	0
00602c00	peds_ai	0
00603480	world_entities	0
00603490	world_entities	0
006034b0	peds_ai	0
00603570	peds_ai	0
00603720	vehicles	0
00603a30	peds_ai	0
00603af0	peds_ai	0
00603bf0	peds_ai	0
00603e70	peds_ai	0
006040c0	peds_ai	0
006040d0	peds_ai	0
00604220	peds_ai	0
006042b0	file_loading	0
006043a0	peds_ai	0
00604490	peds_ai	0
006044c0	peds_ai	0
00604500	collision	0
00605300	peds_ai	0
006053d0	peds_ai	0
00605420	peds_ai	0
00605550	peds_ai	0
00605650	peds_ai	0
006057f0	peds_ai	0
00605816	peds_ai	0
00605a30	peds_ai	0
00605ea0	peds_ai	0
00605ec0	peds_ai	0
00605f30	peds_ai	0
00605f70	world_entities	0
00605fb0	world_entities	0
00605fc0	world_entities	0
00606000	world_entities	0
00606010	world_entities	0
00606050	world_entities	0
00606060	peds_ai	0
006060a0	peds_ai	0
0060637d	peds_ai	0
00606580	peds_ai	0
0060662d	peds_ai	0
00606890	peds_ai	0
00606ba0	peds_ai	0
00606e56	peds_ai	0
00606e70	peds_ai	0
00606f80	peds_ai	0
00607050	peds_ai	0
0060706f	peds_ai	0
006070f0	scripts_missions	0
00607140	peds_ai	0
00607300	peds_ai	0
006073a0	peds_ai	0
006074a0	peds_ai	1
006074b0	file_loading	0
006074e0	file_loading	1
00607520	file_loading	0
00607560	file_loading	0
006076b0	file_loading	0
00607a70	file_loading	0
00607a90	file_loading	0
00607ab9	file_loading	0
00607d00	file_loading	0
00607d30	file_loading	0
00607d80	peds_ai	0
00607e30	peds_ai	0
00608260	peds_ai	0
006082e0	peds_ai	0
006082f0	peds_ai	0
00608310	peds_ai	0
00608320	peds_ai	0
00608330	peds_ai	0
00608350	peds_ai	0
00608390	peds_ai	0
006083e0	peds_ai	0
00608440	peds_ai	0
006084a0	peds_ai	0
00608500	peds_ai	0
00608520	peds_ai	0
00608540	peds_ai	0
0060854d	peds_ai	0
00608580	peds_ai	0
006085b0	peds_ai	0
006085e0	peds_ai	0
00608710	peds_ai	0
00608750	peds_ai	0
0060875d	peds_ai	0
00608780	file_loading	0
00608790	file_loading	0
00608830	file_loading	0
00608850	file_loading	0
00608860	file_loading	0
006088d0	file_loading	0
00608940	file_loading	0
00608960	peds_ai	0
00608970	peds_ai	0
00608980	peds_ai	0
006089a0	peds_ai	0
006089b0	file_loading	0
006089d0	file_loading	0
006089f0	file_loading	0
00608a20	file_loading	0
00608a40	file_loading	0
00608a70	file_loading	0
00608a90	file_loading	0
00608ae0	peds_ai	0
00608b00	file_loading	0
00608b30	file_loading	0
00608da0	peds_ai	0
00608e20	file_loading	0
00608e40	file_loading	0
00608ee0	peds_ai	0
00608ef0	peds_ai	0
00608f00	peds_ai	0
00608f20	peds_ai	0
00608f40	peds_ai	0
00608f50	peds_ai	0
00608f60	peds_ai	0
00608f70	peds_ai	0
00608fd0	peds_ai	0
00608fe0	peds_ai	0
00608ff0	peds_ai	0
00609050	peds_ai	0
00609060	peds_ai	0
00609080	peds_ai	0
006090e0	peds_ai	0
00609140	peds_ai	0
006091a0	peds_ai	0
006091b0	peds_ai	0
006091c0	peds_ai	0
00609220	peds_ai	0
00609230	peds_ai	0
00609250	peds_ai	0
00609270	peds_ai	0
00609280	peds_ai	0
006092e0	peds_ai	0
00609300	peds_ai	0
00609310	peds_ai	0
00609320	peds_ai	0
00609330	peds_ai	0
00609340	peds_ai	0
00609360	peds_ai	0
00609370	peds_ai	0
00609380	peds_ai	0
006093b0	peds_ai	0
00609490	peds_ai	0
006094a0	peds_ai	0
00609520	peds_ai	0
00609540	peds_ai	0
00609560	peds_ai	0
00609590	peds_ai	0
00609620	peds_ai	0
00609650	peds_ai	0
006096f0	peds_ai	0
00609700	peds_ai	0
00609710	peds_ai	0
006097f0	peds_ai	0
00609800	peds_ai	0
00609830	peds_ai	0
006098f0	peds_ai	0
00609c80	peds_ai	0
00609cd0	peds_ai	0
00609d90	peds_ai	0
00609dd0	peds_ai	0
00609de0	peds_ai	0
00609ed0	peds_ai	0
00609ef0	peds_ai	0
00609f10	peds_ai	0
00609f30	peds_ai	0
00609f50	peds_ai	0
00609f70	peds_ai	0
00609f80	peds_ai	0
00609ff0	peds_ai	0
0060a020	peds_ai	0
0060a040	peds_ai	0
0060a070	peds_ai	0
0060a0a0	peds_ai	0
0060a110	peds_ai	0
0060a1d0	peds_ai	0
0060a440	peds_ai	0
0060a448	peds_ai	0
0060a4b0	peds_ai	0
0060a4b8	peds_ai	0
0060a530	peds_ai	0
0060a550	peds_ai	0
0060a610	peds_ai	0
0060a820	peds_ai	0
0060a8a0	peds_ai	0
0060a8d0	peds_ai	0
0060a9a0	peds_ai	0
0060a9c0	peds_ai	0
0060b460	peds_ai	0
0060b550	peds_ai	0
0060b640	peds_ai	0
0060b650	peds_ai	0
0060ba80	peds_ai	0
0060c0c0	peds_ai	0
0060c1e0	peds_ai	0
0060c520	peds_ai	0
0060c5f0	peds_ai	0
0060c7c0	peds_ai	0
0060c800	peds_ai	0
0060c840	peds_ai	0
0060cc50	peds_ai	0
0060cd20	peds_ai	0
0060d000	peds_ai	0
0060d020	peds_ai	0
0060d1c0	peds_ai	0
0060d350	peds_ai	0
0060d5b0	peds_ai	0
0060d790	peds_ai	0
0060d850	peds_ai	0
0060dc50	peds_ai	0
0060e219	peds_ai	0
0060e530	peds_ai	0
0060ea90	peds_ai	0
0060f7ed	peds_ai	0
0060f8b0	peds_ai	0
0060f8c0	peds_ai	0
0060f8d0	file_loading	0
0060fbd0	file_loading	0
0060ffd0	file_loading	0
00610150	file_loading	0
006101bd	peds_ai	0
00610210	file_loading	0
0061022a	peds_ai	0
00610270	peds_ai	0
00610290	peds_ai	0
006102b0	peds_ai	0
006102d0	peds_ai	0
006102f0	peds_ai	0
00610310	file_loading	0
006103d0	streaming	0
006103f0	streaming	0
00610420	file_loading	0
00610490	file_loading	0
006104b0	file_loading	0
00610560	file_loading	0
006106d0	file_loading	0
00610720	file_loading	0
00610770	file_loading	0
00610bf0	file_loading	0
00610d09	streaming	0
00610d30	streaming	0
00610d50	streaming	0
00610d70	streaming	0
00610d90	streaming	0
00610da0	streaming	0
00610db0	streaming	0
00610df0	streaming	0
00610e00	streaming	0
00610e10	peds_ai	0
00610ec0	peds_ai	0
00610ed0	peds_ai	0
00610f00	peds_ai	0
00610f20	peds_ai	0
00610f40	peds_ai	0
00610f50	peds_ai	0
006110c0	peds_ai	0
006110e0	peds_ai	0
0061124a	streaming	0
00611450	peds_ai	0
00611470	peds_ai	0
00611490	peds_ai	0
006114b0	peds_ai	0
006114c0	peds_ai	0
00611560	peds_ai	0
00611570	peds_ai	0
00611632	streaming	0
006116a0	peds_ai	0
006116b0	peds_ai	0
006116c0	peds_ai	0
00611760	peds_ai	0
00611780	peds_ai	0
00611790	peds_ai	0
006117b0	peds_ai	0
006117d0	peds_ai	0
006117f0	peds_ai	0
00611900	peds_ai	0
006119d0	peds_ai	0
00611b20	peds_ai	0
00611b60	peds_ai	0
00611b80	peds_ai	0
00611b90	streaming	0
00611bb0	streaming	0
00611bd0	streaming	0
00611c20	streaming	0
00611c30	streaming	0
00611c50	streaming	0
00611cb5	streaming	0
00611e10	streaming	0
00611e3a	streaming	0
00611e90	streaming	0
00611f20	peds_ai	0
00611fc0	peds_ai	0
00612240	peds_ai	0
006122c0	peds_ai	0
00612320	peds_ai	0
006123a0	peds_ai	0
006125d9	peds_ai	0
00612710	peds_ai	0
00612c7a	peds_ai	0
00612cd0	peds_ai	0
00612ecd	peds_ai	0
00612f90	peds_ai	0
00613180	peds_ai	0
00613260	peds_ai	0
0061328d	peds_ai	0
006133f0	peds_ai	0
00613a00	peds_ai	0
00613bdd	peds_ai	0
00613cd0	peds_ai	0
00613d60	peds_ai	0
00614210	peds_ai	0
006143e0	peds_ai	0
0061440d	peds_ai	0
00614490	peds_ai	0
006144b0	peds_ai	0
0061450d	peds_ai	0
00614580	peds_ai	0
00614670	peds_ai	0
00614720	peds_ai	0
00615970	peds_ai	0
006159fd	peds_ai	0
00615c70	peds_ai	0
00615c90	peds_ai	0
00615c99	peds_ai	0
00615dc0	peds_ai	0
00616000	peds_ai	0
006160a0	peds_ai	0
00616190	peds_ai	0
00616300	peds_ai	0
0061632d	peds_ai	0
0061636d	peds_ai	0
00616420	peds_ai	0
00616470	peds_ai	0
00616650	peds_ai	0
00616841	peds_ai	0
00616860	peds_ai	0
006168e0	peds_ai	0
00616920	peds_ai	0
00616a40	peds_ai	0
00616b30	animation	0
00616b80	animation	0
00616bd0	animation	0
00616bf0	animation	0
00616c50	animation	0
00616cb0	animation	0
00616cc0	animation	0
00616cd0	animation	0
00616e30	animation	0
00617050	animation	0
00617080	animation	0
006171f0	animation	0
00617330	animation	0
00617390	animation	0
006173f0	animation	0
00617420	animation	0
00617430	animation	0
00617460	animation	0
00617470	animation	0
00617480	animation	0
00617490	animation	0
00617530	animation	0
006175d0	animation	0
00617650	animation	0
006177b0	animation	0
00617820	animation	0
00617830	animation	0
00617850	animation	0
00617870	animation	0
006178b0	animation	0
00617c10	animation	0
00617c20	animation	0
00617c30	animation	0
00617c50	animation	0
00617c60	animation	0
00617ca0	animation	0
00617e00	animation	0
00617e20	animation	0
00617e50	animation	0
00617e60	animation	0
00617f30	animation	0
00617fc0	animation	0
00618030	animation	0
006180a0	animation	0
006180d0	animation	0
00618140	animation	0
00618170	animation	0
006181a0	animation	0
006181d0	animation	0
00618210	animation	0
00618280	animation	0
006182b0	animation	0
006182f0	animation	0
00618330	animation	0
00618370	animation	0
006184b0	animation	0
00618520	animation	0
00618590	animation	0
006185e0	animation	0
00618630	animation	0
00618680	animation	0
006186d0	animation	0
00618750	animation	0
00618800	animation	0
006188b0	animation	0
00618970	animation	0
00618b60	animation	0
00618cf0	platform_os	0
00618d00	platform_os	1
00618d10	platform_os	0
00618d30	platform_os	0
00618d90	platform_os	0
00618df0	platform_os	0
00618e30	platform_os	0
00618e70	scripts_missions	0
00618e80	scripts_missions	0
00618e90	scripts_missions	0
00618f50	scripts_missions	0
00618ff0	scripts_missions	0
00619000	scripts_missions	0
00619010	scripts_missions	0
00619020	scripts_missions	0
00619030	scripts_missions	0
00619040	scripts_missions	0
00619060	scripts_missions	0
006190a0	scripts_missions	0
006190d0	scripts_missions	0
00619140	scripts_missions	0
006193a2	scripts_missions	0
006193e0	scripts_missions	0
006193f0	renderware	0
00619470	renderware	0
00619480	renderware	0
006194c0	renderware	0
00619510	platform_os	0
00619530	platform_os	0
00619560	renderware	0
00619580	renderware	0
006195a0	renderware	0
006195e0	renderware	0
00619600	renderware	0
00619670	scripts_missions	0
006196fa	scripts_missions	0
00619780	renderware	0
00619840	renderware	0
00619880	renderware	0
006198c0	renderware	0
006198e0	scripts_missions	0
00619910	scripts_missions	0
00619ab0	renderware	0
00619b00	renderware	0
00619b30	renderware	0
00619b60	renderware	0
00619c3e	peds_ai	0
00619c90	renderware	0
00619d60	renderware	0
00619fa0	renderware	0
0061a130	peds_ai	0
0061a150	peds_ai	0
0061a180	peds_ai	0
0061a1a0	peds_ai	0
0061a1d0	peds_ai	0
0061a2a0	peds_ai	0
0061a2c0	peds_ai	0
0061a2e0	peds_ai	1
0061a320	peds_ai	0
0061a330	peds_ai	1
0061a340	peds_ai	0
0061a350	peds_ai	0
0061a360	peds_ai	0
0061a390	peds_ai	0
0061a3a0	peds_ai	0
0061a3b0	peds_ai	0
0061a3d0	peds_ai	0
0061a430	peds_ai	0
0061a460	peds_ai	0
0061a470	peds_ai	0
0061a490	peds_ai	0
0061a4b0	peds_ai	0
0061a500	peds_ai	0
0061a570	peds_ai	0
0061a5a0	peds_ai	0
0061a5b0	peds_ai	0
0061a5e0	peds_ai	0
0061a620	peds_ai	0
0061a660	peds_ai	0
0061a6a0	peds_ai	0
0061a6b0	peds_ai	0
0061a6c0	peds_ai	0
0061a6f0	peds_ai	0
0061a790	peds_ai	0
0061a8a0	peds_ai	0
0061a8b0	peds_ai	0
0061a900	peds_ai	0
0061a950	peds_ai	0
0061a990	peds_ai	0
0061aa4d	peds_ai	0
0061aa90	peds_ai	0
0061aaa0	peds_ai	0
0061ab00	peds_ai	0
0061ab70	peds_ai	0
0061abe0	peds_ai	0
0061ac50	peds_ai	0
0061ac90	peds_ai	0
0061ad00	peds_ai	0
0061ad10	peds_ai	0
0061adf0	peds_ai	0
0061ae50	peds_ai	0
0061aea0	peds_ai	0
0061aeb0	peds_ai	0
0061af60	peds_ai	0
0061b2b0	peds_ai	0
0061b2e0	peds_ai	0
0061b2f0	peds_ai	0
0061b460	peds_ai	0
0061b4c0	peds_ai	0
0061b4f0	peds_ai	0
0061b570	peds_ai	0
0061b580	peds_ai	0
0061b6d0	peds_ai	0
0061b770	peds_ai	0
0061b810	peds_ai	0
0061b890	peds_ai	0
0061b980	peds_ai	0
0061ba00	peds_ai	0
0061ba80	peds_ai	0
0061baa0	peds_ai	0
0061bac0	peds_ai	0
0061bb10	peds_ai	0
0061bbc0	peds_ai	0
0061bbe0	peds_ai	0
0061bc80	peds_ai	0
0061bcb0	peds_ai	0
0061bd80	peds_ai	0
0061bda0	peds_ai	0
0061bdf0	peds_ai	0
0061bef0	peds_ai	0
0061bf20	peds_ai	0
0061c0d0	peds_ai	0
0061c0f0	peds_ai	0
0061c110	peds_ai	0
0061c120	peds_ai	0
0061c140	peds_ai	0
0061c150	peds_ai	0
0061c170	peds_ai	0
0061c180	peds_ai	0
0061c1a0	peds_ai	0
0061c1c0	peds_ai	0
0061c1e0	peds_ai	0
0061c1f0	peds_ai	0
0061c210	peds_ai	0
0061c220	peds_ai	0
0061c240	peds_ai	0
0061c250	peds_ai	0
0061c260	peds_ai	0
0061c270	peds_ai	0
0061c280	peds_ai	0
0061c2a0	peds_ai	0
0061c2b0	peds_ai	0
0061c2c0	peds_ai	0
0061c2d0	peds_ai	0
0061c2e0	peds_ai	0
0061c310	peds_ai	0
0061c320	peds_ai	0
0061c330	peds_ai	0
0061c390	peds_ai	0
0061c3b0	peds_ai	0
0061c3c0	peds_ai	0
0061c3d0	peds_ai	0
0061c420	peds_ai	0
0061c460	peds_ai	0
0061c470	peds_ai	0
0061c520	peds_ai	0
0061c530	peds_ai	0
0061c5e0	peds_ai	0
0061c630	peds_ai	0
0061c650	peds_ai	0
0061c740	peds_ai	0
0061c7f0	peds_ai	0
0061c9b0	peds_ai	0
0061cba0	peds_ai	0
0061d0b0	peds_ai	0
0061d2b9	peds_ai	0
0061d400	peds_ai	0
0061d5f0	peds_ai	0
0061d6f0	peds_ai	0
0061dae0	file_loading	0
0061db30	file_loading	0
0061dc10	peds_ai	0
0061dc90	peds_ai	0
0061dca0	peds_ai	0
0061dd00	peds_ai	0
0061de60	peds_ai	0
0061df20	peds_ai	0
0061df30	peds_ai	0
0061dfa0	peds_ai	0
0061e040	peds_ai	0
0061e0a0	peds_ai	0
0061e0c0	peds_ai	0
0061e160	peds_ai	0
0061e190	peds_ai	0
0061e200	peds_ai	0
0061e3f0	peds_ai	0
0061e8e0	peds_ai	0
0061eb10	peds_ai	0
0061ed10	peds_ai	0
0061f3a0	peds_ai	0
0061f3f0	peds_ai	0
0061f4c0	peds_ai	0
0061f4d0	peds_ai	0
0061f530	peds_ai	0
0061f5e0	peds_ai	0
0061f660	peds_ai	0
0061f6f0	peds_ai	0
0061f700	peds_ai	0
0061f780	peds_ai	0
0061f810	peds_ai	0
0061f890	peds_ai	0
0061f8b0	peds_ai	0
0061f940	peds_ai	0
0061f950	peds_ai	0
0061f9b0	peds_ai	0
0061f9f0	peds_ai	0
0061fc20	peds_ai	0
0061fc40	peds_ai	0
0061fc50	peds_ai	0
0061fcc0	peds_ai	0
0061fd10	peds_ai	0
0061fd20	peds_ai	0
0061fe00	peds_ai	0
0061fe30	peds_ai	0
0061fe60	peds_ai	0
0061fe70	peds_ai	0
0061fee0	peds_ai	0
0061ff30	peds_ai	0
0061ff40	peds_ai	0
00620290	peds_ai	0
006202c0	peds_ai	0
00620360	peds_ai	0
00620370	peds_ai	0
006203f0	peds_ai	0
00620480	peds_ai	0
00620490	peds_ai	0
00620660	peds_ai	0
00620780	peds_ai	0
00620800	peds_ai	0
00620810	peds_ai	0
00620890	peds_ai	0
00620900	peds_ai	0
00620910	peds_ai	0
00620a20	peds_ai	0
00620b00	peds_ai	0
00620b80	peds_ai	0
00620b90	peds_ai	0
00620bf0	peds_ai	0
00620c30	peds_ai	0
00620e00	peds_ai	0
00620e30	peds_ai	0
00620ee0	peds_ai	0
00620ef0	peds_ai	0
00620f50	peds_ai	0
00620f70	peds_ai	0
00620fe0	peds_ai	0
00620ff0	peds_ai	0
00621000	peds_ai	0
00621080	peds_ai	0
00621090	peds_ai	0
006210f0	peds_ai	0
00621100	peds_ai	0
00621190	peds_ai	0
00621240	peds_ai	0
00621250	peds_ai	0
006212b0	peds_ai	0
00621300	peds_ai	0
00621500	peds_ai	0
006217d0	peds_ai	0
006218b0	peds_ai	0
006218c0	peds_ai	0
00621960	peds_ai	0
00621afe	peds_ai	0
00621b10	peds_ai	0
00621be0	peds_ai	0
00621c00	peds_ai	0
00621c70	peds_ai	0
00621c80	peds_ai	0
00621cb0	peds_ai	0
00621d10	peds_ai	0
00621d90	peds_ai	0
00621da0	peds_ai	0
00621e00	peds_ai	0
00621f50	peds_ai	0
00622000	peds_ai	0
00622010	peds_ai	0
00622070	peds_ai	0
006220a0	peds_ai	0
00622100	peds_ai	0
00622110	peds_ai	0
00622170	peds_ai	0
00622180	peds_ai	0
006221b0	peds_ai	0
006221c0	peds_ai	0
006221d0	peds_ai	0
00622230	peds_ai	0
00622240	peds_ai	0
006222a0	peds_ai	0
006222b0	peds_ai	0
00622310	peds_ai	0
00622320	peds_ai	0
00622450	peds_ai	0
006225f0	peds_ai	0
00622670	peds_ai	0
00622680	peds_ai	0
006226f0	peds_ai	0
00622790	peds_ai	0
006227c0	peds_ai	0
00622820	peds_ai	0
00622830	peds_ai	0
00622890	peds_ai	0
00622900	peds_ai	0
00622980	peds_ai	0
00622b50	peds_ai	0
00622b80	peds_ai	0
00622bb0	peds_ai	0
00622bc0	peds_ai	0
00622c20	peds_ai	0
00622c90	peds_ai	0
00622cc0	peds_ai	0
00622d50	peds_ai	0
00622e40	peds_ai	0
00622eb0	peds_ai	0
00622f20	peds_ai	0
00622fb0	peds_ai	0
00623030	peds_ai	0
006230b0	peds_ai	0
00623120	peds_ai	0
00623190	peds_ai	0
00623220	peds_ai	0
00623290	peds_ai	0
00623300	peds_ai	0
00623370	peds_ai	0
00623400	peds_ai	0
00623460	peds_ai	0
006234c0	peds_ai	0
00623530	peds_ai	0
006235a0	peds_ai	0
00623600	peds_ai	0
00623670	peds_ai	0
006236d0	peds_ai	0
00623750	peds_ai	0
006237c0	peds_ai	0
00623830	peds_ai	0
006238a0	peds_ai	0
00623900	peds_ai	0
006239d0	peds_ai	0
006239f0	peds_ai	0
00623b10	peds_ai	0
00624082	peds_ai	0
006240b0	peds_ai	0
0062423a	peds_ai	0
00624710	peds_ai	0
00624a40	peds_ai	0
00624b30	peds_ai	0
00624b50	peds_ai	0
00624da0	peds_ai	0
00624dc0	peds_ai	0
00624e30	peds_ai	0
00624ed0	peds_ai	0
00624f30	peds_ai	0
0062522e	peds_ai	0
00625250	peds_ai	0
00625270	peds_ai	0
006259c0	peds_ai	0
006259e0	peds_ai	0
00625b60	peds_ai	0
00625b80	peds_ai	0
00625ba0	peds_ai	0
00625bc0	peds_ai	0
00625be0	peds_ai	0
00625c00	peds_ai	0
00625c20	peds_ai	0
00625c70	peds_ai	0
00625e20	peds_ai	0
00625e40	peds_ai	0
00625e70	peds_ai	0
00626260	peds_ai	0
00626a80	peds_ai	0
00626aa0	peds_ai	0
00626ac0	peds_ai	0
00626d90	peds_ai	0
00626fa0	peds_ai	0
00626fc0	peds_ai	0
006275e0	peds_ai	0
00627600	peds_ai	0
00627b20	peds_ai	0
00627cc0	peds_ai	0
00628350	peds_ai	0
00628780	peds_ai	0
006287a0	peds_ai	0
006288c0	peds_ai	0
006289d0	peds_ai	0
006289f0	peds_ai	0
00628a70	peds_ai	0
00628c60	peds_ai	0
00628c80	peds_ai	0
00628da0	peds_ai	0
00628fa0	peds_ai	0
00629060	peds_ai	0
00629080	peds_ai	0
006293a0	peds_ai	0
006293c0	peds_ai	0
00629480	peds_ai	0
00629550	peds_ai	0
00629570	peds_ai	0
00629630	peds_ai	0
006296b0	peds_ai	0
006296d0	peds_ai	0
006298e0	peds_ai	0
00629900	peds_ai	0
00629920	peds_ai	0
0062a0a0	peds_ai	0
0062a380	peds_ai	0
0062af50	peds_ai	0
0062b150	peds_ai	0
0062b490	peds_ai	0
0062b790	peds_ai	0
0062b810	peds_ai	0
0062b840	peds_ai	0
0062bc10	peds_ai	0
0062be30	peds_ai	0
0062bf00	peds_ai	0
0062c190	peds_ai	0
0062cce0	peds_ai	0
0062d261	peds_ai	0
0062d290	peds_ai	0
0062d3b0	peds_ai	0
0062d9e0	peds_ai	0
0062da90	peds_ai	0
0062db20	peds_ai	0
0062dc20	peds_ai	0
0062ddb0	peds_ai	0
0062df20	peds_ai	0
0062e0a0	peds_ai	0
0062e170	peds_ai	0
0062e270	peds_ai	0
0062e3f0	peds_ai	0
0062e540	peds_ai	0
0062e6c0	peds_ai	0
0062e8b0	peds_ai	0
0062eb70	peds_ai	0
0062eb80	peds_ai	0
0062eba0	peds_ai	0
0062ebc0	peds_ai	0
0062ebe0	peds_ai	0
0062ebf0	peds_ai	0
0062ec00	peds_ai	0
0062ec10	peds_ai	0
0062ec30	peds_ai	0
0062ec40	scripts_missions	0
0062ec50	scripts_missions	0
0062ec60	peds_ai	0
0062ec90	peds_ai	0
0062ed00	peds_ai	0
0062ed10	peds_ai	0
0062ed40	peds_ai	0
0062edb0	peds_ai	0
0062edc0	peds_ai	0
0062edf0	peds_ai	0
0062ee60	peds_ai	0
0062ee70	peds_ai	0
0062eea0	peds_ai	0
0062ef10	peds_ai	0
0062ef20	peds_ai	0
0062ef50	peds_ai	0
0062efc0	peds_ai	0
0062efd0	peds_ai	0
0062f000	peds_ai	0
0062f070	peds_ai	0
0062f080	peds_ai	0
0062f0b0	peds_ai	0
0062f120	peds_ai	0
0062f130	peds_ai	0
0062f140	peds_ai	0
0062f160	peds_ai	0
0062f170	peds_ai	0
0062f1a0	peds_ai	0
0062f1d0	peds_ai	0
0062f240	peds_ai	0
0062f250	peds_ai	0
0062f270	peds_ai	0
0062f280	peds_ai	0
0062f290	peds_ai	0
0062f2d0	peds_ai	0
0062f310	peds_ai	0
0062f350	peds_ai	0
0062f360	peds_ai	0
0062f370	peds_ai	0
0062f520	peds_ai	0
0062f590	peds_ai	0
0062f5b0	peds_ai	0
0062f5c0	peds_ai	0
0062f5d0	peds_ai	0
0062f5e0	peds_ai	0
0062f610	peds_ai	0
0062f630	peds_ai	0
0062f640	peds_ai	0
0062f650	peds_ai	0
0062f660	peds_ai	0
0062f690	peds_ai	0
0062f6b0	peds_ai	0
0062f6c0	peds_ai	0
0062f6d0	peds_ai	0
0062f6e0	peds_ai	0
0062f8d0	peds_ai	0
0062f910	peds_ai	0
0062f9f0	peds_ai	0
0062fa00	peds_ai	0
0062fa50	peds_ai	0
0062fa60	peds_ai	0
0062faf0	peds_ai	0
0062fb40	peds_ai	0
0062fba0	peds_ai	0
0062fc10	peds_ai	0
0062fc20	peds_ai	0
0062fc60	peds_ai	0
0062fc70	peds_ai	0
0062fc80	peds_ai	0
0062fcb0	peds_ai	0
0062fcc0	peds_ai	0
0062fcf0	peds_ai	0
0062fd00	peds_ai	0
0062fd50	peds_ai	0
0062fec0	peds_ai	0
0062ff00	peds_ai	0
0062ff10	peds_ai	0
0062ff20	peds_ai	0
0062ff40	peds_ai	0
0062ff50	peds_ai	0
0062ff60	peds_ai	0
0062ff70	peds_ai	0
00630040	peds_ai	0
006300b0	peds_ai	0
006300c0	peds_ai	0
006300d0	peds_ai	0
00630100	peds_ai	0
006301b9	peds_ai	0
006301e0	peds_ai	0
006302d0	peds_ai	0
00630580	peds_ai	0
00630590	peds_ai	0
006305d0	peds_ai	0
006305e0	peds_ai	0
006305f0	peds_ai	0
00630600	peds_ai	0
00630f20	peds_ai	0
00630f50	peds_ai	0
00630f60	peds_ai	0
00630f70	peds_ai	0
00630ff0	peds_ai	0
00631030	peds_ai	0
00631060	peds_ai	0
00631070	peds_ai	0
006310d0	peds_ai	0
00631150	peds_ai	0
00631160	peds_ai	0
006311a0	peds_ai	0
006311b0	peds_ai	0
006311c0	peds_ai	0
006311e0	peds_ai	0
00631260	peds_ai	0
006312e0	peds_ai	0
00631310	peds_ai	0
00631320	peds_ai	0
00631380	peds_ai	0
00631400	peds_ai	0
00631410	peds_ai	0
00631460	peds_ai	0
00631490	peds_ai	0
006314a0	peds_ai	0
00631510	peds_ai	0
00631550	peds_ai	0
006316a0	peds_ai	0
00631730	peds_ai	0
00631790	peds_ai	0
006317b0	peds_ai	0
006317c0	peds_ai	0
006317d0	peds_ai	0
006317e0	peds_ai	0
006318d0	peds_ai	0
006318e0	peds_ai	0
00631910	peds_ai	0
00631940	peds_ai	0
00631950	peds_ai	0
00631980	peds_ai	0
00631a70	peds_ai	0
00631ac0	peds_ai	0
00631ad0	peds_ai	0
00631ae0	peds_ai	0
00631b10	peds_ai	0
00631b20	peds_ai	0
00631b50	peds_ai	0
00631b60	peds_ai	0
00631c40	peds_ai	0
00631c90	peds_ai	0
00631cb0	peds_ai	0
00631cc0	peds_ai	0
00631ce0	peds_ai	0
00631cf0	peds_ai	0
00631d00	peds_ai	0
00631d60	peds_ai	0
00631d70	peds_ai	0
00631d90	peds_ai	0
00631da0	peds_ai	0
00631db0	peds_ai	0
00631dc0	peds_ai	0
00631dd0	peds_ai	0
00631df0	peds_ai	0
00631e00	peds_ai	0
00631e30	peds_ai	0
00631e40	peds_ai	0
00631e50	peds_ai	0
00631f5a	peds_ai	0
00631f70	peds_ai	0
00631f80	peds_ai	0
00632040	peds_ai	0
00632050	peds_ai	0
006320f0	peds_ai	0
00632140	peds_ai	0
00632190	peds_ai	0
006321f0	peds_ai	0
00632260	peds_ai	0
00632270	peds_ai	0
006322f0	peds_ai	0
00632420	peds_ai	0
00632460	peds_ai	0
00632570	peds_ai	0
006325f0	peds_ai	0
00632620	peds_ai	0
00632630	peds_ai	0
00632640	peds_ai	0
00632650	peds_ai	0
006326e0	peds_ai	0
006326f0	peds_ai	0
00632710	peds_ai	0
00632720	peds_ai	0
00632730	peds_ai	0
006327c0	peds_ai	0
00632800	peds_ai	0
00632820	peds_ai	0
00632830	peds_ai	0
00632840	peds_ai	0
00632860	peds_ai	0
006328f0	peds_ai	0
00632900	peds_ai	0
00632920	peds_ai	0
00632930	peds_ai	0
00632940	peds_ai	0
00632a40	peds_ai	0
00632a50	peds_ai	0
00632a70	peds_ai	0
00632a80	peds_ai	0
00632a90	peds_ai	0
00632aa0	peds_ai	0
00632b30	peds_ai	0
00632b50	peds_ai	0
00632b60	peds_ai	0
00632b70	peds_ai	0
00632b80	peds_ai	0
00632bd0	peds_ai	0
00632c00	peds_ai	0
00632c10	peds_ai	0
00632c60	peds_ai	0
00632c70	peds_ai	0
00632ce0	peds_ai	0
00632d00	peds_ai	0
00632d10	peds_ai	0
00632d50	peds_ai	0
00632d90	peds_ai	0
00632da5	peds_ai	0
00632dd0	peds_ai	0
00632e00	peds_ai	0
00632e50	peds_ai	0
00632e90	peds_ai	0
00632ea0	peds_ai	0
00632eb0	peds_ai	0
00632f40	peds_ai	0
00632fb0	peds_ai	0
00633010	peds_ai	0
006330b0	peds_ai	0
006331a0	peds_ai	0
006331d0	peds_ai	0
006331e0	peds_ai	0
006331f0	peds_ai	0
00633220	peds_ai	0
00633250	peds_ai	0
00633280	peds_ai	0
00633290	peds_ai	0
006332a0	peds_ai	0
006332b0	peds_ai	0
006332c0	peds_ai	0
006332f0	peds_ai	0
00633300	peds_ai	0
00633310	peds_ai	0
00633320	peds_ai	0
00633330	peds_ai	0
0063334c	peds_ai	0
00633350	peds_ai	0
00633360	peds_ai	0
00633370	peds_ai	0
00633380	peds_ai	0
00633390	peds_ai	0
006333b0	peds_ai	0
006333c0	peds_ai	0
006333d0	peds_ai	0
00633470	peds_ai	0
00633560	peds_ai	0
00633590	peds_ai	0
006335a0	peds_ai	0
006335b0	peds_ai	0
006335c0	peds_ai	0
006337a0	peds_ai	0
006337d0	peds_ai	0
006337f0	peds_ai	0
00633820	peds_ai	0
00633830	peds_ai	0
006338a0	peds_ai	0
006338e0	peds_ai	0
00633940	peds_ai	0
00633970	peds_ai	0
006339a0	peds_ai	0
006339b0	peds_ai	0
006339c0	peds_ai	0
00633a90	peds_ai	0
00633b00	peds_ai	0
00633bd0	peds_ai	0
00633c40	peds_ai	0
00633c70	peds_ai	0
00633c80	peds_ai	0
00633e00	peds_ai	0
00633ee0	peds_ai	0
00633ef0	peds_ai	0
00633f00	peds_ai	0
00633fc0	peds_ai	0
00634050	peds_ai	0
00634120	peds_ai	0
00634130	peds_ai	0
00634150	peds_ai	0
00634230	peds_ai	0
00634240	peds_ai	0
00634250	peds_ai	0
006342f0	peds_ai	0
00634370	peds_ai	0
00634430	peds_ai	0
00634440	peds_ai	0
006344f0	peds_ai	0
00634500	peds_ai	0
00634560	peds_ai	0
00634610	peds_ai	0
00634620	peds_ai	0
00634670	peds_ai	0
00634690	peds_ai	0
006346a0	peds_ai	0
006346b0	peds_ai	0
006346c0	peds_ai	0
006346f0	peds_ai	0
00634710	peds_ai	0
00634720	peds_ai	0
00634730	peds_ai	0
00634740	peds_ai	0
0063479d	peds_ai	0
00634890	peds_ai	0
006348a0	peds_ai	0
006348d0	peds_ai	0
006348e0	peds_ai	0
006348f0	peds_ai	0
00634930	peds_ai	0
00634a40	peds_ai	0
00634a60	peds_ai	0
00634c10	peds_ai	0
00634d60	peds_ai	0
00634ef0	peds_ai	0
00634f10	peds_ai	0
00634f20	peds_ai	0
00634f30	peds_ai	0
00634f40	peds_ai	0
00634f90	peds_ai	0
00635050	peds_ai	0
006350d0	peds_ai	0
006350f0	peds_ai	0
00635100	peds_ai	0
00635110	peds_ai	0
00635200	peds_ai	0
00635420	peds_ai	0
00635430	peds_ai	0
00635450	peds_ai	0
00635490	peds_ai	0
006354a0	peds_ai	0
006354d0	peds_ai	0
00635530	peds_ai	0
00635540	peds_ai	0
006355c0	peds_ai	0
006355d0	peds_ai	0
006355e0	peds_ai	0
00635640	peds_ai	0
006356a0	peds_ai	0
006356c0	peds_ai	0
00635720	peds_ai	0
006357c0	peds_ai	0
006357f0	peds_ai	0
00635850	peds_ai	0
006358b0	peds_ai	0
006358f0	peds_ai	0
00635900	peds_ai	0
00635970	peds_ai	0
006359c0	peds_ai	0
00635a0d	peds_ai	0
00635a90	peds_ai	0
00635b60	peds_ai	0
00635bd0	peds_ai	0
00635c30	peds_ai	0
00635c90	peds_ai	0
00635cf0	peds_ai	0
00635da0	peds_ai	0
00635e60	peds_ai	0
00635ef0	peds_ai	0
00635f90	peds_ai	0
00636010	peds_ai	0
00636060	peds_ai	0
00636100	peds_ai	0
00636180	peds_ai	0
00636200	peds_ai	0
00636280	peds_ai	0
00636310	peds_ai	0
00636390	peds_ai	0
00636410	peds_ai	0
00636490	peds_ai	0
00636500	peds_ai	0
00636570	peds_ai	0
006365e0	peds_ai	0
00636640	peds_ai	0
006366a0	peds_ai	0
00636710	peds_ai	0
00636780	peds_ai	0
006367b0	peds_ai	0
006367c0	peds_ai	0
00636830	peds_ai	0
00636850	peds_ai	0
00636860	peds_ai	0
00636890	peds_ai	0
006368a0	peds_ai	0
00636910	peds_ai	0
00636930	peds_ai	0
00636940	peds_ai	0
006369b0	peds_ai	0
00636a10	peds_ai	0
00636a60	peds_ai	0
00636ad0	peds_ai	0
00636b40	peds_ai	0
00636bc0	peds_ai	0
00636be0	peds_ai	0
00636c70	peds_ai	0
00636cf0	peds_ai	0
00636d60	peds_ai	0
00636dd0	peds_ai	0
00636e30	peds_ai	0
00636e80	peds_ai	0
00636f00	peds_ai	0
00636f20	peds_ai	0
00636f70	peds_ai	0
00636fd0	peds_ai	0
0063705f	peds_ai	0
00637060	peds_ai	0
006370b0	peds_ai	0
00637100	peds_ai	0
00637190	peds_ai	0
006371f0	peds_ai	0
00637250	peds_ai	0
00637280	peds_ai	0
00637290	peds_ai	0
00637300	peds_ai	0
00637330	peds_ai	0
00637360	peds_ai	0
00637390	peds_ai	0
006373c0	peds_ai	0
006373f0	peds_ai	0
00637420	peds_ai	0
00637450	peds_ai	0
00637480	peds_ai	0
006374a0	peds_ai	0
006374c0	peds_ai	0
006374e0	peds_ai	0
00637500	peds_ai	0
00637520	peds_ai	0
006375b0	peds_ai	0
006375d0	peds_ai	0
006375f0	peds_ai	0
006377b0	peds_ai	0
00637850	peds_ai	0
006378d0	peds_ai	0
006378f0	peds_ai	0
00637910	peds_ai	0
00637930	peds_ai	0
00637950	peds_ai	0
00637970	peds_ai	0
006379d0	peds_ai	0
006379f0	peds_ai	0
00637a40	peds_ai	0
00637a60	peds_ai	0
00637d40	peds_ai	0
00637d60	peds_ai	0
00637d90	peds_ai	0
00637db0	peds_ai	0
00637f60	peds_ai	0
00637f80	peds_ai	0
00637fa0	peds_ai	0
00637fc0	peds_ai	0
00637fe0	peds_ai	0
00638020	peds_ai	0
00638040	peds_ai	0
0063814a	peds_ai	0
00638160	peds_ai	0
00638180	peds_ai	0
006381a0	peds_ai	0
00638290	peds_ai	0
00638570	peds_ai	0
00638590	peds_ai	0
006385b0	peds_ai	0
006385d0	peds_ai	0
006388cd	peds_ai	0
00638900	peds_ai	0
00638920	peds_ai	0
00638940	peds_ai	0
006389b0	peds_ai	0
006389d0	peds_ai	0
006389f0	peds_ai	0
00638a40	peds_ai	0
00638a60	peds_ai	0
00638a80	peds_ai	0
00638aa0	peds_ai	0
00638ac0	peds_ai	0
00638ae0	peds_ai	0
00638bd0	peds_ai	0
00638d30	peds_ai	0
00638f00	peds_ai	0
00638f20	peds_ai	0
00638fd0	peds_ai	0
00638ff0	peds_ai	0
006390a0	peds_ai	0
006390c0	peds_ai	0
00639190	peds_ai	0
006391b0	peds_ai	0
006391f0	peds_ai	0
00639200	peds_ai	0
00639310	peds_ai	0
00639330	peds_ai	0
00639350	peds_ai	0
006393bd	peds_ai	0
00639410	peds_ai	0
00639450	peds_ai	0
00639490	peds_ai	0
006394b0	peds_ai	0
006394d0	peds_ai	0
006394f0	peds_ai	0
00639510	peds_ai	0
00639530	peds_ai	0
00639660	peds_ai	0
00639680	peds_ai	0
006396a0	peds_ai	0
006396c0	peds_ai	0
00639730	peds_ai	0
006397a0	peds_ai	0
006397c0	peds_ai	0
006397e0	peds_ai	0
00639900	peds_ai	0
00639960	peds_ai	0
00639990	peds_ai	0
006399f0	peds_ai	0
00639cb0	peds_ai	0
00639e20	peds_ai	0
00639e40	peds_ai	0
00639f70	peds_ai	0
00639f90	peds_ai	0
00639fb0	models	0
00639fc0	models	0
00639fe0	models	0
0063a000	models	0
0063a010	models	0
0063a030	models	0
0063a040	models	0
0063a080	peds_ai	0
0063a090	peds_ai	0
0063a0a0	peds_ai	0
0063a0c0	peds_ai	0
0063a0d0	peds_ai	0
0063a0e0	peds_ai	0
0063a0f0	peds_ai	0
0063a100	peds_ai	0
0063a110	peds_ai	0
0063a130	peds_ai	0
0063a140	peds_ai	0
0063a150	peds_ai	0
0063a1a0	peds_ai	0
0063a1b0	peds_ai	0
0063a1d0	peds_ai	0
0063a1e0	peds_ai	0
0063a1f0	peds_ai	0
0063a200	peds_ai	0
0063a210	peds_ai	0
0063a220	peds_ai	0
0063a2e0	peds_ai	0
0063a300	peds_ai	0
0063a380	peds_ai	0
0063a690	peds_ai	0
0063a730	peds_ai	0
0063a890	peds_ai	0
0063ab70	peds_ai	0
0063ab90	peds_ai	0
0063ac10	peds_ai	0
0063ac80	peds_ai	0
0063acc0	peds_ai	0
0063ad70	peds_ai	0
0063adf0	peds_ai	0
0063ae00	peds_ai	0
0063ae60	peds_ai	0
0063aed0	peds_ai	0
0063aee0	peds_ai	0
0063aff0	peds_ai	0
0063b030	peds_ai	0
0063b0b0	peds_ai	0
0063b0c0	peds_ai	0
0063b120	peds_ai	0
0063b190	peds_ai	0
0063b1a0	peds_ai	0
0063b2e0	peds_ai	0
0063b320	peds_ai	0
0063b3b0	peds_ai	0
0063b3c0	peds_ai	0
0063b430	peds_ai	0
0063b490	peds_ai	0
0063b4a0	peds_ai	0
0063b500	peds_ai	0
0063b540	peds_ai	0
0063b5e0	peds_ai	0
0063b640	peds_ai	0
0063b650	peds_ai	0
0063b6b0	peds_ai	0
0063b7d0	peds_ai	0
0063b840	peds_ai	0
0063b850	peds_ai	0
0063b8c0	peds_ai	0
0063b960	peds_ai	0
0063b970	peds_ai	0
0063ba00	peds_ai	0
0063baa0	peds_ai	0
0063bab0	peds_ai	0
0063bae0	peds_ai	0
0063bb60	peds_ai	0
0063bbc0	peds_ai	0
0063bbd0	peds_ai	0
0063bc30	peds_ai	0
0063bc40	peds_ai	0
0063bc50	peds_ai	0
0063bcd0	peds_ai	0
0063bce0	peds_ai	0
0063bdc0	peds_ai	0
0063bdd0	peds_ai	0
0063be40	peds_ai	0
0063be50	peds_ai	0
0063beb0	peds_ai	0
0063bec0	peds_ai	0
0063bf90	peds_ai	0
0063c020	peds_ai	0
0063c030	peds_ai	0
0063c090	peds_ai	0
0063c0a0	peds_ai	0
0063c240	peds_ai	0
0063c2b0	peds_ai	0
0063c2c0	peds_ai	0
0063c320	peds_ai	0
0063c340	peds_ai	0
0063c450	peds_ai	0
0063c460	peds_ai	0
0063c500	peds_ai	0
0063c640	peds_ai	0
0063c670	peds_ai	0
0063c770	peds_ai	0
0063c800	peds_ai	0
0063c840	peds_ai	0
0063c8b0	peds_ai	0
0063c8e0	peds_ai	0
0063c8f0	peds_ai	0
0063c900	peds_ai	0
0063c940	peds_ai	0
0063c9c0	peds_ai	0
0063c9d0	peds_ai	0
0063ca40	peds_ai	0
0063cad0	peds_ai	0
0063cae0	peds_ai	0
0063cb10	peds_ai	0
0063cb40	peds_ai	0
0063cb50	peds_ai	0
0063cb60	peds_ai	0
0063cc30	peds_ai	0
0063ccb0	peds_ai	0
0063ccc0	peds_ai	0
0063cd20	peds_ai	0
0063ce00	peds_ai	0
0063ce60	peds_ai	0
0063ce70	peds_ai	0
0063ce80	peds_ai	0
0063cf00	peds_ai	0
0063cf70	peds_ai	0
0063cf90	peds_ai	0
0063d030	peds_ai	0
0063d0c0	peds_ai	0
0063d0d0	peds_ai	0
0063d0f0	peds_ai	0
0063d100	peds_ai	0
0063d110	peds_ai	0
0063d120	peds_ai	0
0063d130	peds_ai	0
0063d190	peds_ai	0
0063d1a0	peds_ai	0
0063d1f0	peds_ai	0
0063d220	peds_ai	0
0063d240	peds_ai	0
0063d420	peds_ai	0
0063d5c0	peds_ai	0
0063d610	peds_ai	0
0063d6f0	peds_ai	0
0063d720	peds_ai	0
0063d730	peds_ai	0
0063d740	peds_ai	0
0063d780	peds_ai	0
0063d7e0	peds_ai	0
0063d850	peds_ai	0
0063d8c0	peds_ai	0
0063d920	peds_ai	0
0063d980	peds_ai	0
0063d9e0	peds_ai	0
0063da60	peds_ai	0
0063dad0	peds_ai	0
0063db40	peds_ai	0
0063dbb0	peds_ai	0
0063dc20	peds_ai	0
0063dc90	peds_ai	0
0063dd00	peds_ai	0
0063dd70	peds_ai	0
0063dde0	peds_ai	0
0063de60	peds_ai	0
0063deb0	peds_ai	0
0063df10	peds_ai	0
0063df80	peds_ai	0
0063dfa0	peds_ai	0
0063e040	peds_ai	0
0063e990	peds_ai	0
0063f970	peds_ai	0
006402f0	peds_ai	0
00640320	peds_ai	0
00640330	peds_ai	0
00640340	peds_ai	0
00640370	peds_ai	0
00640380	peds_ai	0
00640390	peds_ai	0
006403c0	peds_ai	0
006403d0	peds_ai	0
006403e0	peds_ai	0
00640410	peds_ai	0
00640420	peds_ai	0
00640430	peds_ai	0
006404c0	peds_ai	0
006404d0	peds_ai	0
00640530	peds_ai	0
00640590	peds_ai	0
006405b0	peds_ai	0
00640640	peds_ai	0
00640660	peds_ai	0
00640710	peds_ai	0
00640730	peds_ai	0
006408d0	peds_ai	0
00640bc0	peds_ai	0
00640be0	peds_ai	0
00640e40	peds_ai	0
00640e60	peds_ai	0
00640ed0	peds_ai	0
00640f10	peds_ai	0
00640f30	peds_ai	0
006410e0	peds_ai	0
00641100	peds_ai	0
00641530	peds_ai	0
006419f0	peds_ai	0
00641fc0	peds_ai	0
006421b0	peds_ai	0
00642250	peds_ai	0
00642270	peds_ai	0
00642280	peds_ai	0
006422a0	peds_ai	0
006422c0	peds_ai	0
00642340	peds_ai	0
00642370	peds_ai	0
00642390	peds_ai	0
006424c0	peds_ai	0
006424f0	peds_ai	0
00642510	peds_ai	0
006426e0	peds_ai	0
00642700	peds_ai	0
00642760	peds_ai	0
006428c0	peds_ai	0
00642ae0	peds_ai	0
00642e70	peds_ai	0
00642f80	peds_ai	0
00642fa0	peds_ai	0
00643200	peds_ai	0
00643220	peds_ai	0
00643240	peds_ai	0
00643260	peds_ai	0
00643280	peds_ai	0
006432a0	peds_ai	0
006433e0	peds_ai	0
00643480	peds_ai	0
00643490	peds_ai	0
006434f0	peds_ai	0
00643510	peds_ai	0
006436e0	peds_ai	0
00643700	peds_ai	0
00643760	peds_ai	0
00643780	peds_ai	0
006437f0	peds_ai	0
00643870	peds_ai	0
006438e0	peds_ai	0
00643950	peds_ai	0
006439c0	peds_ai	0
00643a40	peds_ai	0
00643a60	peds_ai	0
00643c60	peds_ai	0
00643c80	peds_ai	0
00643ca0	peds_ai	0
00643cc0	peds_ai	0
00643ce0	peds_ai	0
00643d00	peds_ai	0
00643e10	peds_ai	0
00643f00	peds_ai	0
00643f90	peds_ai	0
00644010	peds_ai	0
00644050	peds_ai	0
006440b0	peds_ai	0
00644210	peds_ai	0
00644250	peds_ai	0
006442d0	peds_ai	0
00644320	peds_ai	0
00644360	peds_ai	0
00644470	peds_ai	0
00644e20	peds_ai	0
00645100	peds_ai	0
00645240	peds_ai	0
006452c0	peds_ai	0
00645350	peds_ai	0
00645370	peds_ai	0
00645420	peds_ai	0
006455b0	models	0
006455d0	models	0
006455e0	models	0
006455f0	models	0
00645600	models	0
00645630	models	0
00645660	models	0
00645680	models	0
006456a0	peds_ai	0
006456c0	peds_ai	0
006456d0	peds_ai	0
006456e0	peds_ai	0
006456f0	peds_ai	0
00645700	peds_ai	0
00645760	peds_ai	0
00645770	peds_ai	0
00645780	peds_ai	0
00645830	peds_ai	0
00645840	peds_ai	0
006458a0	peds_ai	0
00645910	peds_ai	0
00645b40	peds_ai	0
00645bd0	peds_ai	0
00645be0	peds_ai	0
00645c50	peds_ai	0
00645c70	peds_ai	0
00645cb0	peds_ai	0
00645e40	peds_ai	0
00645e50	peds_ai	0
00645ed0	peds_ai	0
00645ee0	peds_ai	0
00645f80	peds_ai	0
00645fa0	peds_ai	0
00646020	peds_ai	0
00646070	peds_ai	0
006460e0	peds_ai	0
006460f0	peds_ai	0
00646160	peds_ai	0
00646180	peds_ai	0
006461a0	peds_ai	0
006461b0	peds_ai	0
00646220	peds_ai	0
00646230	peds_ai	0
006462a0	peds_ai	0
006462d0	peds_ai	0
006462f0	peds_ai	0
00646300	peds_ai	0
00646370	peds_ai	0
00646380	peds_ai	0
006463f0	peds_ai	0
00646410	peds_ai	0
00646471	peds_ai	0
00646490	peds_ai	0
006464f0	peds_ai	0
00646560	peds_ai	0
00646569	peds_ai	0
0064656b	peds_ai	0
00646570	peds_ai	0
006465e0	peds_ai	0
00646600	peds_ai	0
00646661	peds_ai	0
00646680	peds_ai	0
00646690	peds_ai	0
00646700	peds_ai	0
00646710	peds_ai	0
00646780	peds_ai	0
006467a0	peds_ai	0
006467c0	peds_ai	0
006467f0	peds_ai	0
00646810	peds_ai	0
00646880	peds_ai	0
00646890	peds_ai	0
00646900	peds_ai	0
00646920	peds_ai	0
0064696c	peds_ai	0
00646970	peds_ai	0
00646990	peds_ai	0
006469f0	peds_ai	0
00646a00	peds_ai	0
00646a60	peds_ai	0
00646ab0	peds_ai	0
00646ad0	peds_ai	0
00646b70	peds_ai	0
00646be0	peds_ai	0
00646bf0	peds_ai	0
00646c00	peds_ai	0
00646c60	peds_ai	0
00646c6f	peds_ai	0
00646c90	peds_ai	0
00646cc0	peds_ai	0
00646cf0	peds_ai	0
00646d55	peds_ai	0
00646d70	peds_ai	0
00646e30	peds_ai	0
00646e40	peds_ai	0
00646e50	peds_ai	0
00646ec0	peds_ai	0
00646f40	peds_ai	0
00646fe0	peds_ai	0
00647060	peds_ai	0
00647070	peds_ai	0
00647080	peds_ai	0
006470e0	peds_ai	0
00647150	peds_ai	0
00647160	peds_ai	0
00647170	peds_ai	0
006471d0	peds_ai	0
00647250	peds_ai	0
00647260	peds_ai	0
006472d0	peds_ai	0
006472f0	peds_ai	0
00647330	peds_ai	0
00647480	peds_ai	0
00647490	peds_ai	0
00647500	peds_ai	0
00647510	peds_ai	0
00647590	peds_ai	0
00647690	peds_ai	0
006476e1	peds_ai	0
00647700	peds_ai	0
00647710	peds_ai	0
00647770	peds_ai	0
00647780	peds_ai	0
00647790	peds_ai	0
006477f0	peds_ai	0
0064786d	peds_ai	0
006478b0	peds_ai	0
00647930	peds_ai	0
00647940	peds_ai	0
00647950	peds_ai	0
006479b0	peds_ai	0
00647d10	peds_ai	0
00647fe0	peds_ai	0
00648060	peds_ai	0
00648070	peds_ai	0
006480e0	peds_ai	0
00648100	peds_ai	0
0064811d	eh_funclets	0
00648125	eh_funclets	0
0064812d	eh_funclets	0
00648174	peds_ai	0
00648180	peds_ai	0
00648230	peds_ai	0
006482b0	peds_ai	0
006482c0	peds_ai	0
00648330	peds_ai	0
00648381	peds_ai	0
006483a0	peds_ai	0
006483b0	peds_ai	0
00648410	peds_ai	0
00648420	peds_ai	0
00648430	peds_ai	0
00648490	peds_ai	0
00648500	peds_ai	0
00648510	peds_ai	0
00648520	peds_ai	0
006485a0	peds_ai	0
006485f0	peds_ai	0
00648620	peds_ai	0
00648680	peds_ai	0
00648690	peds_ai	0
006486f0	peds_ai	0
00648710	peds_ai	0
006488f0	peds_ai	0
00648a10	peds_ai	0
00648b80	peds_ai	0
00648b90	peds_ai	0
00648c30	peds_ai	0
00648c40	peds_ai	0
00648ca0	peds_ai	0
00648ce0	peds_ai	0
00648d00	peds_ai	0
00648d30	peds_ai	0
00648d60	peds_ai	0
00648dd0	peds_ai	0
00648de0	peds_ai	0
00648e40	peds_ai	0
00648e90	peds_ai	0
00648ee0	peds_ai	0
00648f40	peds_ai	0
00648fa0	peds_ai	0
00648fb0	peds_ai	0
00648fc0	peds_ai	0
00649020	peds_ai	0
00649090	peds_ai	0
006490f0	peds_ai	0
00649100	peds_ai	0
00649160	peds_ai	0
00649210	peds_ai	0
00649270	peds_ai	0
00649280	peds_ai	0
006492e0	peds_ai	0
00649300	peds_ai	0
00649310	peds_ai	0
006493d0	peds_ai	0
006493e0	peds_ai	0
00649430	peds_ai	0
00649440	peds_ai	0
00649450	peds_ai	0
006494d0	peds_ai	0
006494e0	peds_ai	0
006494f0	peds_ai	0
00649550	peds_ai	0
00649620	peds_ai	0
00649680	peds_ai	0
00649690	peds_ai	0
006496a0	peds_ai	0
00649700	peds_ai	0
006497a0	peds_ai	1
006497f0	peds_ai	1
006498b0	peds_ai	0
00649930	peds_ai	0
006499a0	peds_ai	0
00649a10	peds_ai	0
00649a80	peds_ai	0
00649af0	peds_ai	0
00649b60	peds_ai	0
00649bd0	peds_ai	0
00649c40	peds_ai	0
00649cb0	peds_ai	0
00649d20	peds_ai	0
00649d90	peds_ai	0
00649e00	peds_ai	0
00649e70	peds_ai	0
00649ee0	peds_ai	0
00649f50	peds_ai	0
00649fd0	peds_ai	0
0064a040	peds_ai	0
0064a0b0	peds_ai	0
0064a120	peds_ai	0
0064a190	peds_ai	0
0064a200	peds_ai	0
0064a280	peds_ai	0
0064a2f0	peds_ai	0
0064a350	peds_ai	0
0064a3b0	peds_ai	0
0064a410	peds_ai	0
0064a4b0	peds_ai	0
0064a520	peds_ai	0
0064a580	peds_ai	0
0064a5f0	peds_ai	0
0064a820	peds_ai	0
0064abe0	peds_ai	0
0064ac00	peds_ai	0
0064ace0	peds_ai	0
0064ad00	peds_ai	0
0064ad90	peds_ai	0
0064ade0	peds_ai	0
0064ae00	peds_ai	0
0064ae70	peds_ai	0
0064ae90	peds_ai	0
0064af30	peds_ai	0
0064af50	peds_ai	0
0064afb0	peds_ai	0
0064b000	peds_ai	0
0064b020	peds_ai	0
0064b080	peds_ai	0
0064b2b0	peds_ai	0
0064b2d0	peds_ai	0
0064b3c0	peds_ai	0
0064b3e0	peds_ai	0
0064b440	peds_ai	0
0064b460	peds_ai	0
0064b480	peds_ai	0
0064b4a0	peds_ai	0
0064b5b0	peds_ai	0
0064b5d0	peds_ai	0
0064b930	peds_ai	0
0064b950	peds_ai	0
0064bdc0	peds_ai	0
0064bde0	peds_ai	0
0064be40	peds_ai	0
0064bee0	peds_ai	0
0064bf00	peds_ai	0
0064bf50	peds_ai	0
0064bf70	peds_ai	0
0064bf90	peds_ai	0
0064bfb0	peds_ai	0
0064c010	peds_ai	0
0064c060	peds_ai	0
0064c080	peds_ai	0
0064c0e0	peds_ai	0
0064c190	peds_ai	0
0064c200	peds_ai	0
0064c220	peds_ai	0
0064c580	peds_ai	0
0064c5d0	peds_ai	0
0064c600	peds_ai	0
0064c6a0	peds_ai	0
0064c810	peds_ai	0
0064c88a	peds_ai	0
0064c8b0	peds_ai	0
0064c930	peds_ai	0
0064c950	peds_ai	0
0064c970	peds_ai	0
0064cc40	peds_ai	0
0064cc60	peds_ai	0
0064cce0	peds_ai	0
0064cd60	peds_ai	0
0064cd80	peds_ai	0
0064cda0	peds_ai	0
0064ce80	peds_ai	0
0064cea0	peds_ai	0
0064cf40	peds_ai	0
0064d1e0	peds_ai	0
0064d200	peds_ai	0
0064d220	peds_ai	0
0064d290	peds_ai	0
0064d2b0	peds_ai	0
0064d440	peds_ai	0
0064d6d0	peds_ai	0
0064d710	peds_ai	0
0064d8c9	peds_ai	0
0064d8e0	peds_ai	0
0064d910	peds_ai	0
0064d9a0	peds_ai	0
0064da90	peds_ai	0
0064db30	peds_ai	0
0064dc40	peds_ai	0
0064dc70	peds_ai	0
0064dd60	peds_ai	0
0064e060	peds_ai	0
0064e180	peds_ai	0
0064e2a0	peds_ai	0
0064e2c0	peds_ai	0
0064e350	peds_ai	0
0064e390	peds_ai	0
0064e3b0	peds_ai	0
0064e480	peds_ai	0
0064e4a0	peds_ai	0
0064e4b0	peds_ai	0
0064e4e0	peds_ai	0
0064e500	peds_ai	0
0064e540	vehicles	0
0064e550	vehicles	0
0064e610	vehicles	0
0064e6d0	vehicles	0
0064e709	eh_funclets	0
0064e725	eh_funclets	0
0064e740	vehicles	0
0064ec90	vehicles	0
0064ed90	vehicles	0
0064edd0	vehicles	0
0064ee10	vehicles	0
0064ee50	vehicles	0
0064ee70	vehicles	0
0064eec0	vehicles	0
0064eee0	vehicles	0
0064ef00	vehicles	0
0064ef70	vehicles	0
0064f016	vehicles	0
0064f040	vehicles	0
0064f070	vehicles	0
0064f110	vehicles	0
0064f190	vehicles	0
0064f1e0	vehicles	0
0064f240	vehicles	0
0064f51a	vehicles	0
0064f540	vehicles	0
0064f600	vehicles	0
0064f680	vehicles	0
0064f6e0	vehicles	0
0064f720	vehicles	0
0064f860	vehicles	0
0064fbb0	peds_ai	0
0064fc00	peds_ai	0
0064fc10	peds_ai	0
006500e9	vehicles	0
00650130	vehicles	0
00650280	vehicles	0
006504c0	vehicles	0
006509b0	vehicles	0
00650a80	peds_ai	0
00650bb0	vehicles	0
006510d0	vehicles	0
00651210	vehicles	0
006513a0	peds_ai	0
006527ae	vehicles	0
006528f0	vehicles	0
00652ed0	peds_ai	0
00652ee0	peds_ai	0
00652f10	peds_ai	0
00652f80	peds_ai	0
00652f90	peds_ai	0
00652fc0	peds_ai	0
00653030	peds_ai	0
00653040	peds_ai	0
00653050	peds_ai	0
00653060	peds_ai	0
00653080	peds_ai	0
00653090	peds_ai	0
006530f0	peds_ai	0
00653150	peds_ai	0
00653160	peds_ai	0
006531c0	peds_ai	0
006531d0	peds_ai	0
00653240	peds_ai	0
00653290	peds_ai	0
006532d0	peds_ai	0
00653340	peds_ai	0
00653350	peds_ai	0
006533b0	peds_ai	0
006533e0	peds_ai	0
006534f0	peds_ai	0
00653540	peds_ai	0
00653550	peds_ai	0
00653560	peds_ai	0
006535c0	peds_ai	0
006535d0	peds_ai	0
00653640	peds_ai	0
006536a0	peds_ai	0
006536b0	peds_ai	0
00653730	peds_ai	0
00653740	peds_ai	0
006537a0	peds_ai	0
006537f0	peds_ai	0
00653810	peds_ai	0
00653820	peds_ai	0
006539a0	peds_ai	0
00653a20	peds_ai	0
00653a30	peds_ai	0
00653a90	peds_ai	0
00653aa0	peds_ai	0
00653ae0	peds_ai	0
00653b40	peds_ai	0
00653bf5	peds_ai	0
00653c10	peds_ai	0
00653c70	peds_ai	0
00653c80	peds_ai	0
00653c90	peds_ai	0
00653cf0	peds_ai	0
00653ea0	peds_ai	0
00653f10	peds_ai	0
00653f20	peds_ai	0
00653f30	peds_ai	0
00653f90	peds_ai	0
006541b0	peds_ai	0
00654280	peds_ai	0
00654290	peds_ai	0
006542e0	peds_ai	0
00654370	peds_ai	0
006544f0	peds_ai	0
00654720	peds_ai	0
00654740	peds_ai	0
00654830	peds_ai	0
00654840	peds_ai	0
00654950	peds_ai	0
006549d0	peds_ai	0
00654a00	peds_ai	0
00654b80	peds_ai	0
00654c30	peds_ai	0
00654c80	peds_ai	0
00655020	peds_ai	0
006550c0	peds_ai	0
006550d0	peds_ai	0
00655140	peds_ai	0
006551d0	peds_ai	0
00655290	peds_ai	0
00655340	peds_ai	0
00655360	peds_ai	0
00655370	peds_ai	0
00655380	peds_ai	0
00655390	peds_ai	0
00655460	peds_ai	0
006554d0	peds_ai	0
006554e0	peds_ai	0
00655540	peds_ai	0
00655570	peds_ai	0
006556a0	peds_ai	0
006556f0	peds_ai	0
00655700	peds_ai	0
00655710	peds_ai	0
00655720	peds_ai	0
00655770	peds_ai	0
00655780	peds_ai	0
00655790	peds_ai	0
006557a0	peds_ai	0
00655810	peds_ai	0
00655870	peds_ai	0
006558e0	peds_ai	0
00655940	peds_ai	0
006559b0	peds_ai	0
00655a20	peds_ai	0
00655a90	peds_ai	0
00655b00	peds_ai	0
00655b90	peds_ai	0
00655c10	peds_ai	0
00655c80	peds_ai	0
00655cd0	peds_ai	0
00655d40	peds_ai	0
00655db0	peds_ai	0
00655de0	peds_ai	0
00655e10	peds_ai	0
00655e30	peds_ai	0
00655e50	peds_ai	0
00655e80	peds_ai	0
00655ea0	peds_ai	0
00655ee0	peds_ai	0
00655f00	peds_ai	0
00655f20	peds_ai	0
00655fe0	peds_ai	0
00656000	peds_ai	0
006560a0	peds_ai	0
006560c0	peds_ai	0
006560e0	peds_ai	0
00656300	peds_ai	0
006563b0	peds_ai	0
006563d0	peds_ai	0
006564a0	peds_ai	0
00656ae0	peds_ai	0
00656b00	peds_ai	0
00656b70	peds_ai	0
00656bb0	peds_ai	0
00656e50	peds_ai	0
00656e6f	peds_ai	0
00656e70	peds_ai	0
00656f80	peds_ai	0
00657200	peds_ai	0
00657220	peds_ai	0
00657375	peds_ai	0
00657380	peds_ai	0
006575f0	peds_ai	0
00657750	peds_ai	0
00657770	peds_ai	0
006577c0	peds_ai	0
006577d0	peds_ai	0
006577f0	peds_ai	0
00657820	peds_ai	0
006579f0	peds_ai	0
00657a10	peds_ai	0
00657a60	peds_ai	0
00657ac0	peds_ai	0
00657af0	peds_ai	0
00657b60	peds_ai	0
00657b80	peds_ai	0
00657ba0	peds_ai	0
00658020	peds_ai	0
006581b0	peds_ai	0
00658200	peds_ai	0
006584e0	peds_ai	0
006585c0	peds_ai	0
00658680	peds_ai	0
006586a0	peds_ai	0
006586d0	peds_ai	0
00658740	peds_ai	0
00658750	peds_ai	0
00658760	peds_ai	0
00658770	peds_ai	0
006587a0	peds_ai	0
00658810	peds_ai	0
00658820	peds_ai	0
00658830	peds_ai	0
00658850	peds_ai	0
00658860	peds_ai	0
00658890	peds_ai	0
006588a0	peds_ai	0
00658900	peds_ai	0
00658990	peds_ai	0
006589b0	peds_ai	0
00658ab0	peds_ai	0
00658ad0	peds_ai	0
00658ae0	peds_ai	0
00658af0	peds_ai	0
00658b90	peds_ai	0
00658ba0	peds_ai	0
00658c20	peds_ai	0
00658c30	peds_ai	0
00658cc0	peds_ai	0
00658cf0	peds_ai	0
00658d20	peds_ai	0
00658db0	peds_ai	0
006591d0	peds_ai	0
00659230	peds_ai	0
00659240	peds_ai	0
006592a0	peds_ai	0
00659310	peds_ai	0
00659390	peds_ai	0
006593a0	peds_ai	0
00659410	peds_ai	0
00659440	peds_ai	0
00659450	peds_ai	0
00659460	peds_ai	0
00659470	peds_ai	0
006594d0	peds_ai	0
00659530	peds_ai	0
00659620	peds_ai	0
00659780	peds_ai	0
006597a0	peds_ai	0
006597b0	peds_ai	0
006597c0	peds_ai	0
006597d0	peds_ai	0
00659840	peds_ai	0
00659870	peds_ai	0
006598a0	peds_ai	0
006598b0	peds_ai	0
006598c0	peds_ai	0
00659980	peds_ai	0
00659990	peds_ai	0
00659a10	peds_ai	0
00659a90	peds_ai	0
00659af0	peds_ai	0
00659b60	peds_ai	0
00659bc0	peds_ai	0
00659c30	peds_ai	0
00659d10	peds_ai	0
00659d70	peds_ai	0
00659de0	peds_ai	0
00659e10	peds_ai	0
00659e30	peds_ai	0
00659e70	peds_ai	0
00659e90	peds_ai	0
00659fc0	peds_ai	0
00659fe0	peds_ai	0
0065a020	peds_ai	0
0065a0f0	peds_ai	0
0065a110	peds_ai	0
0065a220	peds_ai	0
0065a240	peds_ai	0
0065a3c0	peds_ai	0
0065a3e0	peds_ai	0
0065a440	peds_ai	0
0065a460	peds_ai	0
0065a620	peds_ai	0
0065a640	peds_ai	0
0065a700	peds_ai	0
0065a720	peds_ai	0
0065a7c0	peds_ai	0
0065a830	peds_ai	0
0065a8f0	peds_ai	0
0065a990	peds_ai	0
0065abf0	peds_ai	0
0065afe0	peds_ai	0
0065b050	peds_ai	0
0065b070	peds_ai	0
0065b090	peds_ai	0
0065b140	peds_ai	0
0065b1e0	peds_ai	0
0065b2f0	peds_ai	0
0065b310	peds_ai	0
0065b320	peds_ai	0
0065b350	peds_ai	0
0065b360	peds_ai	0
0065b370	peds_ai	0
0065b390	peds_ai	0
0065b400	peds_ai	0
0065b410	peds_ai	0
0065b420	peds_ai	0
0065b460	peds_ai	0
0065b660	peds_ai	0
0065b7b0	peds_ai	0
0065b820	peds_ai	0
0065b930	peds_ai	0
0065b9c0	peds_ai	0
0065b9d0	peds_ai	0
0065ba30	peds_ai	0
0065bac0	peds_ai	0
0065bb00	peds_ai	0
0065bbb0	peds_ai	0
0065bd20	peds_ai	0
0065bda0	peds_ai	0
0065bdb0	peds_ai	0
0065bdc0	peds_ai	0
0065be00	peds_ai	0
0065be40	peds_ai	0
0065be80	peds_ai	0
0065c0c0	peds_ai	0
0065c140	peds_ai	0
0065c1e0	peds_ai	0
0065c3c0	peds_ai	0
0065c430	peds_ai	0
0065c4c0	peds_ai	0
0065c4d0	peds_ai	0
0065c530	peds_ai	0
0065c680	peds_ai	0
0065c6f0	peds_ai	0
0065c780	peds_ai	0
0065c900	peds_ai	0
0065c990	peds_ai	0
0065c9a0	peds_ai	0
0065ca00	peds_ai	0
0065ca70	peds_ai	0
0065ca90	peds_ai	0
0065cc60	peds_ai	0
0065cd00	peds_ai	0
0065cd10	peds_ai	0
0065cd70	peds_ai	0
0065cde0	peds_ai	0
0065ce50	peds_ai	0
0065ced0	peds_ai	0
0065cf40	peds_ai	0
0065cfb0	peds_ai	0
0065d030	peds_ai	0
0065d0c0	peds_ai	0
0065d0e0	peds_ai	0
0065d100	peds_ai	0
0065d150	peds_ai	0
0065d240	peds_ai	0
0065d260	peds_ai	0
0065d280	peds_ai	0
0065d2a0	peds_ai	0
0065d2c0	peds_ai	0
0065d2e0	peds_ai	0
0065d540	peds_ai	0
0065d632	peds_ai	0
0065d730	peds_ai	0
0065d780	peds_ai	0
0065da70	peds_ai	0
0065dae0	peds_ai	0
0065daf0	peds_ai	0
0065db50	peds_ai	0
0065db60	peds_ai	0
0065db70	peds_ai	0
0065dbe0	peds_ai	0
0065dbf0	peds_ai	0
0065dc10	peds_ai	0
0065dc70	peds_ai	0
0065dcf0	peds_ai	0
0065dd50	peds_ai	0
0065dd60	peds_ai	0
0065dd70	peds_ai	0
0065dde0	peds_ai	0
0065ddf0	peds_ai	0
0065de10	peds_ai	0
0065de20	peds_ai	0
0065de30	peds_ai	0
0065de40	world_entities	0
0065de60	world_entities	0
0065de90	world_entities	0
0065dea0	world_entities	0
0065dec0	peds_ai	0
0065ded0	peds_ai	0
0065df20	peds_ai	0
0065df30	peds_ai	0
0065dfa0	peds_ai	0
0065dff0	peds_ai	0
0065e1f0	peds_ai	0
0065e200	peds_ai	0
0065e6f0	peds_ai	0
0065e710	peds_ai	0
0065e730	peds_ai	0
0065e7f0	peds_ai	0
0065e860	peds_ai	0
0065e9a0	peds_ai	0
0065ea50	peds_ai	0
0065eaa0	peds_ai	0
0065eba0	peds_ai	0
0065ebb0	peds_ai	0
0065ec30	peds_ai	0
0065ecb0	peds_ai	0
0065ed40	peds_ai	0
0065ee90	peds_ai	0
0065eeb0	peds_ai	0
0065eee0	peds_ai	0
0065eef0	peds_ai	0
0065ef00	peds_ai	0
0065ef30	peds_ai	0
0065ef80	peds_ai	0
0065f330	peds_ai	0
0065f3a0	peds_ai	0
0065f3b0	peds_ai	0
0065f450	peds_ai	0
0065f460	peds_ai	0
0065f4c0	peds_ai	0
0065f4e0	peds_ai	0
0065f590	peds_ai	0
0065f700	peds_ai	0
0065f760	peds_ai	0
0065f780	peds_ai	0
0065f930	peds_ai	0
0065fab0	peds_ai	0
0065fac0	peds_ai	0
0065fb50	peds_ai	0
0065fb60	peds_ai	0
0065fc00	peds_ai	0
0065fc80	peds_ai	0
0065fdd0	peds_ai	0
0065fed0	peds_ai	0
0065ff50	peds_ai	0
0065ff60	peds_ai	0
0065ffe0	peds_ai	0
00660270	peds_ai	0
00660300	peds_ai	0
00660310	peds_ai	0
00660390	peds_ai	0
00660420	peds_ai	0
00660510	peds_ai	0
006605c0	peds_ai	0
00660880	peds_ai	0
006608a0	peds_ai	0
006608b0	peds_ai	0
006608c0	peds_ai	0
00660930	peds_ai	0
00660940	peds_ai	0
00660a30	peds_ai	0
00660aa0	peds_ai	0
00660ab0	peds_ai	0
00660b30	peds_ai	0
00660cc0	peds_ai	0
00660d80	peds_ai	0
00660e60	peds_ai	0
00660ed0	peds_ai	0
00660ee0	peds_ai	0
00660f60	peds_ai	0
00660f90	peds_ai	0
00661020	peds_ai	0
00661030	peds_ai	0
006610a0	peds_ai	0
00661110	peds_ai	0
00661160	peds_ai	0
006611b0	peds_ai	0
00661220	peds_ai	0
00661230	peds_ai	0
00661290	peds_ai	0
006612c0	peds_ai	0
006613a0	peds_ai	0
00661570	peds_ai	0
006616f0	peds_ai	0
00661710	peds_ai	0
00661720	peds_ai	0
00661790	peds_ai	0
006617a0	peds_ai	0
006618d0	peds_ai	0
00661950	peds_ai	0
00661a60	peds_ai	0
00661ae0	peds_ai	0
00661af0	peds_ai	0
00661b80	peds_ai	0
00661bb0	peds_ai	0
00661d30	peds_ai	0
00661d70	peds_ai	0
00661d80	peds_ai	0
00661da0	peds_ai	0
00661db0	peds_ai	0
00661dc0	peds_ai	0
00661ea0	peds_ai	0
00661eb0	peds_ai	0
00661f10	peds_ai	0
00661f30	peds_ai	0
00661fa0	peds_ai	0
00662040	peds_ai	0
006620d0	peds_ai	0
00662140	peds_ai	0
006621b0	peds_ai	0
00662220	peds_ai	0
00662290	peds_ai	0
006622f0	peds_ai	0
00662350	peds_ai	0
00662370	peds_ai	0
006629f0	peds_ai	0
00662a10	peds_ai	0
0066349e	peds_ai	0
006634e0	peds_ai	0
00663500	peds_ai	0
00663540	peds_ai	0
00663620	peds_ai	0
00663640	peds_ai	0
006637a0	peds_ai	0
006637c0	peds_ai	0
006641a0	peds_ai	0
006642a0	peds_ai	0
006642c0	peds_ai	0
00664380	peds_ai	0
00664480	peds_ai	0
006644a0	peds_ai	0
006644c0	peds_ai	0
006644e0	peds_ai	0
00664500	peds_ai	0
00664590	peds_ai	0
00664770	peds_ai	0
006648a0	peds_ai	0
006648c0	peds_ai	0
00664a30	peds_ai	0
00664a50	peds_ai	0
00664a80	peds_ai	0
00664aa0	peds_ai	0
00664ac0	peds_ai	0
00664af0	peds_ai	0
00664ba0	peds_ai	0
00664d40	peds_ai	0
00664e60	peds_ai	0
00665060	peds_ai	0
00665080	peds_ai	0
00665270	peds_ai	0
00665600	peds_ai	0
00665760	peds_ai	0
00665dc0	peds_ai	0
00665e00	peds_ai	0
00666160	peds_ai	0
00666360	peds_ai	0
006666a0	peds_ai	0
00666780	peds_ai	0
006669d0	peds_ai	0
00666c8a	peds_ai	0
006672f0	peds_ai	0
00667310	peds_ai	0
00667380	peds_ai	0
00667390	peds_ai	0
006673a0	peds_ai	0
006673b0	peds_ai	0
00667440	peds_ai	0
00667460	peds_ai	0
00667490	peds_ai	0
006674a0	peds_ai	0
006674b0	peds_ai	0
006674e0	peds_ai	0
006674f0	peds_ai	0
00667500	peds_ai	0
00667520	peds_ai	0
00667530	peds_ai	0
00667580	peds_ai	0
006675f0	peds_ai	0
00667690	peds_ai	0
00667700	peds_ai	0
00667720	peds_ai	0
006677a0	peds_ai	0
006677c0	peds_ai	0
00667870	peds_ai	0
00667890	peds_ai	0
006678a0	peds_ai	0
006678b0	peds_ai	0
006678c0	peds_ai	0
006678d0	peds_ai	0
006678e0	peds_ai	0
006678f0	peds_ai	0
00667900	peds_ai	0
00667930	world_entities	0
00667950	world_entities	0
00667980	world_entities	0
00667990	world_entities	0
006679a0	world_entities	0
006679b0	peds_ai	0
006679c0	peds_ai	0
00667a00	peds_ai	0
00667a10	peds_ai	0
00667ad0	peds_ai	0
00667ca0	peds_ai	0
00667cd0	peds_ai	0
00667d40	peds_ai	0
00667d50	peds_ai	0
00667d60	peds_ai	0
00667e20	peds_ai	0
00667e60	peds_ai	0
00667e70	peds_ai	0
00667e80	peds_ai	0
00667eb0	peds_ai	0
00667f20	peds_ai	0
00668060	peds_ai	0
00668120	peds_ai	0
00668230	peds_ai	0
00668240	peds_ai	0
00668250	peds_ai	0
006682d0	peds_ai	0
00668570	peds_ai	0
006685e0	peds_ai	0
00668630	peds_ai	0
00668640	peds_ai	0
006686a0	peds_ai	0
006686e0	peds_ai	0
00668719	eh_funclets	0
00668730	eh_funclets	0
00668788	peds_ai	0
00668790	peds_ai	0
00668860	peds_ai	0
00668870	peds_ai	0
006688d0	peds_ai	0
006689e0	peds_ai	0
00668c70	peds_ai	0
00668cc0	peds_ai	0
00668cd0	peds_ai	0
00668d30	peds_ai	0
00668d40	peds_ai	0
00668d50	peds_ai	0
00668e80	peds_ai	0
00668ec0	peds_ai	0
00668fe0	peds_ai	0
00669090	peds_ai	0
00669340	peds_ai	0
00669420	peds_ai	0
006694c0	peds_ai	0
006694e0	peds_ai	0
00669520	peds_ai	0
00669640	peds_ai	0
00669650	peds_ai	0
00669690	peds_ai	0
006698e0	peds_ai	0
00669980	peds_ai	0
006699e0	peds_ai	0
00669d30	peds_ai	0
00669d50	peds_ai	0
00669da0	peds_ai	0
00669ed0	peds_ai	0
00669f30	peds_ai	0
00669f60	peds_ai	0
00669fb0	peds_ai	0
00669ff0	peds_ai	0
0066a100	peds_ai	0
0066a1c0	peds_ai	0
0066a1d0	peds_ai	0
0066a230	peds_ai	0
0066a260	peds_ai	0
0066a2c0	peds_ai	0
0066a320	peds_ai	0
0066a7b0	peds_ai	0
0066a850	peds_ai	0
0066aa20	peds_ai	0
0066aad0	peds_ai	0
0066aae0	peds_ai	0
0066ab40	peds_ai	0
0066ad10	peds_ai	0
0066ad40	peds_ai	0
0066ad70	peds_ai	0
0066ada0	peds_ai	0
0066adb0	peds_ai	0
0066ade0	peds_ai	0
0066aec0	peds_ai	0
0066aed0	peds_ai	0
0066af60	peds_ai	0
0066afd0	peds_ai	0
0066b150	peds_ai	0
0066b160	peds_ai	0
0066b1b0	peds_ai	0
0066b290	peds_ai	0
0066b300	peds_ai	0
0066b4f0	peds_ai	0
0066b52a	peds_ai	0
0066b640	peds_ai	0
0066b690	peds_ai	0
0066b6a0	peds_ai	0
0066b6b0	peds_ai	0
0066b6c0	peds_ai	0
0066b710	peds_ai	0
0066b720	peds_ai	0
0066b780	peds_ai	0
0066b790	peds_ai	0
0066b830	peds_ai	0
0066b890	peds_ai	0
0066b900	peds_ai	0
0066b910	peds_ai	0
0066b960	peds_ai	0
0066b9c0	peds_ai	0
0066b9d0	peds_ai	0
0066ba70	peds_ai	0
0066ba90	peds_ai	0
0066bb00	peds_ai	0
0066bb20	peds_ai	0
0066bb90	peds_ai	0
0066bba0	peds_ai	0
0066bc00	peds_ai	0
0066bc80	peds_ai	0
0066bca0	peds_ai	0
0066bd40	peds_ai	0
0066c0d0	peds_ai	0
0066c1f0	peds_ai	0
0066c280	peds_ai	0
0066c320	peds_ai	0
0066c330	peds_ai	0
0066c350	peds_ai	0
0066c3e0	peds_ai	0
0066c440	peds_ai	0
0066c450	peds_ai	0
0066c4c0	peds_ai	0
0066c4d0	peds_ai	0
0066c4e0	peds_ai	0
0066c720	peds_ai	0
0066c790	peds_ai	0
0066c7a0	peds_ai	0
0066c800	peds_ai	0
0066c820	peds_ai	0
0066ca30	peds_ai	0
0066ca40	peds_ai	0
0066cb20	peds_ai	0
0066cb30	peds_ai	0
0066cb90	peds_ai	0
0066cbb0	peds_ai	0
0066cc20	peds_ai	0
0066cc30	peds_ai	0
0066cc60	peds_ai	0
0066ccf0	peds_ai	0
0066cd80	peds_ai	0
0066ce10	peds_ai	0
0066cea0	peds_ai	0
0066cf30	peds_ai	0
0066cfd0	peds_ai	0
0066d050	peds_ai	0
0066d0c0	peds_ai	0
0066d130	peds_ai	0
0066d1e0	peds_ai	0
0066d250	peds_ai	0
0066d300	peds_ai	0
0066d3d0	peds_ai	0
0066d440	peds_ai	0
0066d4b0	peds_ai	0
0066d550	peds_ai	0
0066d5fd	peds_ai	0
0066d6b0	peds_ai	0
0066d6d0	peds_ai	0
0066d6f0	peds_ai	0
0066d710	peds_ai	0
0066db60	peds_ai	0
0066db80	peds_ai	0
0066dba0	peds_ai	0
0066dc40	peds_ai	0
0066dc70	peds_ai	0
0066dc90	peds_ai	0
0066dce0	peds_ai	0
0066dd50	peds_ai	0
0066dd70	peds_ai	0
0066ddb0	peds_ai	0
0066df80	peds_ai	0
0066dfb0	peds_ai	0
0066dfd0	peds_ai	0
0066e030	peds_ai	0
0066e050	peds_ai	0
0066e0b0	peds_ai	0
0066e0c0	peds_ai	0
0066e150	peds_ai	0
0066e320	peds_ai	0
0066e710	peds_ai	0
0066e860	peds_ai	0
0066ea30	peds_ai	0
0066eb1d	peds_ai	0
0066eb60	peds_ai	0
0066eb70	peds_ai	0
0066ebe0	peds_ai	0
0066edc0	peds_ai	0
0066ef20	peds_ai	0
0066efa0	peds_ai	0
0066f450	peds_ai	0
0066f4a0	peds_ai	0
0066f4c0	peds_ai	0
0066f530	peds_ai	0
0066f5c0	peds_ai	0
0066f630	peds_ai	0
0066f640	peds_ai	0
0066f650	peds_ai	0
0066f670	peds_ai	0
0066f680	peds_ai	0
0066f6a0	peds_ai	0
0066f6c0	peds_ai	0
0066fcd0	peds_ai	0
0066fd30	peds_ai	0
0066fda0	peds_ai	0
00670100	peds_ai	0
006702b0	peds_ai	0
00670350	peds_ai	0
00670400	peds_ai	0
00670420	peds_ai	0
006705b0	peds_ai	0
006705d0	peds_ai	0
00670830	peds_ai	0
00670850	peds_ai	0
00670920	peds_ai	0
006709f0	peds_ai	0
00670a60	peds_ai	0
00670a70	peds_ai	0
00670ae9	peds_ai	0
00670b00	peds_ai	0
00670d80	peds_ai	0
00670e20	peds_ai	0
006711f0	peds_ai	0
00671210	peds_ai	0
006712c0	peds_ai	0
006712e0	peds_ai	0
00671300	peds_ai	0
00671330	peds_ai	0
006713e0	peds_ai	0
00671470	peds_ai	0
006714f0	peds_ai	0
00671510	peds_ai	0
00671610	peds_ai	0
00671630	peds_ai	0
00671730	peds_ai	0
00671750	peds_ai	0
00671800	peds_ai	0
006718d0	peds_ai	0
00671ab0	peds_ai	0
00671cb0	peds_ai	0
00671ef0	peds_ai	0
00671fe0	peds_ai	0
00672080	peds_ai	0
00672180	peds_ai	0
006721b0	peds_ai	0
00672530	peds_ai	0
00672600	peds_ai	0
00672690	peds_ai	0
006726c0	peds_ai	0
006726d0	peds_ai	0
006726f0	peds_ai	0
00672700	peds_ai	0
006728a0	peds_ai	0
006729c0	peds_ai	0
00672a50	peds_ai	0
00672bb0	peds_ai	0
00672bd0	peds_ai	0
00672c40	peds_ai	0
00672c90	peds_ai	0
00672cb0	peds_ai	0
00672e60	peds_ai	0
00672e80	peds_ai	0
00673070	peds_ai	0
006733e0	peds_ai	0
00673540	peds_ai	0
00673ba0	peds_ai	0
00673be0	peds_ai	0
00673c80	peds_ai	0
00673d00	peds_ai	0
00673ec6	peds_ai	0
00673ef0	peds_ai	0
006740e0	peds_ai	0
00674140	peds_ai	0
00674560	peds_ai	0
00674610	peds_ai	0
00674750	peds_ai	0
00674860	peds_ai	0
00674930	peds_ai	0
006749f0	peds_ai	0
00674bb0	peds_ai	0
00674c30	peds_ai	0
00674d80	peds_ai	0
00674e90	peds_ai	0
00674ea0	peds_ai	0
00674ee0	peds_ai	0
00674ef0	peds_ai	0
00674f00	peds_ai	0
00674f80	peds_ai	0
00674f90	peds_ai	0
00674fb0	peds_ai	0
00674fc0	peds_ai	0
00674ff0	peds_ai	0
00675000	peds_ai	0
00675010	peds_ai	0
00675090	peds_ai	0
006750a0	peds_ai	0
00675220	peds_ai	0
00675250	peds_ai	0
00675260	peds_ai	0
00675270	peds_ai	0
006752f0	peds_ai	0
00675300	peds_ai	0
006753e0	peds_ai	0
00675440	peds_ai	0
00675450	peds_ai	0
00675460	peds_ai	0
00675470	peds_ai	0
006754d0	peds_ai	0
00675660	peds_ai	0
00675690	peds_ai	0
006756a0	peds_ai	0
006756c0	peds_ai	0
00675740	peds_ai	0
006757d0	peds_ai	0
00675800	peds_ai	0
00675810	peds_ai	0
00675820	peds_ai	0
00675890	peds_ai	0
00675a30	peds_ai	0
00675a50	peds_ai	0
00675a80	peds_ai	0
00675a90	peds_ai	0
00675ab0	peds_ai	0
00675b30	peds_ai	0
00675b60	peds_ai	0
00675c00	peds_ai	0
00675c30	peds_ai	0
00675c80	peds_ai	0
00675c90	peds_ai	0
00675cf0	peds_ai	0
00675d60	peds_ai	0
00675dd0	peds_ai	0
00675e20	peds_ai	0
00675e80	peds_ai	0
00675e90	peds_ai	0
00675ef0	peds_ai	0
00675f60	peds_ai	0
00675fc0	peds_ai	0
00676010	peds_ai	0
00676070	peds_ai	0
00676080	peds_ai	0
006760e0	peds_ai	0
00676150	peds_ai	0
00676190	peds_ai	0
006761e0	peds_ai	0
00676200	peds_ai	0
006762b0	peds_ai	0
00676330	peds_ai	0
00676350	peds_ai	0
00676400	peds_ai	0
00676480	peds_ai	0
006764a0	peds_ai	0
006764c0	peds_ai	0
00676550	peds_ai	0
00676620	peds_ai	0
00676640	peds_ai	0
00676860	peds_ai	0
00676880	peds_ai	0
00676d10	peds_ai	0
00676d30	peds_ai	0
006772c0	peds_ai	0
006772e0	peds_ai	0
00677760	peds_ai	0
00677780	peds_ai	0
00677880	peds_ai	0
00677920	peds_ai	0
00677df0	peds_ai	0
00677e10	peds_ai	0
00677e30	peds_ai	0
00677e60	peds_ai	0
00677e70	peds_ai	0
00677e80	peds_ai	0
00677e90	peds_ai	0
00677ea0	peds_ai	0
00677eb0	peds_ai	0
00677ec0	peds_ai	0
00677ed0	peds_ai	0
00677ee0	peds_ai	0
00677ef0	peds_ai	0
00677f20	peds_ai	0
00677f50	peds_ai	0
00677f70	peds_ai	0
00677f80	peds_ai	0
00677fe0	peds_ai	0
00678110	peds_ai	0
00678130	peds_ai	0
00678150	peds_ai	0
00678160	peds_ai	0
00678170	peds_ai	0
00678240	peds_ai	0
006782a0	peds_ai	0
006782b0	peds_ai	0
006782c0	peds_ai	0
00678300	peds_ai	0
00678310	peds_ai	0
00678370	peds_ai	0
006784c0	peds_ai	0
006786b0	peds_ai	0
006786c0	peds_ai	0
006786f0	peds_ai	0
00678700	peds_ai	0
00678775	peds_ai	0
00678790	peds_ai	0
006787a0	peds_ai	0
006787d0	peds_ai	0
006787f0	peds_ai	0
00678870	peds_ai	0
006788f0	peds_ai	0
00678900	peds_ai	0
006789d0	peds_ai	0
00678a00	peds_ai	0
00678a10	peds_ai	0
00678a90	peds_ai	0
00678aa0	peds_ai	0
00678b20	peds_ai	0
00678bc0	peds_ai	0
00678bd0	peds_ai	0
00678c80	peds_ai	0
00678cb0	peds_ai	0
00678cc0	peds_ai	0
00678cd0	peds_ai	0
00678d40	peds_ai	0
00678d50	peds_ai	0
00678dc0	peds_ai	0
00678e60	peds_ai	0
00678e80	peds_ai	0
00678e90	peds_ai	0
00678ed0	peds_ai	0
00678ee0	peds_ai	0
00678f40	peds_ai	0
00678fa0	peds_ai	0
00678fe0	peds_ai	0
00679010	peds_ai	0
00679040	peds_ai	0
006790a0	peds_ai	0
006790b0	peds_ai	0
006790c0	peds_ai	0
00679120	peds_ai	0
00679270	peds_ai	0
00679510	peds_ai	0
006796c0	peds_ai	0
00679aa0	peds_ai	0
00679ae0	peds_ai	0
00679af0	peds_ai	0
00679b60	peds_ai	0
00679b80	peds_ai	0
0067a020	peds_ai	0
0067a030	peds_ai	0
0067a050	peds_ai	0
0067a060	peds_ai	0
0067a070	peds_ai	0
0067a100	peds_ai	0
0067a110	peds_ai	0
0067a1c0	peds_ai	0
0067a1d0	peds_ai	0
0067a250	peds_ai	0
0067a280	peds_ai	0
0067a320	peds_ai	0
0067a380	peds_ai	0
0067a390	peds_ai	0
0067a5d0	peds_ai	0
0067a890	peds_ai	0
0067b4e0	peds_ai	0
0067b5b0	peds_ai	0
0067b5c0	peds_ai	0
0067b660	peds_ai	0
0067b710	peds_ai	0
0067b720	peds_ai	0
0067b7f0	peds_ai	0
0067ba10	peds_ai	0
0067ba40	peds_ai	0
0067ba60	peds_ai	0
0067ba70	peds_ai	0
0067ba80	peds_ai	0
0067bd10	peds_ai	0
0067be20	peds_ai	0
0067be50	peds_ai	0
0067c0c0	peds_ai	0
0067c130	peds_ai	0
0067c180	peds_ai	0
0067c200	peds_ai	0
0067c270	peds_ai	0
0067c2e0	peds_ai	0
0067c360	peds_ai	0
0067c3f0	peds_ai	0
0067c480	peds_ai	0
0067c510	peds_ai	0
0067c5a0	peds_ai	0
0067c610	peds_ai	0
0067c690	peds_ai	0
0067c700	peds_ai	0
0067c750	peds_ai	0
0067c770	peds_ai	0
0067ca00	peds_ai	0
0067ca20	peds_ai	0
0067ca40	peds_ai	0
0067cb50	peds_ai	0
0067cb70	peds_ai	0
0067cbc0	peds_ai	0
0067cbe0	peds_ai	0
0067cc10	peds_ai	0
0067cc30	peds_ai	0
0067ccb0	peds_ai	0
0067d1e5	peds_ai	0
0067d230	peds_ai	0
0067d340	peds_ai	0
0067d360	peds_ai	0
0067d380	peds_ai	0
0067d550	peds_ai	0
0067d570	peds_ai	0
0067d590	peds_ai	0
0067d7a0	peds_ai	0
0067d960	peds_ai	0
0067d980	peds_ai	0
0067dbc0	peds_ai	0
0067dbe0	peds_ai	0
0067de10	peds_ai	0
0067de15	peds_ai	0
0067e600	peds_ai	0
0067e6e0	peds_ai	0
0067e7b0	peds_ai	0
0067ef20	peds_ai	0
0067f6a0	peds_ai	0
0067fa60	peds_ai	0
0067fa80	peds_ai	0
0067faf0	peds_ai	0
0067fc00	peds_ai	0
0067fd10	peds_ai	0
0067fd30	peds_ai	0
006801d0	peds_ai	0
006801f0	peds_ai	0
006803a0	peds_ai	0
006804d0	peds_ai	0
00680570	peds_ai	0
00680600	peds_ai	0
00680c60	peds_ai	0
00680dc0	peds_ai	0
006816a0	peds_ai	0
006816d0	peds_ai	0
00681720	peds_ai	0
00681740	peds_ai	0
006817d0	peds_ai	0
00681810	peds_ai	0
00681820	peds_ai	0
00681850	peds_ai	0
006818a0	peds_ai	0
00681920	peds_ai	0
00681970	peds_ai	0
0068197d	peds_ai	0
006819a0	peds_ai	0
006819ad	peds_ai	0
006819d0	peds_ai	0
00681a00	peds_ai	0
00681a30	peds_ai	0
00681a80	peds_ai	0
00681af0	peds_ai	0
00681b60	peds_ai	0
00681bd0	peds_ai	0
00681c10	peds_ai	0
00681d8d	peds_ai	0
00681df0	peds_ai	0
00681e00	peds_ai	0
00681e10	peds_ai	0
00681e20	peds_ai	0
00681e30	peds_ai	0
00681e50	peds_ai	0
00681e70	peds_ai	0
00681f10	peds_ai	0
00681f20	peds_ai	0
00681fe0	peds_ai	0
00682280	peds_ai	0
006822b0	peds_ai	0
006822e0	peds_ai	0
00682300	peds_ai	0
00682310	peds_ai	0
00682370	peds_ai	0
006823c0	peds_ai	0
00682440	peds_ai	0
006825b0	peds_ai	0
00682630	peds_ai	0
00682c60	peds_ai	0
00682cb0	peds_ai	0
00682d30	peds_ai	0
00682d40	peds_ai	0
00682da0	peds_ai	0
00682e10	peds_ai	0
00682e20	peds_ai	0
00683060	peds_ai	0
00683120	peds_ai	0
00683240	peds_ai	0
006832b0	peds_ai	0
006832c0	peds_ai	0
00683320	peds_ai	0
00683340	peds_ai	0
006833c0	peds_ai	0
006833d0	peds_ai	0
00683430	peds_ai	0
00683440	peds_ai	0
00683450	peds_ai	0
006834e0	peds_ai	0
006836f0	peds_ai	0
00683770	peds_ai	0
00683780	peds_ai	0
006837e0	peds_ai	0
006837f0	peds_ai	0
00683840	peds_ai	0
006838e0	peds_ai	0
00683950	peds_ai	0
006839c0	peds_ai	0
00683a40	peds_ai	0
00683ad0	peds_ai	0
006840d0	peds_ai	0
00684190	peds_ai	0
00684200	peds_ai	0
00684210	peds_ai	0
00684280	peds_ai	0
00684290	peds_ai	0
00684320	peds_ai	0
00684380	peds_ai	0
006846d0	peds_ai	0
006846f0	peds_ai	0
00684750	peds_ai	0
00684760	peds_ai	0
00684780	peds_ai	0
006847a0	peds_ai	0
006847c0	peds_ai	0
00684840	peds_ai	0
00684930	peds_ai	0
00684d10	peds_ai	0
00684da0	peds_ai	0
00684e30	peds_ai	0
00684ed0	peds_ai	0
00684f60	peds_ai	0
00684f80	peds_ai	0
00684fa0	peds_ai	0
00684fc0	peds_ai	0
00684fe0	peds_ai	0
00685000	peds_ai	0
00685170	peds_ai	0
00685630	peds_ai	0
00685680	peds_ai	0
006856f0	file_loading	0
00685700	file_loading	0
00685720	file_loading	0
00685730	peds_ai	0
00685740	peds_ai	0
00685750	peds_ai	0
006857c0	peds_ai	0
006857d0	peds_ai	0
006857e0	peds_ai	0
006859a0	peds_ai	0
006872c0	peds_ai	0
00687530	peds_ai	0
00687c20	peds_ai	0
00687f30	peds_ai	0
006883d0	peds_ai	0
00688810	peds_ai	0
00688930	peds_ai	0
006889f0	peds_ai	0
00688a00	peds_ai	0
00688a90	peds_ai	0
00689640	peds_ai	0
006899f0	peds_ai	0
0068a1b6	peds_ai	0
0068a1d0	peds_ai	0
0068a8c6	peds_ai	0
0068a8e0	peds_ai	0
0068a9f0	peds_ai	0
0068aa50	peds_ai	0
0068aa70	peds_ai	0
0068aff0	peds_ai	0
0068b050	peds_ai	0
0068b0c0	peds_ai	0
0068b0e0	peds_ai	0
0068b100	peds_ai	0
0068b1c0	peds_ai	0
0068b590	peds_ai	0
0068b5a0	peds_ai	0
0068b5b0	peds_ai	0
0068b5c0	peds_ai	0
0068b5d0	peds_ai	0
0068b5e0	peds_ai	0
0068b5f0	peds_ai	0
0068b600	peds_ai	0
0068b610	peds_ai	0
0068b620	peds_ai	0
0068b680	peds_ai	0
0068b690	peds_ai	0
0068b740	peds_ai	0
0068b7d0	peds_ai	0
0068b7e0	peds_ai	0
0068b8a0	peds_ai	0
0068b990	peds_ai	0
0068b9f0	peds_ai	0
0068ba00	peds_ai	0
0068ba60	peds_ai	0
0068ba70	peds_ai	0
0068baa0	peds_ai	0
0068bab0	peds_ai	0
0068bac0	peds_ai	0
0068bad0	peds_ai	0
0068bbd0	peds_ai	0
0068bd90	peds_ai	0
0068bdc0	peds_ai	0
0068be70	peds_ai	0
0068bf20	peds_ai	0
0068bf30	peds_ai	0
0068c050	peds_ai	0
0068c395	peds_ai	0
0068c3c0	peds_ai	0
0068c6e0	peds_ai	0
0068c7f0	peds_ai	0
0068c8b0	peds_ai	0
0068c8c0	peds_ai	0
0068c940	peds_ai	0
0068c9e0	peds_ai	0
0068cd00	peds_ai	0
0068cd10	peds_ai	0
0068cd70	peds_ai	0
0068cdd0	peds_ai	0
0068ce50	peds_ai	0
0068cec0	peds_ai	0
0068cf40	peds_ai	0
0068cf60	peds_ai	0
0068cf80	peds_ai	0
0068d2ae	peds_ai	0
0068d350	peds_ai	0
0068d880	peds_ai	0
0068d910	peds_ai	0
0068dab0	peds_ai	0
0068dad0	peds_ai	0
0068dc60	peds_ai	0
0068dd1d	peds_ai	0
0068e4f0	peds_ai	0
0068e950	peds_ai	0
0068f02a	peds_ai	0
0068f9f0	peds_ai	0
0068fa10	peds_ai	0
0068fa50	peds_ai	0
0068fd50	peds_ai	0
00690220	peds_ai	0
006906fd	peds_ai	0
006907a0	peds_ai	0
006908c0	peds_ai	0
006908e0	peds_ai	0
00690920	peds_ai	0
00690b00	peds_ai	0
00690b10	peds_ai	0
00690b20	peds_ai	0
00690b30	peds_ai	0
00690b40	peds_ai	0
00690b60	peds_ai	0
00690b70	peds_ai	0
00690b80	peds_ai	0
00690ba0	peds_ai	0
00690bb0	peds_ai	0
00690c10	peds_ai	0
00690c60	peds_ai	0
00690c70	peds_ai	0
00690ca0	peds_ai	0
00690cb0	peds_ai	0
00690cc0	peds_ai	0
00690d20	peds_ai	0
00690d80	peds_ai	0
00690d90	peds_ai	0
00690da0	peds_ai	0
00690dc0	peds_ai	0
00690f30	peds_ai	0
00690fc0	peds_ai	0
00691230	peds_ai	0
00691250	peds_ai	0
00691270	peds_ai	0
006912a0	peds_ai	0
006912b0	peds_ai	0
006912c0	peds_ai	0
00691320	peds_ai	0
006913a0	peds_ai	0
00691460	peds_ai	0
00691470	peds_ai	0
00691550	peds_ai	0
00691630	peds_ai	0
006916e0	peds_ai	0
00691700	peds_ai	0
00691720	peds_ai	0
00691740	peds_ai	0
006917b0	peds_ai	0
00691810	peds_ai	0
00691820	peds_ai	0
00691870	peds_ai	0
006918c0	peds_ai	0
00691900	peds_ai	0
00691910	peds_ai	0
00691950	peds_ai	0
00691990	peds_ai	0
006919c0	peds_ai	0
00691a40	peds_ai	0
00691a50	peds_ai	0
00691ae0	peds_ai	0
00691d50	peds_ai	0
00691fc0	peds_ai	0
00692020	peds_ai	0
00692030	peds_ai	0
00692100	peds_ai	0
00692340	peds_ai	0
00692390	peds_ai	0
006923f0	peds_ai	0
006924b0	peds_ai	0
006924c0	peds_ai	0
006924f0	peds_ai	0
00692530	peds_ai	0
00692550	peds_ai	0
0069259e	peds_ai	0
00692610	peds_ai	0
00692680	peds_ai	0
006926e0	peds_ai	0
006926f0	peds_ai	0
00692700	peds_ai	0
006927b0	peds_ai	0
00692820	peds_ai	0
006928b0	peds_ai	0
00692910	peds_ai	0
006929b0	peds_ai	0
00692a90	peds_ai	0
00692b70	peds_ai	0
00692c80	peds_ai	0
00692cf0	peds_ai	0
00692d60	peds_ai	0
00692dd0	peds_ai	0
00692df0	peds_ai	0
00692e30	peds_ai	0
00692e50	peds_ai	0
00692e80	peds_ai	0
00692f90	peds_ai	0
00692fb0	peds_ai	0
00692fd0	peds_ai	0
00692ff0	peds_ai	0
006930f0	peds_ai	0
00693440	peds_ai	0
00693590	peds_ai	0
006935c0	peds_ai	0
006935f0	peds_ai	0
00693610	peds_ai	0
006939d0	peds_ai	0
006939f0	peds_ai	0
00693b80	peds_ai	0
00693ba0	peds_ai	0
00693bd0	peds_ai	0
00693c40	peds_ai	0
006940a0	peds_ai	0
00694390	peds_ai	0
00694640	world_entities	0
00694690	world_entities	0
006946a0	world_entities	0
006946f0	world_entities	0
006947e0	world_entities	0
00694810	world_entities	0
00694830	world_entities	0
00694850	world_entities	0
006949a0	peds_ai	0
00694a30	peds_ai	0
00694a40	peds_ai	0
00694aa0	peds_ai	0
00694b20	peds_ai	0
00694b30	peds_ai	0
00694b90	peds_ai	0
00694c00	peds_ai	0
00694c10	peds_ai	0
00694c70	peds_ai	0
00694e20	peds_ai	0
00694ec0	peds_ai	0
00694ed0	peds_ai	0
00694ee0	peds_ai	0
00695000	peds_ai	0
00695090	peds_ai	0
006955d0	peds_ai	0
00695600	peds_ai	0
00695690	peds_ai	0
006956a0	peds_ai	0
006956b0	peds_ai	0
006956d0	peds_ai	0
00695740	peds_ai	0
006957b0	peds_ai	0
00695820	peds_ai	0
00695890	peds_ai	0
006958f0	peds_ai	0
00695b20	peds_ai	0
00695bc0	peds_ai	0
00695be0	peds_ai	0
00695c00	peds_ai	0
00695c20	peds_ai	0
00695d30	peds_ai	0
00695dc0	peds_ai	0
00695e40	peds_ai	0
00696030	peds_ai	0
006960b0	peds_ai	0
00696160	peds_ai	0
00696260	peds_ai	0
00696280	peds_ai	0
006962a0	peds_ai	0
00696680	peds_ai	0
00696820	peds_ai	0
006968e0	peds_ai	0
00696940	peds_ai	0
00696cc0	peds_ai	0
00696d80	peds_ai	0
00696da0	peds_ai	0
00696df0	peds_ai	0
00696e70	peds_ai	0
00696e80	peds_ai	0
00696ee0	peds_ai	0
00696f90	peds_ai	0
006971b0	peds_ai	0
00697220	peds_ai	0
00697230	peds_ai	0
00697290	peds_ai	0
00697320	peds_ai	0
00697330	peds_ai	0
006973a0	peds_ai	0
006973b0	peds_ai	0
006975c0	peds_ai	0
006975e0	peds_ai	0
006975f0	peds_ai	0
00697600	peds_ai	0
00697680	peds_ai	0
006976e0	peds_ai	0
00697740	peds_ai	0
006977b0	peds_ai	0
00697820	peds_ai	0
00697840	peds_ai	0
00697990	peds_ai	0
00697a00	peds_ai	0
00697b50	peds_ai	0
00697b70	peds_ai	0
00697ef0	peds_ai	0
00697f10	peds_ai	0
006980c0	peds_ai	0
006980f0	peds_ai	0
00698110	peds_ai	0
00698290	peds_ai	0
00698330	peds_ai	0
006983c0	peds_ai	0
00698530	peds_ai	0
00698550	peds_ai	0
006985d0	peds_ai	0
006985e0	peds_ai	0
00698610	peds_ai	0
00698620	peds_ai	0
00698680	peds_ai	0
006986e0	peds_ai	0
006986f0	peds_ai	0
00698700	peds_ai	0
00698710	peds_ai	0
00698740	peds_ai	0
0069874d	peds_ai	0
00698790	peds_ai	0
006987f0	peds_ai	0
006988e0	peds_ai	0
00698990	peds_ai	0
006989c5	peds_ai	0
00698d40	peds_ai	0
00698d60	peds_ai	0
00698db0	peds_ai	0
00698dd0	peds_ai	0
00698e70	peds_ai	0
00698eb0	peds_ai	0
00698ef0	peds_ai	0
00698f30	peds_ai	0
00699120	peds_ai	0
00699230	peds_ai	0
006992b0	peds_ai	0
00699570	peds_ai	0
006997e0	peds_ai	0
00699db0	peds_ai	0
00699dd0	peds_ai	0
00699e20	peds_ai	0
00699ee0	core_math_containers	0
00699f00	core_math_containers	0
00699f20	core_math_containers	0
00699f50	peds_ai	0
00699fa0	peds_ai	0
00699ff0	peds_ai	0
0069a340	peds_ai	0
0069a3b0	peds_ai	0
0069a420	peds_ai	0
0069a450	peds_ai	0
0069a467	peds_ai	0
0069a4c0	peds_ai	0
0069a4d7	peds_ai	0
0069a530	peds_ai	0
0069a559	peds_ai	0
0069a620	peds_ai	0
0069a751	peds_ai	0
0069a770	peds_ai	0
0069b1b0	peds_ai	1
0069b240	peds_ai	0
0069b5b0	peds_ai	0
0069b700	peds_ai	0
0069b79d	peds_ai	0
0069b860	peds_ai	0
0069b89d	peds_ai	0
0069bb30	peds_ai	0
0069bb40	peds_ai	0
0069bb50	peds_ai	0
0069bb60	peds_ai	0
0069bb70	peds_ai	1
0069bb80	peds_ai	0
0069bbe0	peds_ai	0
0069bbf0	peds_ai	0
0069bc50	peds_ai	0
0069bc8e	peds_ai	0
0069bca0	peds_ai	0
0069c240	peds_ai	0
0069c2c0	peds_ai	0
0069c2d0	peds_ai	0
0069c340	peds_ai	0
0069c3c0	peds_ai	0
0069c3f0	peds_ai	0
0069c470	peds_ai	0
0069c480	peds_ai	0
0069c4c0	peds_ai	0
0069c4d0	peds_ai	0
0069c597	peds_ai	0
0069c700	peds_ai	0
0069c710	peds_ai	0
0069c770	peds_ai	0
0069c780	peds_ai	0
0069c7e0	peds_ai	0
0069c850	peds_ai	0
0069c89a	peds_ai	0
0069ca38	peds_ai	0
0069caf0	peds_ai	0
0069cb50	peds_ai	0
0069cb60	peds_ai	0
0069cbc0	peds_ai	0
0069cc30	peds_ai	0
0069d0a0	peds_ai	0
0069d0c0	peds_ai	0
0069d110	peds_ai	0
0069d170	peds_ai	0
0069d460	peds_ai	0
0069d8e0	peds_ai	0
0069d950	peds_ai	0
0069d980	peds_ai	1
0069d990	peds_ai	1
0069d9c0	peds_ai	0
0069da00	peds_ai	0
0069da40	peds_ai	0
0069da80	peds_ai	0
0069dac0	peds_ai	0
0069db00	peds_ai	0
0069db40	peds_ai	0
0069db50	scripts_missions	0
0069db70	scripts_missions	0
0069dbd0	scripts_missions	0
0069dc50	scripts_missions	0
0069dcad	scripts_missions	0
0069dcd0	scripts_missions	0
0069dcdd	scripts_missions	0
0069dd30	scripts_missions	0
0069dd50	scripts_missions	0
0069de70	scripts_missions	0
0069de90	scripts_missions	0
0069decd	scripts_missions	0
0069e040	scripts_missions	0
0069e160	scripts_missions	0
0069e2fd	scripts_missions	0
0069e360	scripts_missions	0
0069e4e0	scripts_missions	0
0069e5f0	scripts_missions	0
0069e6e0	scripts_missions	0
0069e800	scripts_missions	0
0069e950	scripts_missions	0
0069ea30	scripts_missions	0
0069eb8a	scripts_missions	0
0069ebe0	scripts_missions	0
0069ed80	scripts_missions	0
0069edc0	scripts_missions	0
0069ee00	scripts_missions	0
0069ee60	scripts_missions	0
0069ef1d	scripts_missions	0
0069efc0	scripts_missions	0
0069efdd	scripts_missions	0
0069f0b0	scripts_missions	0
0069f1e0	scripts_missions	0
0069f2b0	scripts_missions	0
0069f370	scripts_missions	0
0069f460	file_loading	0
0069f470	file_loading	0
0069f480	file_loading	0
0069f490	file_loading	0
0069f510	file_loading	0
0069f540	file_loading	0
0069f570	file_loading	0
0069f5d0	file_loading	0
0069f640	file_loading	0
0069f670	file_loading	0
0069f6a9	file_loading	0
0069f750	file_loading	0
0069f76e	eh_funclets	0
0069f77c	eh_funclets	0
0069f798	eh_funclets	0
0069f7c5	file_loading	0
0069f7e0	file_loading	1
0069f8c0	file_loading	0
0069f910	file_loading	1
0069f940	file_loading	0
0069f9a0	file_loading	0
0069fbd0	file_loading	0
0069fbf0	file_loading	0
0069febd	file_loading	0
0069ff20	file_loading	0
0069ff50	file_loading	0
0069ffa0	file_loading	0
0069ffd0	file_loading	0
006a0000	file_loading	0
006a0050	file_loading	0
006a00f0	file_loading	0
006a0140	file_loading	0
006a01a0	file_loading	0
006a026d	file_loading	0
006a03cd	file_loading	0
006a0460	file_loading	0
006a0470	file_loading	0
006a0480	file_loading	0
006a04b0	file_loading	0
006a04e0	vehicles	0
006a0500	vehicles	0
006a0510	vehicles	0
006a0520	vehicles	0
006a0540	vehicles	0
006a0570	vehicles	0
006a0580	vehicles	0
006a0590	vehicles	0
006a05a0	vehicles	0
006a05c0	peds_ai	0
006a05f0	peds_ai	0
006a0600	peds_ai	0
006a0610	peds_ai	0
006a0620	peds_ai	0
006a0650	peds_ai	0
006a0660	peds_ai	0
006a0670	peds_ai	0
006a06d0	peds_ai	0
006a06f0	vehicles	0
006a0710	vehicles	0
006a0720	vehicles	0
006a0740	vehicles	0
006a0750	vehicles	1
006a0770	vehicles	0
006a07a0	vehicles	0
006a1177	vehicles	0
006a1460	vehicles	0
006a1ed0	vehicles	0
006a2150	vehicles	0
006a2210	vehicles	0
006a2250	vehicles	0
006a2270	vehicles	0
006a2290	vehicles	0
006a22d0	vehicles	0
006a2310	vehicles	0
006a2330	vehicles	0
006a2350	vehicles	0
006a2390	vehicles	0
006a2426	vehicles	0
006a2450	vehicles	0
006a2460	vehicles	0
006a2470	vehicles	0
006a2510	vehicles	0
006a2520	vehicles	0
006a2530	vehicles	0
006a27f0	vehicles	0
006a2980	vehicles	1
006a29a0	vehicles	0
006a29c0	vehicles	0
006a2ae0	vehicles	0
006a2b10	vehicles	0
006a2f00	vehicles	0
006a2f30	vehicles	0
006a2f70	vehicles	0
006a2f80	vehicles	0
006a3030	vehicles	0
006a3060	vehicles	0
006a32b0	vehicles	0
006a3440	vehicles	0
006a3580	vehicles	0
006a35a0	vehicles	0
006a3670	vehicles	0
006a3740	vehicles	0
006a3760	vehicles	0
006a3770	vehicles	0
006a3820	vehicles	0
006a3850	vehicles	0
006a3860	vehicles	0
006a38a0	vehicles	0
006a3a60	vehicles	0
006a3bd0	vehicles	0
006a3e60	vehicles	0
006a3ea0	vehicles	0
006a40f0	vehicles	0
006a4400	vehicles	0
006a44c0	vehicles	0
006a44d0	vehicles	0
006a4520	vehicles	0
006a45c0	vehicles	0
006a4609	vehicles	0
006a47f0	vehicles	0
006a4af0	vehicles	0
006a4ec0	vehicles	0
006a6010	vehicles	0
006a6050	vehicles	0
006a6090	vehicles	0
006a6140	vehicles	0
006a61e0	vehicles	0
006a6280	vehicles	0
006a6290	vehicles	0
006a62a0	vehicles	0
006a62b0	vehicles	0
006a62c0	vehicles	0
006a6350	vehicles	0
006a63b1	vehicles	0
006a63e0	vehicles	0
006a6441	vehicles	0
006a6470	vehicles	0
006a64d1	vehicles	0
006a6500	vehicles	0
006a6561	vehicles	0
006a6590	vehicles	0
006a65d0	vehicles	0
006a69a7	vehicles	0
006a6ae0	vehicles	0
006a6dc0	vehicles	0
006a7090	vehicles	0
006a7650	vehicles	0
006a84b5	vehicles	0
006a8500	vehicles	0
006a8580	vehicles	0
006a8c00	vehicles	0
006a9329	vehicles	0
006a9680	vehicles	0
006a9ca0	vehicles	0
006a9d70	vehicles	0
006aa200	vehicles	0
006aa290	vehicles	0
006aab32	vehicles	0
006aab50	vehicles	0
006ab8d6	vehicles	0
006acd91	vehicles	0
006ace70	vehicles	0
006ad4c6	vehicles	0
006ad690	vehicles	0
006adef0	vehicles	0
006adf80	vehicles	0
006adff0	vehicles	0
006ae0d0	peds_ai	0
006ae598	vehicles	0
006ae850	vehicles	0
006af110	vehicles	0
006af1d0	vehicles	0
006af250	vehicles	0
006af910	vehicles	0
006afa20	vehicles	0
006afb10	vehicles	0
006b01e8	vehicles	0
006b0690	vehicles	0
006b0a90	vehicles	0
006b1330	vehicles	0
006b1350	vehicles	0
006b1480	vehicles	0
006b1600	vehicles	0
006b1880	vehicles	0
006b22bd	vehicles	0
006b3780	vehicles	0
006b3bb0	vehicles	0
006b3e51	vehicles	0
006b3e90	vehicles	0
006b3f70	vehicles	0
006b4200	peds_ai	0
006b4410	vehicles	0
006b45e0	vehicles	0
006b4800	vehicles	0
006b5715	vehicles	0
006b5750	vehicles	0
006b5770	vehicles	0
006b5780	vehicles	0
006b57a0	vehicles	0
006b5820	vehicles	0
006b5830	vehicles	0
006b5840	vehicles	0
006b5850	vehicles	0
006b5860	vehicles	0
006b5880	vehicles	0
006b5890	vehicles	0
006b58a0	vehicles	0
006b58b0	vehicles	0
006b58c0	vehicles	0
006b58d0	vehicles	0
006b58e0	vehicles	0
006b58f0	vehicles	0
006b5900	vehicles	0
006b5910	vehicles	0
006b5920	vehicles	0
006b5930	vehicles	0
006b5940	vehicles	0
006b5950	vehicles	0
006b5960	vehicles	0
006b5990	vehicles	0
006b59e0	vehicles	0
006b5a00	vehicles	0
006b5a10	vehicles	0
006b5f40	vehicles	0
006b5f50	vehicles	0
006b5f90	vehicles	0
006b5fb0	vehicles	0
006b6620	vehicles	0
006b6740	vehicles	0
006b674d	vehicles	0
006b6778	vehicles	0
006b6790	vehicles	0
006b67a0	vehicles	0
006b67b0	vehicles	0
006b67e0	vehicles	0
006b6950	vehicles	0
006b6c49	vehicles	0
006b6d40	vehicles	0
006b7050	vehicles	0
006b7070	vehicles	0
006b7080	vehicles	0
006b7130	vehicles	0
006b7150	vehicles	0
006b7270	vehicles	0
006b7280	vehicles	0
006b7f90	vehicles	0
006b88f1	vehicles	0
006b8940	vehicles	0
006b8950	vehicles	0
006b8970	vehicles	0
006b89b0	vehicles	0
006b8a1a	vehicles	0
006b8ead	vehicles	0
006b8ec0	vehicles	0
006b9250	vehicles	0
006b9fb7	vehicles	0
006ba118	vehicles	0
006ba4ad	vehicles	0
006bc930	vehicles	0
006bcf7d	vehicles	0
006bcfc0	vehicles	0
006bd090	vehicles	0
006bde20	vehicles	0
006bdea0	vehicles	0
006be310	vehicles	0
006bea10	vehicles	0
006beb20	vehicles	0
006beeb0	vehicles	0
006bf230	vehicles	0
006bf400	vehicles	0
006bf430	vehicles	0
006bf688	vehicles	0
006bf820	vehicles	0
006bf9b0	vehicles	0
006bf9c0	vehicles	0
006bf9d0	vehicles	0
006bfa30	vehicles	0
006bfb50	vehicles	0
006c0390	vehicles	0
006c0500	vehicles	0
006c0550	vehicles	0
006c0560	vehicles	0
006c0570	vehicles	0
006c0590	vehicles	0
006c0810	vehicles	0
006c1470	vehicles	0
006c200a	vehicles	0
006c2040	vehicles	0
006c20e0	vehicles	0
006c2100	vehicles	0
006c2130	vehicles	0
006c2150	vehicles	0
006c2180	vehicles	0
006c21a0	vehicles	0
006c21b0	vehicles	0
006c21c0	vehicles	0
006c21e0	vehicles	0
006c2230	vehicles	0
006c2250	vehicles	0
006c22a0	vehicles	0
006c22c0	vehicles	0
006c22d0	vehicles	0
006c2300	vehicles	0
006c2320	vehicles	0
006c23b0	vehicles	0
006c23c0	vehicles	0
006c2440	vehicles	0
006c2460	vehicles	0
006c24b0	vehicles	0
006c25a9	vehicles	0
006c25d0	vehicles	0
006c26a0	vehicles	0
006c26f0	vehicles	0
006c2740	vehicles	1
006c2750	vehicles	1
006c2810	vehicles	1
006c28c0	vehicles	1
006c2970	vehicles	1
006c2b80	vehicles	1
006c2b90	vehicles	1
006c3030	vehicles	1
006c30cd	vehicles	1
006c342d	vehicles	1
006c34e0	vehicles	1
006c3718	vehicles	1
006c3b00	vehicles	1
006c3b24	vehicles	1
006c3b2d	vehicles	1
006c3ef0	vehicles	1
006c4130	vehicles	0
006c4170	vehicles	0
006c4180	vehicles	0
006c4190	vehicles	0
006c4320	vehicles	0
006c4330	vehicles	0
006c4340	vehicles	0
006c4400	vehicles	0
006c4530	vehicles	0
006c4550	vehicles	0
006c4560	vehicles	0
006c45b0	vehicles	0
006c4640	vehicles	0
006c4650	vehicles	0
006c46e0	vehicles	0
006c4750	vehicles	0
006c4760	vehicles	0
006c4800	vehicles	0
006c4810	vehicles	0
006c4830	vehicles	0
006c4e60	vehicles	0
006c5420	vehicles	0
006c58e0	vehicles	0
006c6520	vehicles	0
006c6890	vehicles	0
006c69c0	vehicles	0
006c6d30	vehicles	0
006c7050	vehicles	0
006c79a0	vehicles	0
006c7c50	vehicles	0
006c7d10	vehicles	0
006c7d20	vehicles	0
006c7d30	vehicles	0
006c7d40	vehicles	0
006c7d5a	vehicles	0
006c7d80	vehicles	0
006c7de0	vehicles	0
006c7f90	vehicles	0
006c7fb0	vehicles	0
006c8250	vehicles	0
006c8330	vehicles	0
006c8356	vehicles	0
006c83a0	vehicles	0
006c879d	vehicles	0
006c88c9	vehicles	0
006c892a	vehicles	0
006c8ae0	vehicles	0
006c8d60	vehicles	0
006c8df0	vehicles	0
006c8e00	vehicles	0
006c8e20	vehicles	0
006c9140	vehicles	0
006c9150	vehicles	0
006c9160	vehicles	0
006c9260	vehicles	0
006c94a0	vehicles	0
006c9ca8	vehicles	0
006ca2ad	vehicles	0
006caade	vehicles	0
006cab70	vehicles	0
006cab90	vehicles	0
006cabb0	vehicles	0
006cac10	vehicles	0
006cac20	vehicles	0
006cac70	vehicles	0
006cacb0	vehicles	0
006cad90	vehicles	0
006cadb0	vehicles	0
006cadd0	vehicles	0
006cb7c0	vehicles	0
006cc4b0	vehicles	0
006cc8ba	vehicles	0
006cca50	vehicles	0
006ccaa0	vehicles	0
006ccbb0	vehicles	0
006ccc50	vehicles	0
006cccf0	vehicles	0
006cd090	vehicles	0
006cd0ed	vehicles	0
006cd2f0	vehicles	0
006cdc09	vehicles	0
006cdc30	vehicles	0
006cdc90	vehicles	0
006cdca0	vehicles	0
006cdcc0	vehicles	0
006ce020	vehicles	0
006ce280	vehicles	0
006ce2b0	vehicles	0
006ce340	vehicles	0
006ce370	vehicles	0
006ce440	vehicles	0
006ce460	vehicles	0
006cead0	vehicles	0
006ced10	vehicles	0
006ced20	vehicles	0
006cee50	vehicles	0
006ceea0	vehicles	0
006cefb0	vehicles	0
006cf030	vehicles	0
006cf180	vehicles	0
006cf1a0	vehicles	0
006cf590	vehicles	0
006cf6a0	vehicles	0
006cfac0	vehicles	0
006cfd60	vehicles	0
006cfdf0	vehicles	0
006cffd0	vehicles	0
006d0185	vehicles	0
006d03a0	vehicles	0
006d0450	vehicles	0
006d0460	vehicles	0
006d0530	vehicles	0
006d0590	vehicles	0
006d0599	vehicles	0
006d05e0	vehicles	0
006d09c0	models	0
006d09d0	models	0
006d09e0	models	0
006d0a00	audio	0
006d0a10	audio	0
006d0a80	audio	0
006d0a90	vehicles	0
006d0aa0	vehicles	0
006d0ab0	vehicles	0
006d0ac0	vehicles	0
006d0ad0	vehicles	0
006d0af0	vehicles	0
006d0b10	vehicles	0
006d0b30	vehicles	0
006d0b40	vehicles	0
006d0b70	vehicles	0
006d0bc0	vehicles	0
006d0c00	vehicles	0
006d0ca0	vehicles	0
006d0cc0	vehicles	0
006d0cf0	vehicles	0
006d0e20	vehicles	0
006d0e60	vehicles	0
006d0e90	vehicles	0
006d1080	vehicles	0
006d10e0	vehicles	0
006d1150	vehicles	0
006d1180	vehicles	0
006d121e	vehicles	0
006d1230	vehicles	0
006d1280	vehicles	0
006d1340	vehicles	0
006d13a0	vehicles	0
006d14d0	vehicles	0
006d1610	vehicles	0
006d16a0	vehicles	0
006d1950	vehicles	0
006d1a50	vehicles	0
006d1aa0	vehicles	0
006d1bd0	vehicles	0
006d1c00	vehicles	0
006d1c40	vehicles	0
006d1c60	vehicles	0
006d1c80	vehicles	0
006d1d90	vehicles	0
006d1dd0	vehicles	0
006d1e20	vehicles	0
006d1e60	vehicles	0
006d1e80	vehicles	0
006d1f30	vehicles	0
006d2030	vehicles	0
006d21f0	vehicles	0
006d2250	vehicles	0
006d22f0	vehicles	0
006d2330	vehicles	0
006d2370	vehicles	0
006d2450	vehicles	0
006d2460	vehicles	0
006d24f0	vehicles	0
006d2570	vehicles	0
006d25d0	vehicles	0
006d2600	vehicles	0
006d2690	vehicles	0
006d26d0	vehicles	0
006d2700	vehicles	0
006d2740	vehicles	0
006d2950	world_entities	0
006d2960	vehicles	0
006d2980	vehicles	0
006d29e0	vehicles	0
006d2a10	vehicles	0
006d2a80	vehicles	0
006d2bf0	vehicles	0
006d2d50	vehicles	0
006d3000	vehicles	0
006d3020	vehicles	0
006d3040	vehicles	0
006d3060	vehicles	0
006d3080	vehicles	0
006d30b0	vehicles	0
006d30e0	vehicles	0
006d3210	vehicles	0
006d3300	vehicles	1
006d3370	vehicles	1
006d33b0	vehicles	0
006d3420	vehicles	0
006d3450	vehicles	0
006d3490	vehicles	1
006d34d0	vehicles	0
006d3510	vehicles	0
006d3630	vehicles	0
006d3650	vehicles	0
006d3700	vehicles	0
006d3830	vehicles	0
006d39e0	vehicles	0
006d3a50	vehicles	0
006d3ab0	vehicles	0
006d3ae0	vehicles	0
006d3b30	vehicles	0
006d3b60	vehicles	0
006d3b80	vehicles	0
006d3c70	vehicles	0
006d3cb0	vehicles	0
006d3cd0	vehicles	0
006d3cf0	vehicles	0
006d3d10	vehicles	0
006d3d30	vehicles	0
006d3d50	vehicles	0
006d3d60	vehicles	0
006d3db0	vehicles	0
006d3e00	vehicles	0
006d3f30	vehicles	0
006d4010	vehicles	0
006d4090	vehicles	0
006d40e0	vehicles	0
006d41d1	vehicles	0
006d4290	vehicles	0
006d4590	vehicles	0
006d4666	vehicles	0
006d46e0	vehicles	0
006d4900	vehicles	0
006d4ad0	vehicles	0
006d4bf6	vehicles	0
006d4d30	vehicles	0
006d505a	vehicles	0
006d5110	vehicles	0
006d5400	vehicles	0
006d5490	vehicles	0
006d55c0	vehicles	0
006d56a0	vehicles	0
006d56b0	vehicles	0
006d56c0	vehicles	0
006d5cf0	vehicles	0
006d5d70	vehicles	0
006d5db0	vehicles	0
006d5dd0	vehicles	0
006d5e20	vehicles	0
006d5f10	vehicles	0
006d6270	vehicles	0
006d6280	vehicles	0
006d6290	vehicles	0
006d62a0	vehicles	0
006d62b0	vehicles	0
006d62c0	vehicles	0
006d62d0	vehicles	0
006d62e0	vehicles	0
006d62f0	vehicles	0
006d6300	vehicles	0
006d6310	vehicles	0
006d6320	vehicles	0
006d6330	vehicles	0
006d6340	vehicles	0
006d6350	vehicles	0
006d6360	vehicles	0
006d6370	vehicles	0
006d6380	vehicles	0
006d6390	vehicles	0
006d63a0	vehicles	0
006d63b0	vehicles	0
006d63c0	vehicles	0
006d63d0	vehicles	0
006d63e0	vehicles	0
006d63f0	vehicles	0
006d6410	vehicles	0
006d6480	vehicles	0
006d64f0	vehicles	0
006d6640	vehicles	0
006d6a40	vehicles	0
006d6af6	vehicles	0
006d6c00	vehicles	0
006d73b0	vehicles	0
006d7bc0	vehicles	0
006d7c90	vehicles	0
006d82bd	vehicles	0
006d82f0	vehicles	0
006d8470	vehicles	0
006d849d	vehicles	0
006d84d0	vehicles	0
006d85f0	vehicles	0
006daf00	vehicles	0
006dba09	vehicles	0
006dba30	vehicles	0
006dbbb0	vehicles	0
006dbce0	vehicles	0
006dd130	vehicles	0
006dd6f0	vehicles	0
006ddf60	vehicles	0
006de240	vehicles	0
006de880	vehicles	0
006df036	vehicles	0
006df3d0	vehicles	0
006df4a0	vehicles	0
006df930	vehicles	0
006dfa20	vehicles	0
006dfb70	vehicles	0
006dfbe0	vehicles	0
006dfc50	vehicles	0
006e0050	vehicles	0
006e0400	vehicles	0
006e05c0	vehicles	0
006e07e0	vehicles	0
006e0950	vehicles	0
006e0a50	vehicles	0
006e0e20	vehicles	0
006e1440	vehicles	0
006e1600	vehicles	0
006e1720	vehicles	0
006e1780	vehicles	0
006e1a60	vehicles	0
006e2900	vehicles	0
006e2a30	core_math_containers	0
006e2a50	core_math_containers	0
006e2ac0	core_math_containers	0
006e2b00	vehicles	0
006e2b40	vehicles	0
006e2bd7	vehicles	0
006e2d50	vehicles	1
006e2d60	vehicles	0
006e2d90	vehicles	1
006e2dd0	vehicles	0
006e2e10	vehicles	0
006e2e50	vehicles	0
006e3290	vehicles	0
006e3400	vehicles	0
006e3440	vehicles	0
006e38a0	vehicles	0
006e38f0	vehicles	0
006e3950	vehicles	0
006e3b00	models	0
006e3c80	models	0
006e3d10	models	0
006e3e05	render	0
006e3e30	render	0
006e3e60	render	0
006e3eb0	render	0
006e3f20	render	0
006e3f90	render	0
006e3fd0	render	0
006e4040	render	0
006e40e0	render	0
006e4160	render	0
006e4510	render	0
006e45b0	render	0
006e4670	render	0
006e4f10	render	0
006e51f0	unclassified	0
006e5200	unclassified	0
006e5250	unclassified	0
006e5280	world_entities	1
006e52d0	world_entities	1
006e5380	world_entities	1
006e53a0	world_entities	1
006e53b0	world_entities	1
006e53c0	world_entities	1
006e53e0	world_entities	1
006e5400	world_entities	1
006e5410	world_entities	1
006e5420	world_entities	1
006e5430	world_entities	1
006e5750	world_entities	1
006e5810	world_entities	0
006e59e0	world_entities	0
006e5a40	world_entities	0
006e5bb0	world_entities	1
006e5e90	world_entities	1
006e61b0	world_entities	1
006e639d	world_entities	0
006e67a0	world_entities	0
006e6870	world_entities	0
006e6a10	world_entities	0
006e6ca0	world_entities	0
006e6d10	world_entities	0
006e6ea0	world_entities	0
006e6ef0	world_entities	0
006e7210	world_entities	0
006e73a0	world_entities	0
006e7680	world_entities	0
006e76e0	world_entities	0
006e76f0	world_entities	0
006e7760	world_entities	0
006e7b20	world_entities	0
006e7b30	world_entities	0
006e7b5a	world_entities	0
006e7c3d	world_entities	0
006e7d40	world_entities	0
006e7ef0	world_entities	0
006e81e0	world_entities	0
006e8550	world_entities	0
006e8580	world_entities	0
006e8761	world_entities	0
006e8780	world_entities	0
006e8a8a	world_entities	0
006e8ed0	world_entities	0
006e91d0	world_entities	0
006e9940	world_entities	0
006e9c80	world_entities	0
006e9d70	world_entities	0
006ea260	world_entities	0
006ea8a0	world_entities	0
006ea920	world_entities	0
006ea960	world_entities	0
006ea9f0	world_entities	0
006ea9f5	world_entities	0
006eaba0	world_entities	0
006eae80	world_entities	0
006eaf3a	world_entities	0
006eb690	world_entities	0
006eb710	world_entities	0
006eb810	world_entities	0
006ebec0	world_entities	0
006ebec5	world_entities	0
006ec5d0	world_entities	0
006ecf00	world_entities	0
006ed6d0	world_entities	0
006ed9a0	world_entities	0
006ed9d8	world_entities	0
006edb05	world_entities	0
006edda0	world_entities	0
006eddc0	world_entities	0
006ee080	world_entities	0
006ee240	world_entities	0
006ee5a0	world_entities	0
006ef650	world_entities	0
006efbc9	vehicles	0
006f00d0	vehicles	0
006f00f0	vehicles	0
006f0190	vehicles	0
006f01a0	vehicles	0
006f01d0	vehicles	0
006f0200	vehicles	0
006f0210	vehicles	0
006f0931	vehicles	0
006f0a10	vehicles	0
006f0d00	vehicles	0
006f0d90	vehicles	0
006f0de0	vehicles	0
006f0e20	vehicles	0
006f0e80	vehicles	0
006f0e99	vehicles	0
006f0f50	vehicles	0
006f10c0	vehicles	0
006f10ca	vehicles	0
006f1120	vehicles	0
006f1140	vehicles	0
006f1180	vehicles	0
006f129d	vehicles	0
006f1770	vehicles	0
006f20be	vehicles	0
006f20e0	vehicles	0
006f21b0	vehicles	0
006f2550	vehicles	0
006f2710	vehicles	0
006f2940	vehicles	0
006f2c00	vehicles	0
006f2c10	vehicles	0
006f2c30	vehicles	0
006f2c50	vehicles	0
006f2c70	vehicles	0
006f2c90	vehicles	0
006f2cb0	vehicles	0
006f2cd0	vehicles	0
006f2cf0	vehicles	0
006f2d10	vehicles	0
006f2d30	vehicles	0
006f2d90	vehicles	0
006f2dd0	vehicles	0
006f2e30	vehicles	0
006f2e40	vehicles	0
006f2e50	vehicles	0
006f2f40	vehicles	0
006f31a0	vehicles	0
006f3240	vehicles	0
006f3270	vehicles	0
006f32c0	vehicles	0
006f32e0	vehicles	0
006f34d0	vehicles	0
006f3e90	vehicles	0
006f3f40	vehicles	0
006f3fc0	world_entities	0
006f3fd0	world_entities	0
006f3fe0	world_entities	0
006f3ff0	world_entities	0
006f4000	world_entities	0
006f4010	world_entities	0
006f4020	world_entities	0
006f4030	world_entities	0
006f4040	world_entities	0
006f4540	world_entities	0
006f476d	world_entities	0
006f4790	world_entities	0
006f47e0	world_entities	0
006f4800	world_entities	0
006f4820	world_entities	0
006f4850	world_entities	0
006f4880	world_entities	0
006f48a0	world_entities	0
006f48c0	world_entities	0
006f4910	world_entities	0
006f4920	world_entities	0
006f49a0	world_entities	0
006f4ea0	file_loading	0
006f4ee0	file_loading	0
006f4f30	file_loading	0
006f4fa0	file_loading	0
006f4fb0	file_loading	0
006f4fc0	file_loading	0
006f4fd0	file_loading	0
006f5010	file_loading	0
006f5080	file_loading	0
006f5240	file_loading	0
006f5290	file_loading	0
006f52d0	file_loading	0
006f5300	file_loading	0
006f5330	file_loading	0
006f5370	vehicles	0
006f5380	vehicles	0
006f53a0	vehicles	0
006f53c0	vehicles	0
006f53e0	vehicles	0
006f5400	vehicles	0
006f5420	vehicles	0
006f5440	vehicles	0
006f5490	vehicles	0
006f54b0	vehicles	0
006f54d0	vehicles	0
006f5530	vehicles	0
006f5570	vehicles	0
006f55d0	vehicles	0
006f5668	vehicles	0
006f58d0	vehicles	0
006f5900	vehicles	0
006f5910	vehicles	0
006f5920	vehicles	0
006f5930	vehicles	0
006f59c0	vehicles	0
006f59e0	vehicles	0
006f5ba0	vehicles	0
006f5c2d	vehicles	0
006f5cd0	vehicles	0
006f5cf0	vehicles	1
006f5d80	vehicles	0
006f5d90	vehicles	0
006f5da0	vehicles	0
006f5db0	vehicles	0
006f5dc0	vehicles	0
006f5df0	vehicles	0
006f5e20	vehicles	0
006f5e50	vehicles	0
006f5e70	vehicles	0
006f5e90	vehicles	0
006f5eb0	vehicles	0
006f5ee0	vehicles	0
006f5ef0	vehicles	0
006f5f00	vehicles	0
006f5f80	vehicles	0
006f6030	vehicles	0
006f6300	vehicles	0
006f6320	vehicles	0
006f6370	vehicles	0
006f6640	vehicles	0
006f6850	vehicles	0
006f6a20	vehicles	0
006f6aa0	vehicles	0
006f6b60	vehicles	0
006f6bd0	vehicles	0
006f6cc0	vehicles	0
006f6ce7	vehicles	0
006f7090	vehicles	0
006f70bd	vehicles	0
006f7140	vehicles	0
006f7190	vehicles	0
006f7260	vehicles	0
006f72f0	vehicles	0
006f7440	vehicles	0
006f7550	vehicles	0
006f7900	vehicles	0
006f79e5	vehicles	0
006f8170	vehicles	0
006f86a0	vehicles	0
006f88c7	vehicles	0
006f890d	vehicles	0
006f893d	vehicles	0
006f9db0	file_loading	0
006f9dc0	file_loading	0
006f9dd0	file_loading	0
006f9de0	file_loading	0
006f9e00	file_loading	0
006f9e10	file_loading	0
006f9e30	file_loading	0
006f9e40	scripts_missions	0
006f9e60	scripts_missions	0
006f9e80	scripts_missions	0
006f9eb0	scripts_missions	0
006f9f30	scripts_missions	0
006f9f60	scripts_missions	0
006f9f90	renderware	0
006f9fb0	renderware	0
006f9fd0	renderware	0
006fa620	renderware	0
006fa630	renderware	0
006fa640	renderware	0
006fa670	renderware	0
006fa6a0	renderware	0
006fa6d0	scripts_missions	0
006fa6f0	scripts_missions	0
006fa707	scripts_missions	0
006fa770	scripts_missions	0
006fa790	scripts_missions	0
006fa7c0	scripts_missions	0
006fa7ca	scripts_missions	0
006fa840	scripts_missions	0
006fa880	renderware	0
006fa970	renderware	0
006fa9c0	renderware	0
006fa9d0	render	0
006fa9e0	render	0
006fa9f0	render	0
006faa00	render	0
006faa10	render	0
006faa70	render	0
006fab00	render	0
006fab30	platform_os	0
006fabf0	render	0
006fadf0	render	0
006faec0	render	0
006fb630	render	0
006fba20	render	0
006fbaa0	render	0
006fc180	render	0
006fc30d	render	0
006fc4d0	render	0
006fc528	render	0
006fc580	render	0
006fc5a0	render	0
006fc7a0	world_entities	0
006fd500	renderware	0
006fd5b0	renderware	0
006fd67a	renderware	0
006fd720	renderware	0
006fd7a0	renderware	0
006fd7c0	renderware	1
006fdc00	renderware	0
006fdd70	renderware	0
006fddbd	renderware	0
006fde50	renderware	0
006fdea0	renderware	0
006fdf50	renderware	0
006fdfc0	renderware	0
006fdfe0	renderware	0
006fe020	renderware	0
006fe060	renderware	0
006fe0d0	renderware	0
006fe0f0	renderware	0
006fe120	renderware	0
006fe180	renderware	0
006fe1e0	renderware	0
006fe1f0	renderware	0
006fe200	renderware	0
006fe220	renderware	0
006fe240	renderware	0
006fe260	renderware	1
006feb70	renderware	1
006feca0	renderware	0
006fed60	renderware	0
006feda0	renderware	0
006fef8a	renderware	0
006ff0f9	renderware	0
006ff2d0	renderware	0
006ff350	renderware	0
006ff410	render	0
006ff420	render	0
006ff460	core_math_containers	0
006ff4f0	core_math_containers	0
006ff790	core_math_containers	0
006ff8a0	peds_ai	0
006ff8d0	peds_ai	0
006ff8e0	peds_ai	0
006ff8f0	peds_ai	0
006ff900	peds_ai	0
006ffa10	peds_ai	0
006ffb30	render	0
006ffb40	render	0
006ffbb0	render	0
006ffbda	render	0
006ffe70	render	0
006ffe9a	render	0
006ffff0	render	0
007000e0	render	0
007002d0	render	0
00700be0	render	0
00700c30	render	0
00700c40	render	0
00700c50	render	0
00700c60	render	0
00700c80	render	0
00700c90	render	0
00700cc0	render	0
00700d70	render	0
00700e00	render	0
00700ec0	render	0
00700f90	render	0
00700fe0	render	0
00701060	render	0
007010c0	render	0
007010f0	render	0
00701120	render	0
00701140	render	0
00701160	render	0
00701170	render	0
007011b0	render	0
007011c0	render	0
007012e0	render	0
00701300	render	0
00701320	render	0
00701410	render	0
00701430	render	0
00701450	render	0
00701698	render	0
007016a0	render	0
00701766	render	0
00701780	render	0
00701a6d	render	0
00702080	render	0
00702f00	render	0
00702f40	render	0
007030a0	render	0
007034b0	render	0
007034b5	render	0
007034d0	render	0
007034f0	render	0
00703520	render	0
00703650	render	0
007037c0	render	0
007039c0	render	0
00703a79	render	0
00703cb0	render	0
00703cc0	render	0
00703f80	render	0
00704150	render	0
00704329	render	0
007043d0	render	0
00704630	render	0
007046a0	render	0
007046d0	render	0
007046e0	render	0
007053f0	render	0
00705400	render	0
00705480	render	0
007054c0	render	0
00705520	render	0
00705590	render	0
00705620	render	1
00705660	render	0
00705770	render	0
00705780	render	0
00705790	render	0
00705900	render	0
00705990	render	0
007059e0	render	0
007059f0	render	0
00705a00	render	0
00705a20	renderware	0
00705b30	render	0
00705b60	render	0
00705bf0	render	0
00705c80	render	0
00705d20	render	0
00705ef0	render	0
00705f50	render	0
00706070	render	0
0070616d	render	0
00706170	render	0
00706330	render	0
00706410	render	0
00706440	render	0
00706460	render	0
00706520	render	0
00706600	render	0
007066d0	render	0
00706770	render	0
007067a0	render	0
007067c0	render	0
00706850	render	0
00706870	render	0
00706970	render	0
00706a60	render	0
00706ab0	render	0
00706ada	render	0
00706ba0	render	0
00706c10	render	0
00706c20	render	0
00706c30	render	0
00706c50	render	0
00706c70	render	0
00706c80	render	0
00706c90	render	0
00706ca0	render	0
00706cb0	render	0
00706cc0	render	0
00706cd0	render	0
00706ed0	render	0
00706f60	render	0
00707390	render	0
00707450	render	0
00707460	render	0
007074f0	render	0
00707550	render	0
00707670	render	1
007076b0	render	0
007076c0	render	0
00707770	render	0
00707790	render	1
007077a0	render	1
007077b9	render	0
00707800	render	1
00707850	render	0
00707930	render	0
00707b40	render	0
00707ca0	render	0
00707f40	render	0
00707fa0	render	0
00708290	render	1
00708300	render	0
00708368	render	0
007085d9	render	0
007086b0	render	0
00708e7a	render	0
0070912a	render	0
00709408	render	0
00709c4a	render	0
00709cf0	render	1
0070a040	render	0
0070a470	render	0
0070a499	render	0
0070a630	render	0
0070a659	render	0
0070a7e0	render	0
0070a809	render	0
0070a960	render	0
0070aa5d	render	0
0070ac57	render	0
0070afa7	render	0
0070b730	render	0
0070ba00	render	0
0070bb47	render	0
0070bda0	render	0
0070c4b5	render	0
0070c500	render	0
0070c750	render	0
0070c768	render	0
0070c950	render	0
0070caa6	render	0
0070ccb0	render	0
0070cdd0	render	0
0070cde0	render	0
0070ce10	render	0
0070ce20	render	0
0070ce30	render	0
0070cf20	render	0
0070cfd0	render	0
0070d000	render	0
0070d0e7	render	0
0070d320	render	0
0070d490	render	0
0070d830	render	0
0070db60	render	0
0070e1c0	render	0
0070e2d0	render	0
0070e3e0	render	0
0070e480	render	0
0070e4a0	render	0
0070e53d	render	0
0070e780	render	0
0070eab0	render	0
0070ede0	render	0
0070f440	render	0
0070f540	render	0
0070f600	render	0
0070f760	render	0
0070f890	core_math_containers	0
0070f8d0	render	0
0070f8e0	render	0
0070f8f0	render	0
0070f900	render	0
0070f930	render	0
0070f950	render	0
0070f990	render	0
0070f9a0	render	0
0070f9b0	render	0
0070f9e0	render	0
0070fa70	render	0
0070fae0	render	0
00710159	render	0
00710310	render	0
00710af0	render	0
00710b50	render	0
00710ba0	render	0
00710bc0	render	0
00710c20	render	0
00710cc0	render	0
00710d50	render	0
00711160	render	0
007111f0	render	0
00711280	render	0
00711310	render	0
00711390	render	0
0071139d	render	0
007113b0	render	0
007116e0	render	0
00711730	render	0
00711760	render	0
00711ae9	render	0
00711d90	render	0
00711eb0	render	0
00711ec0	render	0
00711ec9	render	0
00711ef0	render	0
00712300	render	0
00712330	render	0
00712810	render	0
00712e40	render	0
00712ee0	render	0
00712ef0	render	0
00712f00	render	0
00712f10	render	0
00712f20	render	0
00712f30	render	0
00712f40	render	0
00712f50	render	0
00712f60	render	0
00712f70	render	0
00712f80	render	0
00712f90	render	0
00712fa0	render	0
00712ff0	render	0
00713060	render	0
007131c0	render	0
007135c0	render	0
007135f0	render	0
00713630	render	0
00713660	render	0
007136d0	render	0
007136e0	render	0
00713710	render	0
00713730	render	0
00713760	render	0
007138d0	render	0
00713950	render	0
00714650	render	0
007154b0	render	0
00715f40	render	0
00716245	render	0
00716380	render	0
00716707	render	0
007169e9	render	0
00716b10	render	0
00716b79	render	0
00716c90	render	0
007170c0	scripts_missions	0
007170e0	scripts_missions	0
00717100	scripts_missions	0
00717110	world_entities	0
00717130	world_entities	0
00717140	world_entities	0
00717150	world_entities	0
00717160	vehicles	0
00717180	vehicles	0
007172d0	vehicles	0
00717370	vehicles	0
007173a0	vehicles	0
0071749d	vehicles	0
007174c0	vehicles	0
007174f0	vehicles	0
007177e0	vehicles	0
007177f0	vehicles	0
00717800	vehicles	0
00717810	vehicles	0
00717820	vehicles	0
00717830	vehicles	0
00717840	vehicles	0
00717850	vehicles	0
00717860	world_entities	0
00717900	world_entities	0
00717940	world_entities	0
00717970	world_entities	0
00717c20	world_entities	0
00717c50	world_entities	0
00717c90	world_entities	0
00717ce0	world_entities	0
00717d00	world_entities	0
00717d30	world_entities	0
00718580	world_entities	0
007185b0	world_entities	0
007185c0	world_entities	0
007185d0	world_entities	0
007185e0	world_entities	0
007185f0	world_entities	0
00718600	world_entities	1
00718630	world_entities	1
00718660	world_entities	1
00718690	world_entities	0
007186b0	world_entities	0
007186e0	unclassified	0
00718710	unclassified	0
00718740	render	0
00718770	render	1
007187c0	render	0
007189b0	render	0
00718a10	render	0
00718e50	render	0
00718ed0	render	0
00718edd	render	0
00718f00	render	0
00718f28	eh_funclets	0
00718f68	eh_funclets	0
00718f83	eh_funclets	0
00718f9e	eh_funclets	0
00718fb9	eh_funclets	0
00719063	eh_funclets	0
00719085	eh_funclets	0
007190a7	eh_funclets	0
007190c9	eh_funclets	0
007190eb	eh_funclets	0
007190f4	eh_funclets	0
007190fd	eh_funclets	0
00719106	eh_funclets	0
0071910f	eh_funclets	0
00719118	eh_funclets	0
00719121	eh_funclets	0
0071912a	eh_funclets	0
00719133	eh_funclets	0
0071913c	eh_funclets	0
00719145	eh_funclets	0
0071914e	eh_funclets	0
00719157	eh_funclets	0
00719160	eh_funclets	0
00719169	eh_funclets	0
007191f5	render	0
00719240	render	0
007192c0	render	0
00719360	render	0
00719380	render	0
007193a0	render	0
007193e2	render	0
00719400	render	0
00719420	render	0
00719430	render	0
00719490	render	0
007194d0	render	0
007194e0	render	0
007194f0	render	0
00719500	render	0
00719510	render	0
00719570	render	0
00719590	render	0
007195b0	render	0
007195c0	render	0
007195e0	render	0
00719600	render	0
00719610	render	0
00719650	render	0
00719670	render	1
00719750	render	0
00719766	render	0
00719800	render	0
00719840	render	0
00719b40	render	0
0071a0e0	render	0
0071a220	render	0
0071a5e0	render	0
0071a600	render	0
0071a620	render	0
0071a700	render	0
0071a820	render	0
0071a8b0	world_entities	0
0071a8d0	world_entities	0
0071aa10	world_entities	0
0071aca0	world_entities	0
0071acd0	world_entities	0
0071acf0	world_entities	0
0071ada0	world_entities	0
0071ae30	world_entities	0
0071aed0	world_entities	0
0071af70	world_entities	0
0071afc0	world_entities	0
0071b0d0	world_entities	0
0071b100	world_entities	0
0071b620	world_entities	0
0071bc40	world_entities	0
0071bd9d	world_entities	0
0071c0d0	world_entities	0
0071c1a0	world_entities	0
0071c2b0	world_entities	0
0071cb70	world_entities	0
0071cd1a	world_entities	0
0071ce20	world_entities	0
0071cf50	world_entities	0
0071d4e0	world_entities	0
0071d5a0	world_entities	0
0071d5e0	world_entities	0
0071d650	world_entities	0
0071d670	world_entities	0
0071d6b0	render	0
0071d6c0	render	0
0071d6d0	render	0
0071d6e0	render	0
0071d6f0	render	0
0071d700	render	0
0071d710	render	0
0071d720	render	0
0071d730	render	0
0071d780	render	0
0071d7a0	render	0
0071d7b0	render	0
0071d7d0	render	0
0071d7f0	render	0
0071d810	render	0
0071d830	render	0
0071d850	render	0
0071d870	render	0
0071d890	render	0
0071d8b0	render	0
0071d8d0	render	0
0071d8f0	render	0
0071d910	render	0
0071d930	render	0
0071d950	render	0
0071d970	render	0
0071d990	render	0
0071d9b0	render	0
0071d9d0	render	0
0071da00	render	1
0071dab0	render	1
0071db30	render	0
0071db80	render	1
0071dca0	render	0
0071dcd0	render	0
0071dd35	render	0
0071dd86	render	0
0071ddd6	render	0
0071e050	render	1
0071e080	render	0
0071e130	render	0
0071e580	render	0
0071e5d0	render	0
0071f37a	render	0
0071f960	render	0
0071fa40	render	0
0071fae0	world_entities	0
007200b0	render	0
007201c0	render	0
007204c0	world_entities	0
007204d0	world_entities	0
007204e0	vehicles	0
00720570	vehicles	0
00720590	vehicles	0
00720599	vehicles	0
007205c0	vehicles	0
007205cd	vehicles	0
00720640	vehicles	0
007207d7	vehicles	0
00720930	vehicles	0
00720a15	vehicles	0
00720d28	vehicles	0
00720ec0	vehicles	0
00720f00	vehicles	0
00720f20	vehicles	0
00720f30	vehicles	0
00720f40	render	0
00720f50	render	0
00720f60	render	0
00720f80	render	0
00720f90	render	0
00720fa0	render	0
00720fb0	render	0
00720fd0	render	0
00721090	render	0
007210b0	render	0
007210d0	render	0
007210f0	render	0
00721100	render	0
00721120	render	0
00721140	render	0
007211f0	render	0
00721660	render	0
00721d30	render	0
00721d50	weapons_combat	0
00721d70	weapons_combat	0
00721d90	render	0
00721d97	render	0
00721dc0	render	0
00721dcd	render	0
00721dd0	render	0
00721ee0	render	0
00721f70	render	0
00721f89	render	0
00722140	render	0
00722150	render	0
007221b0	render	0
007221c0	render	0
00722220	render	1
00722230	render	0
00722390	render	0
007223d0	render	0
007226a0	render	0
007226d0	render	1
007226f0	render	1
00722710	render	0
007227b0	render	0
00722810	render	0
00722870	render	0
00722880	render	0
007228f0	render	0
00722900	render	0
0072290d	render	0
00722970	render	0
0072297d	render	0
007229c0	render	0
00722c40	render	0
00722dad	render	0
00722fc0	render	0
00723000	render	0
00723050	render	0
007230a0	render	0
00723150	render	0
00723240	render	0
00723390	render	0
007233f0	render	0
00723750	weapons_combat	0
00723c10	weapons_combat	0
00723fb0	weapons_combat	0
007240c0	render	0
007240e0	render	0
007241c0	render	0
00724770	render	0
00724890	render	0
00724b60	render	0
00724d40	render	0
00724e10	render	0
00724e40	render	0
00725040	render	0
00725120	render	0
0072523a	render	0
00725ba0	render	0
00725c00	render	0
00726060	render	0
00726090	render	0
00726291	render	0
007266b0	render	0
007268be	render	0
007268f0	render	0
007268fa	render	0
00726aa0	render	0
00726ad0	render	0
00726af0	weapons_combat	0
00726d40	render	0
00726df0	render	0
00727140	render	0
00727230	render	0
00727240	render	0
00727260	render	0
00727270	render	0
007272b0	render	0
007272e0	render	0
00727320	render	0
00727350	render	0
00727390	render	0
007273a0	render	0
007273d0	render	0
00727420	render	0
00727590	render	0
00727710	render	0
00727890	render	0
00727920	render	0
0072794d	render	0
007279b0	render	0
00727a00	render	0
00727b30	render	0
00727b60	render	0
00727be0	render	0
00727c10	render	0
00727c50	render	0
00727cc0	render	0
00727d60	render	0
00727fd0	render	0
00728150	render	0
007281e0	render	0
00728200	render	0
007282c0	render	0
00728350	render	0
007283b0	render	0
00728420	render	0
007284b0	render	0
00728520	render	0
007285b0	render	0
00728640	render	0
00728a90	audio	0
00728ab0	audio	0
00728b10	vehicles	0
00728b30	vehicles	0
00728b40	vehicles	0
00728c20	vehicles	0
00728c80	vehicles	0
00728cb0	vehicles	0
00728cba	vehicles	0
00728da0	vehicles	0
00729439	vehicles	0
007295e0	vehicles	0
00729b30	vehicles	0
00729b60	vehicles	0
0072a280	vehicles	0
0072a2cd	vehicles	0
0072a3c0	vehicles	0
0072a400	audio	0
0072a410	audio	0
0072a440	audio	0
0072a460	render	0
0072a470	render	0
0072a480	render	0
0072a4e0	render	0
0072a4f0	render	0
0072a510	render	0
0072a520	render	0
0072a551	render	0
0072a570	render	0
0072a580	render	0
0072a590	render	0
0072a620	audio	0
0072a640	render	0
0072a790	render	0
0072a820	render	0
0072a9a0	render	0
0072ab79	render	0
0072acba	render	0
0072af70	render	0
0072b0b8	render	0
0072b10d	render	0
0072b630	render	0
0072b850	render	0
0072c8a0	physics_collision_response	0
0072c8b0	physics_collision_response	0
0072c950	physics_collision_response	0
0072cac0	world_entities	0
0072cae0	world_entities	0
0072d0e7	world_entities	0
0072d126	world_entities	0
0072d5e0	world_entities	0
0072d644	world_entities	0
0072d64d	world_entities	0
0072d6b0	world_entities	0
0072d6d0	camera	0
0072d750	camera	0
0072d850	world_entities	0
0072d970	world_entities	0
0072d99d	world_entities	0
0072d9f0	world_entities	0
0072da1d	world_entities	0
0072da70	world_entities	0
0072dad0	world_entities	0
0072db50	world_entities	0
0072dc10	world_entities	0
0072dd20	world_entities	0
0072dd30	world_entities	0
0072dd40	world_entities	0
0072dd50	world_entities	0
0072dd60	world_entities	0
0072dd70	world_entities	0
0072dd80	world_entities	0
0072dd90	world_entities	0
0072dda0	world_entities	0
0072ddb0	world_entities	0
0072ddc0	world_entities	0
0072ddd0	world_entities	0
0072dde0	world_entities	1
0072dec0	world_entities	0
0072df70	world_entities	0
0072e070	world_entities	0
0072e080	world_entities	0
0072e140	world_entities	0
0072e220	world_entities	0
0072e270	world_entities	0
0072e360	world_entities	0
0072e3a0	world_entities	0
0072e570	renderware	0
0072e620	renderware	0
0072e700	renderware	0
0072e730	platform_os	0
0072e740	platform_os	0
0072e750	platform_os	0
0072e760	platform_os	0
0072e770	platform_os	0
0072e790	platform_os	0
0072e7a0	platform_os	0
0072e7c0	platform_os	0
0072e7cd	platform_os	0
0072e7e0	platform_os	0
0072e820	platform_os	0
0072e840	platform_os	0
0072e860	platform_os	0
0072e870	platform_os	0
0072e8d0	platform_os	0
0072e8e0	platform_os	0
0072e96d	platform_os	0
0072e980	platform_os	0
0072e9e0	platform_os	0
0072eaf0	platform_os	0
0072eb10	platform_os	0
0072eb30	platform_os	0
0072eb40	platform_os	0
0072eb50	platform_os	0
0072eb70	platform_os	0
0072ec10	platform_os	0
0072ec40	platform_os	0
0072ec60	platform_os	0
0072ec80	platform_os	0
0072ed1d	platform_os	0
0072ed80	platform_os	0
0072ee60	platform_os	0
0072eef0	platform_os	0
0072efe0	platform_os	0
0072f060	platform_os	0
0072f090	platform_os	0
0072f180	platform_os	0
0072f330	platform_os	0
0072f340	platform_os	0
0072f350	platform_os	0
0072f360	platform_os	0
0072f370	platform_os	0
0072f380	platform_os	0
0072f390	platform_os	0
0072f3a0	platform_os	0
0072f3b0	platform_os	0
0072f3c0	platform_os	0
0072f3d0	platform_os	0
0072f3f0	platform_os	0
0072f420	platform_os	0
0072f440	platform_os	0
0072f460	platform_os	0
0072f480	platform_os	0
0072f4a0	platform_os	0
0072f4b0	platform_os	0
0072f4c0	platform_os	0
0072f4f0	platform_os	0
0072f500	platform_os	0
0072f510	platform_os	0
0072f520	platform_os	0
0072f530	platform_os	0
0072f540	platform_os	0
0072f560	platform_os	0
0072f570	platform_os	0
0072f580	platform_os	0
0072f590	platform_os	0
0072f5c0	platform_os	0
0072f5d0	platform_os	0
0072f5e0	platform_os	0
0072f600	platform_os	0
0072f640	platform_os	0
0072f770	platform_os	0
0072f7c0	platform_os	0
0072f810	platform_os	0
0072f840	platform_os	0
0072f870	platform_os	0
0072f8c0	platform_os	0
0072f8f0	platform_os	0
0072f9c0	renderware	0
0072f9e0	renderware	0
0072f9f0	renderware	0
0072fa20	renderware	0
0072fa50	renderware	0
0072fa80	renderware	0
0072fab0	renderware	0
0072fb00	renderware	0
0072fb30	renderware	0
0072fb50	renderware	1
0072fb70	renderware	1
0072fb90	renderware	1
0072fbc0	renderware	1
0072fbd0	renderware	0
0072fc40	renderware	0
0072fc50	renderware	0
0072fc70	platform_os	1
0072fd90	platform_os	0
0072fe10	renderware	0
0072fe20	renderware	0
0072fe30	renderware	0
0072fe40	renderware	0
0072fe50	renderware	0
0072fe60	renderware	0
0072fe70	renderware	0
0072fe80	renderware	0
0072fec0	renderware	0
0072fef0	renderware	0
0072ff40	renderware	0
0072ff60	renderware	0
0072fff0	renderware	0
00730020	renderware	0
007300a0	renderware	0
00730190	renderware	0
007301d0	renderware	0
00730200	renderware	0
00730250	renderware	0
00730270	renderware	0
00730300	renderware	0
00730330	renderware	0
007303b0	renderware	0
00730420	renderware	0
00730450	renderware	0
00730460	renderware	0
00730480	renderware	0
00730490	renderware	0
007304b0	renderware	0
00730510	renderware	0
007305e0	renderware	0
00730660	renderware	0
007306a0	renderware	0
00730740	renderware	0
007307f0	renderware	0
00730830	renderware	0
0073088d	renderware	0
00730900	renderware	0
0073096d	renderware	0
00730a00	renderware	0
00730a88	renderware	0
00730ac0	renderware	0
00730ad0	renderware	0
00730b00	renderware	0
00730b30	renderware	0
00730b70	renderware	0
00730d30	renderware	0
00730e40	renderware	0
00730e50	renderware	0
00730e60	renderware	0
00730fc0	renderware	0
00731019	renderware	0
00731070	renderware	0
00731150	renderware	0
007311d0	file_loading	0
00731250	file_loading	0
00731260	file_loading	0
00731270	file_loading	0
00731280	file_loading	0
00731520	file_loading	0
007315a0	file_loading	0
00731600	file_loading	1
00731620	file_loading	1
00731630	file_loading	1
00731650	file_loading	0
00731680	file_loading	1
007316a0	file_loading	0
007316b0	file_loading	0
007316d0	file_loading	0
007316e0	file_loading	0
00731700	file_loading	0
00731710	file_loading	0
00731720	file_loading	0
00731750	file_loading	0
00731760	file_loading	0
00731780	file_loading	0
00731790	file_loading	0
007317b0	file_loading	0
007317e0	file_loading	0
00731800	file_loading	0
00731850	file_loading	0
007318e0	file_loading	0
00731930	file_loading	0
00731990	file_loading	0
007319c0	file_loading	0
00731a00	file_loading	0
00731a30	file_loading	0
00731a70	file_loading	0
00731aa0	file_loading	0
00731ad0	file_loading	0
00731b30	file_loading	0
00731b80	file_loading	0
00731bf0	file_loading	0
00731c20	file_loading	0
00731c80	file_loading	0
00731cd0	file_loading	0
00731d50	file_loading	0
00731dd0	file_loading	0
00731e40	file_loading	0
00731e90	file_loading	0
00731f20	file_loading	0
00732000	file_loading	0
00732060	file_loading	0
007320b0	file_loading	0
00732110	renderware	0
00732130	renderware	0
00732140	renderware	0
00732150	renderware	0
00732170	renderware	0
007321a0	renderware	0
007321b0	renderware	0
007321d0	renderware	0
007321f0	renderware	0
00732200	renderware	0
00732220	renderware	0
00732230	renderware	0
00732250	renderware	0
00732260	renderware	0
00732290	renderware	0
007322b0	renderware	0
007322d0	renderware	1
007322f0	renderware	0
00732307	renderware	0
00732310	renderware	0
00732330	renderware	1
00732350	renderware	0
00732370	renderware	0
00732380	renderware	0
007323a0	renderware	0
007323b0	renderware	1
007323c0	renderware	0
007323e0	renderware	0
00732480	renderware	0
00732500	renderware	0
007325c0	renderware	0
007325f0	renderware	0
00732610	renderware	0
00732660	renderware	0
00732680	renderware	0
007326d0	renderware	0
00732820	renderware	0
00732850	renderware	1
00732870	renderware	0
007328a0	renderware	0
007328c0	renderware	0
00732990	renderware	0
00732a00	renderware	0
00732a20	renderware	0
00732a30	renderware	0
00732a40	renderware	0
00732ac0	renderware	0
00732ae0	renderware	0
00732b00	renderware	0
00732b20	renderware	0
00732b30	renderware	0
00732b40	renderware	0
00732c80	renderware	0
00732cc0	renderware	0
00732d00	renderware	0
00732d10	renderware	0
00732d20	renderware	0
00732d30	renderware	0
00732d40	renderware	0
00732d50	renderware	0
00732d60	renderware	0
00732d80	renderware	0
00732da0	renderware	0
00732dc0	renderware	0
00732de0	renderware	0
00732e10	renderware	0
00732e30	renderware	0
00732eb0	renderware	0
00732f30	renderware	0
00733160	renderware	0
007331e0	renderware	0
00733240	renderware	0
00733330	renderware	0
00733420	renderware	0
007334f0	renderware	0
00733550	renderware	0
007335b0	renderware	0
00733630	renderware	0
00733670	renderware	0
007336f0	renderware	0
00733750	renderware	0
007337a0	renderware	0
007337d0	renderware	0
00733800	renderware	0
007338b0	renderware	0
00733910	renderware	0
00733990	renderware	0
007339f0	renderware	0
00733a20	renderware	0
00733add	renderware	0
00733d10	renderware	0
00733d50	renderware	0
00733d90	renderware	0
00733dd0	renderware	0
00733e10	renderware	0
00733e50	renderware	0
00733e90	renderware	0
00733ec0	renderware	0
00733f10	renderware	0
00733f40	renderware	0
00733f80	renderware	0
007340b0	renderware	0
00734170	renderware	0
00734240	renderware	0
00734370	renderware	0
007344a0	renderware	0
00734530	renderware	0
00734540	renderware	0
00734570	renderware	0
00734610	platform_os	1
00734620	platform_os	1
00734630	platform_os	1
00734640	platform_os	1
00734650	platform_os	0
00734750	platform_os	0
00734810	unclassified	0
00734820	renderware	1
00734850	renderware	1
00734880	renderware	1
007348b0	renderware	1
007348c0	renderware	1
007348f0	renderware	1
00734900	renderware	1
00734930	renderware	1
00734940	renderware	1
00734970	renderware	0
00734a20	renderware	1
00734a40	renderware	1
00734a70	renderware	0
00734ab0	renderware	1
00734b10	renderware	1
00734b20	renderware	0
00734b50	renderware	0
00734b90	renderware	1
00734be0	renderware	0
00734c20	renderware	0
00734c60	renderware	1
00734cb0	renderware	0
00734ce0	renderware	1
00734d30	renderware	0
00734d60	renderware	1
00734d80	renderware	1
00734da0	renderware	1
00734dc0	renderware	1
00734de0	renderware	0
00734e50	renderware	0
00734e90	renderware	0
00734ea0	renderware	0
00734eb0	renderware	0
00734ec0	renderware	0
00734ed0	renderware	0
00734fc0	renderware	0
00735140	renderware	1
007352d0	renderware	1
00735360	renderware	1
007354e0	platform_os	0
00735720	platform_os	0
00735730	platform_os	0
007357e0	platform_os	0
00735820	platform_os	0
00735840	platform_os	0
007359e0	platform_os	0
00735a20	platform_os	0
00735ab0	platform_os	0
00735b40	platform_os	0
00735bd0	platform_os	0
00735c40	platform_os	0
00735c70	platform_os	0
00735c80	platform_os	0
00735c90	platform_os	0
00735d10	platform_os	0
00735d30	platform_os	1
00735d50	platform_os	1
00735d70	platform_os	0
00735d90	platform_os	0
00735e40	platform_os	0
00735e70	platform_os	0
00735ef0	platform_os	0
00735f20	platform_os	0
00735f70	platform_os	0
00735fc0	weapons_combat	0
00735fd0	weapons_combat	0
00735fd9	weapons_combat	0
00736000	weapons_combat	0
00736010	weapons_combat	0
007360d0	weapons_combat	0
00736830	weapons_combat	0
00736840	weapons_combat	0
007368f0	weapons_combat	0
00736900	weapons_combat	0
00736910	weapons_combat	0
00736920	weapons_combat	0
00736930	weapons_combat	0
00736940	weapons_combat	0
00736950	weapons_combat	0
007369e0	weapons_combat	0
00736a50	weapons_combat	0
00737620	weapons_combat	0
00737a4a	world_entities	0
00737b30	world_entities	0
00737b40	world_entities	0
00737b80	world_entities	0
00737bc0	world_entities	0
00737bf0	world_entities	0
00737c00	world_entities	0
00737c80	world_entities	0
00738860	world_entities	0
007388f0	world_entities	0
00738b20	world_entities	0
00739860	world_entities	0
00739877	world_entities	0
007399b0	world_entities	0
00739a40	world_entities	0
00739b00	weapons_combat	0
00739b10	weapons_combat	0
00739b20	weapons_combat	0
00739b30	weapons_combat	0
00739b40	weapons_combat	0
00739b50	weapons_combat	0
00739b60	weapons_combat	0
00739c20	weapons_combat	0
00739c30	weapons_combat	0
00739de0	weapons_combat	0
00739e60	weapons_combat	0
0073a260	weapons_combat	0
0073a280	weapons_combat	0
0073a2b0	weapons_combat	0
0073a2e0	weapons_combat	0
0073a300	weapons_combat	0
0073a330	weapons_combat	0
0073a360	weapons_combat	0
0073a380	weapons_combat	0
0073a3e0	weapons_combat	0
0073a530	weapons_combat	0
0073a8d0	weapons_combat	0
0073aac0	weapons_combat	0
0073aeb0	weapons_combat	0
0073af00	weapons_combat	1
0073b1c0	weapons_combat	0
0073b1e0	weapons_combat	0
0073b210	weapons_combat	0
0073b240	weapons_combat	0
0073b290	weapons_combat	0
0073b2a0	weapons_combat	0
0073b2c1	weapons_combat	0
0073b300	weapons_combat	0
0073b360	weapons_combat	0
0073b380	weapons_combat	0
0073b430	weapons_combat	0
0073b4a0	weapons_combat	0
0073b550	weapons_combat	0
0073c1f0	weapons_combat	0
0073c710	weapons_combat	0
0073cba0	weapons_combat	0
0073cdc0	weapons_combat	0
0073d1e0	weapons_combat	0
0073d720	weapons_combat	0
0073d7f7	weapons_combat	0
0073db40	weapons_combat	0
0073def0	weapons_combat	0
0073df00	vehicles	0
0073e240	weapons_combat	0
0073e560	weapons_combat	0
0073e690	weapons_combat	0
0073e800	weapons_combat	0
0073ec40	weapons_combat	0
0073f400	vehicles	0
0073f480	weapons_combat	0
0073f818	weapons_combat	0
0073f910	weapons_combat	0
0073fa20	weapons_combat	0
0073fb10	weapons_combat	0
007410b4	weapons_combat	0
007410bd	weapons_combat	0
00741331	weapons_combat	0
00741360	weapons_combat	0
00741c00	weapons_combat	0
00741fd0	vehicles	0
00742300	weapons_combat	0
00742a80	weapons_combat	0
00742a90	weapons_combat	0
00742aa0	weapons_combat	0
00742ab0	weapons_combat	0
00742b80	weapons_combat	0
00742bd0	weapons_combat	0
00742bf0	weapons_combat	0
00742c60	weapons_combat	0
00742c80	weapons_combat	0
00742ca0	weapons_combat	0
00742cc0	weapons_combat	0
00742cf0	weapons_combat	0
00743c20	file_loading	0
00743c30	file_loading	0
00743c40	file_loading	0
00743c50	file_loading	0
00743c60	file_loading	0
00743cd0	file_loading	0
00743d10	file_loading	0
00743d1a	file_loading	0
00743d50	file_loading	0
00743d70	file_loading	0
00743df0	unclassified	0
007443c0	render	1
00744607	render	0
00744880	render	1
007448b0	render	1
00744930	render	1
007449f0	render	1
00744a20	render	1
00744a50	render	0
00744a60	render	0
00744a70	render	1
00744a90	render	0
00744ae0	render	1
00744d50	render	0
00744d90	render	0
00744db0	render	0
00744db5	render	0
00744dc0	render	0
00744dd0	unclassified	0
00744df0	unclassified	0
00744ea0	unclassified	0
00744ee0	unclassified	0
00744f30	unclassified	0
00744f70	unclassified	0
00744fb0	unclassified	0
0074507a	unclassified	0
007450e8	unclassified	0
007451b0	renderware	0
007451d0	renderware	0
007451f0	renderware	0
00745210	renderware	0
00745240	renderware	0
00745270	renderware	0
007452b0	renderware	0
007453e0	renderware	0
007453f0	renderware	0
00745470	renderware	0
007454bd	renderware	1
007454e0	renderware	0
00745500	renderware	0
00745510	renderware	0
00745520	renderware	0
00745540	renderware	0
00745560	renderware	1
007455e0	renderware	1
00745650	renderware	1
00745780	renderware	1
007457a0	renderware	1
007457c0	renderware	1
007457f0	renderware	1
00745840	renderware	1
007458a0	renderware	0
007458b0	renderware	0
00745920	renderware	1
00745a80	renderware	1
00745a9a	renderware	1
00745af0	renderware	1
00745c70	unclassified	0
00745ca0	platform_os	1
00745cc0	renderware	1
00745d6d	renderware	1
00745dc0	renderware	1
00745e50	renderware	1
00745f90	unclassified	0
00745fb0	unclassified	0
00746060	platform_os	0
00746070	unclassified	0
00746080	unclassified	0
007460a0	unclassified	0
00746168	world_entities	0
0074616f	world_entities	0
00746190	renderware	0
007463e0	world_entities	0
00746480	unclassified	0
007465b0	unclassified	0
007466d0	unclassified	0
00746740	unclassified	0
007467b0	unclassified	0
007467d0	unclassified	0
00746800	unclassified	0
00746870	platform_os	0
0074689d	platform_os	1
007468e0	platform_os	1
00746940	platform_os	0
00746963	platform_os	0
0074696c	platform_os	0
00746973	platform_os	0
00746990	platform_os	1
007469a0	platform_os	1
00746a10	platform_os	0
00746d80	platform_os	1
00746ed0	platform_os	0
00746f64	ui_hud_frontend	0
00746f6e	ui_hud_frontend	0
00746f70	ui_hud_frontend	0
00746fa0	ui_hud_frontend	0
00747000	ui_hud_frontend	0
00747020	unclassified	0
007470c0	render	0
00747130	render	0
00747140	render	0
00747150	render	0
00747160	render	0
00747170	render	0
00747180	render	0
00747200	render	0
00747300	render	1
007473f0	render	0
00747420	renderware	0
00747660	renderware	1
007477c0	renderware	1
00747820	renderware	1
00747cd0	renderware	1
00747db0	renderware	1
00747eb0	crt_lib	0
00748462	renderware	1
007485c0	renderware	1
007485cd	renderware	1
007486a0	renderware	1
00748710	renderware	1
007487cf	renderware	1
00748f20	renderware	0
00748f30	renderware	0
00748f50	renderware	0
00748f70	renderware	0
00749000	renderware	1
00749010	renderware	1
00749020	renderware	1
00749030	renderware	1
00749040	renderware	1
00749060	renderware	1
007490b0	renderware	1
007490f0	renderware	1
00749120	renderware	1
00749160	renderware	1
007491a0	renderware	1
007491c0	renderware	1
007491f0	crt_lib	0
00749330	renderware	0
00749480	renderware	1
00749520	renderware	1
007496a0	renderware	1
00749720	renderware	0
00749740	renderware	0
00749760	renderware	1
00749830	renderware	1
00749880	renderware	1
007498a0	renderware	1
007498b0	renderware	1
007498d0	renderware	1
007498e0	renderware	0
00749910	renderware	0
00749940	renderware	0
00749970	renderware	0
00749b20	renderware	0
00749b70	renderware	0
00749bb0	renderware	0
00749c00	renderware	0
00749c50	renderware	0
00749d20	renderware	1
00749d40	renderware	0
00749dc0	renderware	0
00749e40	renderware	0
00749e50	renderware	0
00749e60	renderware	0
00749f70	renderware	0
0074a1c0	renderware	1
0074a200	renderware	1
0074a240	renderware	0
0074a260	renderware	1
0074a270	renderware	0
0074a290	renderware	0
0074a310	renderware	0
0074a490	renderware	0
0074a4c0	renderware	0
0074a4f0	renderware	0
0074a520	renderware	0
0074a550	renderware	0
0074a580	renderware	0
0074a5b0	renderware	0
0074a5e0	renderware	0
0074a770	renderware	1
0074a850	renderware	0
0074a880	renderware	1
0074aa10	renderware	0
0074ae40	renderware	1
0074ae50	renderware	1
0074aea0	renderware	1
0074af20	renderware	1
0074afa0	renderware	1
0074afd0	renderware	1
0074b000	renderware	1
0074b030	renderware	0
0074b060	renderware	1
0074b420	renderware	0
0074bcc0	renderware	1
0074bd40	crt_lib	0
0074bda0	renderware	0
0074bdd0	renderware	0
0074be00	renderware	0
0074be30	renderware	0
0074be50	renderware	0
0074be70	renderware	0
0074bea0	renderware	0
0074bec0	renderware	0
0074bee0	renderware	0
0074bf00	renderware	0
0074bf10	renderware	0
0074bf20	renderware	0
0074bf40	renderware	0
0074bfa0	renderware	1
0074bfc0	renderware	1
0074bfd0	renderware	1
0074bfe0	renderware	0
0074c130	renderware	0
0074c200	renderware	0
0074c310	renderware	0
0074c4d0	renderware	0
0074c4e0	renderware	0
0074c690	renderware	0
0074c6c0	renderware	0
0074c720	renderware	0
0074c760	renderware	0
0074c790	renderware	0
0074c7d0	renderware	0
0074c800	renderware	0
0074ca60	renderware	0
0074ca90	renderware	0
0074ccb0	renderware	1
0074ccc0	renderware	0
0074cd70	renderware	0
0074cda0	renderware	0
0074cdd0	renderware	0
0074cdf0	renderware	0
0074ce10	renderware	0
0074ce20	renderware	0
0074ce60	renderware	1
0074ced0	renderware	0
0074d190	renderware	0
0074d6d0	renderware	1
0074d750	crt_lib	0
0074d7d0	renderware	1
0074d810	renderware	1
0074d850	renderware	1
0074d870	crt_lib	0
0074d8c0	renderware	0
0074d8e0	renderware	1
0074d950	renderware	1
0074d990	renderware	0
0074da20	renderware	0
0074da80	renderware	0
0074dbc0	renderware	0
0074dbf0	renderware	0
0074dc20	renderware	0
0074dc50	renderware	0
0074dc70	renderware	0
0074dc90	renderware	0
0074dcb0	renderware	0
0074dcc0	crt_lib	0
0074dd30	renderware	0
0074e010	renderware	0
0074e050	renderware	0
0074e150	crt_lib	0
0074e1b0	crt_lib	0
0074e1c0	crt_lib	0
0074e1f0	crt_lib	0
0074e2b0	crt_lib	0
0074e2c0	crt_lib	0
0074e350	crt_lib	0
0074e420	crt_lib	0
0074e450	crt_lib	0
0074e4b0	crt_lib	0
0074e600	crt_lib	0
0074e970	crt_lib	0
0074e9e0	crt_lib	0
0074ea40	renderware	1
0074ea80	renderware	1
0074eab0	renderware	1
0074eac0	renderware	1
0074ead0	renderware	1
0074eb40	renderware	1
0074eb80	renderware	1
0074ec00	renderware	1
0074eca0	crt_lib	0
0074ed50	crt_lib	0
0074eec0	crt_lib	0
0074ef10	crt_lib	0
0074ef60	crt_lib	0
0074efa0	crt_lib	0
0074f020	crt_lib	0
0074f0c0	crt_lib	0
0074f140	crt_lib	0
0074f1a0	renderware	0
0074f210	renderware	0
0074f4e0	renderware	0
0074f570	renderware	0
0074f590	renderware	1
0074f610	renderware	0
0074f730	renderware	0
0074f750	renderware	0
0074f760	renderware	0
0074fb00	renderware	1
0074fb80	renderware	0
0074fbc0	renderware	0
0074fc00	renderware	0
0074fc70	renderware	0
0074fcd0	renderware	0
0074fd00	renderware	0
0074fd30	renderware	0
0074fd50	renderware	0
0074fd70	renderware	0
0074fd90	renderware	0
0074fda0	renderware	0
0074fe90	renderware	1
0074fee0	renderware	1
0074ff60	renderware	0
0074ff80	renderware	0
0074ffa0	renderware	1
0074fff0	renderware	1
00750044	renderware	1
00750050	renderware	1
00750280	renderware	1
00750370	renderware	1
007503e0	renderware	1
00750430	renderware	1
00750460	renderware	1
00750480	renderware	1
00750710	renderware	1
00750760	renderware	1
007507b0	renderware	1
007507e0	renderware	1
007509a0	renderware	1
007509b0	renderware	1
00750a30	renderware	1
00750a60	renderware	1
00750a90	renderware	1
00750aa0	renderware	1
00750ac0	renderware	1
00750cd0	renderware	1
00750d30	renderware	1
00750d90	renderware	1
00750db0	renderware	1
00750de0	renderware	1
00750e00	renderware	1
00750e20	renderware	1
00750e40	renderware	1
00750e50	renderware	1
00750e70	renderware	1
00750e90	renderware	1
00750ea0	renderware	1
00750ed0	renderware	1
00750f00	renderware	1
00750f20	renderware	0
00750f50	renderware	0
00750f80	renderware	0
00750f90	renderware	0
00750fc0	renderware	0
00751050	renderware	0
00751060	renderware	0
007510a0	renderware	0
00751140	renderware	0
007511e0	renderware	0
00751300	renderware	0
00751390	renderware	1
007513d0	renderware	1
00751420	renderware	1
00751460	renderware	0
00751500	renderware	1
007515a0	renderware	1
00751630	renderware	1
00751660	renderware	0
007516b0	renderware	0
007516c0	renderware	0
007517f0	renderware	0
00751910	renderware	0
00751960	renderware	0
007519e0	renderware	0
007519f0	renderware	0
00751a70	renderware	0
00751a90	renderware	0
00751ae0	renderware	0
00751d20	renderware	0
00751d60	renderware	0
00751d90	renderware	0
00751dc0	renderware	0
00751de0	renderware	0
00751e00	renderware	0
00751e10	renderware	0
00751e30	renderware	1
00751f00	renderware	0
00752060	crt_lib	0
007520d0	renderware	0
00752110	renderware	0
007521a0	renderware	1
007521b0	renderware	1
00752210	renderware	1
00752250	renderware	0
00752270	renderware	1
007522e0	crt_lib	0
007522f0	crt_lib	0
00752320	crt_lib	0
00752ad0	crt_lib	0
007531b0	crt_lib	0
007531cb	eh_funclets	0
0075320d	eh_funclets	0
00753266	eh_funclets	0
007532d5	eh_funclets	0
0075334c	eh_funclets	0
00753416	eh_funclets	0
007534bd	eh_funclets	0
0075354e	eh_funclets	0
007535fc	eh_funclets	0
007536c6	eh_funclets	0
00753755	eh_funclets	0
00753829	eh_funclets	0
007538b8	eh_funclets	0
0075398c	eh_funclets	0
00753a42	eh_funclets	0
00753b1a	renderware	1
00753b60	crt_lib	0
007544a2	renderware	1
007544e0	crt_lib	0
00754ae0	crt_lib	0
00754b40	crt_lib	0
00754b5e	eh_funclets	0
00754ba0	eh_funclets	0
00754be4	eh_funclets	0
00754c17	eh_funclets	0
00754c80	crt_lib	0
00754e02	renderware	1
00754e20	crt_lib	0
007551f0	crt_lib	0
007555e0	crt_lib	0
00755830	crt_lib	0
007558f0	crt_lib	0
00755980	crt_lib	0
00755aa0	crt_lib	0
00755b90	renderware	1
00755bc0	renderware	1
00755bf0	renderware	1
00755ce0	renderware	1
00755d20	renderware	0
00755d50	renderware	0
00755d80	crt_lib	0
00755fe0	crt_lib	0
00756070	crt_lib	0
00756260	crt_lib	0
00756390	crt_lib	0
00756600	crt_lib	0
00756710	renderware	1
00756770	renderware	1
007567a0	renderware	1
00756830	renderware	1
007568dc	renderware	1
00756960	renderware	1
00756b58	renderware	1
00756d90	renderware	1
00756df0	renderware	1
00757380	renderware	0
00757390	renderware	0
007573a0	renderware	0
007573b0	renderware	0
007573c0	renderware	0
007573d0	renderware	0
007573e0	renderware	0
007573f0	renderware	0
00757400	renderware	1
007575f0	renderware	1
00757890	renderware	1
007578c0	renderware	1
00758240	renderware	1
00758270	renderware	1
007582e0	renderware	0
007582f0	renderware	1
007587d0	renderware	1
00758850	renderware	1
00758860	renderware	1
00758870	renderware	1
00758890	renderware	1
007588a0	renderware	1
007588b0	renderware	0
007588d0	renderware	0
007588e0	renderware	0
00758900	renderware	0
00758910	crt_lib	0
00758920	crt_lib	0
00758940	crt_lib	0
00758970	crt_lib	0
00758a90	crt_lib	0
00758b80	crt_lib	0
00758bc0	crt_lib	0
00758c00	crt_lib	0
00758d30	crt_lib	0
00758d70	crt_lib	0
00758ec0	crt_lib	0
00759090	crt_lib	0
007590e0	crt_lib	0
00759100	renderware	0
007591b0	renderware	0
007591d0	renderware	1
00759640	renderware	1
00759790	renderware	1
0075a090	renderware	1
0075a1b0	renderware	1
0075a250	renderware	1
0075a370	renderware	1
0075a660	renderware	1
0075a8e0	renderware	0
0075a900	renderware	0
0075a920	renderware	0
0075a940	renderware	0
0075a960	renderware	1
0075b4e0	renderware	0
0075b500	renderware	0
0075b780	renderware	0
0075bb20	renderware	1
0075bb50	renderware	1
0075bb80	renderware	1
0075bc80	renderware	1
0075bd80	renderware	0
0075c290	renderware	1
0075c330	renderware	0
0075c380	renderware	0
0075c660	renderware	1
0075c9d0	renderware	1
0075d240	renderware	1
0075d4c0	renderware	0
0075d500	renderware	0
0075d530	crt_lib	0
0075d730	renderware	1
0075d970	crt_lib	0
0075d9d0	renderware	0
0075dae0	renderware	0
0075e230	renderware	1
0075e270	renderware	0
0075e2a0	renderware	0
0075e2d0	renderware	0
0075e300	renderware	1
0075e310	renderware	1
0075e3e0	renderware	1
0075e3f0	renderware	1
0075e540	renderware	1
0075e570	renderware	1
0075e5e0	renderware	1
0075e9f0	renderware	0
0075ea00	renderware	1
0075edd0	crt_lib	0
0075ee60	crt_lib	0
0075eed0	crt_lib	0
0075f0b0	renderware	1
0075f360	eh_funclets	0
0075f37e	eh_funclets	0
0076077b	eh_funclets	0
00760803	eh_funclets	0
0076083e	eh_funclets	0
0076089e	eh_funclets	0
007608b9	eh_funclets	0
007608e9	eh_funclets	0
0076091b	eh_funclets	0
0076094d	eh_funclets	0
00760aa5	eh_funclets	0
00760c4d	eh_funclets	0
00760ca1	renderware	1
00760cf0	renderware	1
00760df0	crt_lib	0
00761000	crt_lib	0
00761010	crt_lib	0
00761030	crt_lib	0
00761170	crt_lib	0
00761720	crt_lib	0
00761820	crt_lib	0
007618b0	crt_lib	0
00761950	crt_lib	0
007619a0	crt_lib	0
00761a10	crt_lib	0
00761b70	crt_lib	0
00761c30	renderware	1
00761c40	renderware	1
00761c50	renderware	0
00761c60	renderware	0
00761c90	renderware	0
00761cc0	renderware	0
00761cf0	renderware	0
00761d10	renderware	0
00761d30	renderware	0
00761d50	renderware	0
00761d60	renderware	1
00761da0	renderware	1
00761de0	renderware	1
00761e00	renderware	1
00761e40	renderware	1
00761e80	renderware	1
00761ea0	renderware	0
00762040	renderware	1
00762150	renderware	0
00762440	renderware	1
007624a0	renderware	1
00762740	renderware	1
00762960	renderware	0
00762f30	renderware	1
00763310	renderware	1
007635b0	crt_lib	0
00763620	crt_lib	0
00763690	crt_lib	0
007637d0	renderware	1
007637e0	renderware	1
007637f0	renderware	1
00763a80	renderware	1
00763eb0	renderware	1
00763f20	renderware	1
007641c0	renderware	1
007645c0	renderware	1
00764650	crt_lib	0
007646e0	crt_lib	0
00764730	crt_lib	0
00764760	crt_lib	0
007647b0	crt_lib	0
00764890	renderware	1
00764920	crt_lib	0
00764960	crt_lib	0
007649d0	crt_lib	0
00764a70	crt_lib	0
00764b50	crt_lib	0
00764c60	crt_lib	0
00764d20	crt_lib	0
00764d30	crt_lib	0
00764e70	crt_lib	0
00764f60	crt_lib	0
00765030	renderware	1
007650ce	renderware	1
0076516c	renderware	1
0076520d	renderware	1
007652ae	renderware	1
0076534d	renderware	1
00765402	renderware	1
007654b8	renderware	1
00765570	renderware	1
00765629	renderware	1
007656e0	renderware	1
007657c5	renderware	1
00765b7d	renderware	1
00765ea1	renderware	1
00765f56	renderware	1
00765ff1	renderware	1
00766088	renderware	1
00766124	renderware	1
00766171	renderware	1
007661a1	renderware	1
007661b6	renderware	1
007661c9	renderware	1
00766258	renderware	1
0076626b	renderware	1
00766310	renderware	1
0076631d	renderware	1
00766323	renderware	1
0076634d	renderware	1
00766353	renderware	1
007663e1	renderware	1
00766411	renderware	1
007664c0	renderware	1
007664f5	renderware	1
00766538	renderware	1
0076654b	renderware	1
00766562	renderware	1
00766575	renderware	1
00766581	renderware	1
0076658e	renderware	1
0076659f	renderware	1
007665a5	renderware	1
007665ae	renderware	1
007665c1	renderware	1
007665ca	renderware	1
007665db	renderware	1
007665e4	renderware	1
007665ea	renderware	1
007665ed	renderware	1
007665f0	renderware	1
00766603	renderware	1
00766606	renderware	1
00766609	renderware	1
0076660c	renderware	1
0076660f	renderware	1
00766639	renderware	1
00766642	renderware	1
007666f0	renderware	1
00766720	renderware	1
00766732	renderware	1
00766803	renderware	1
00766832	renderware	1
0076684f	renderware	1
007668ac	renderware	1
007668bf	renderware	1
0076694a	renderware	1
00766967	renderware	1
00766978	renderware	1
0076697e	renderware	1
00766a25	renderware	1
00766a38	renderware	1
00766a51	renderware	1
00766a68	renderware	1
00766a87	renderware	1
00766a94	renderware	1
00766abd	renderware	1
00766b23	renderware	1
00766b4b	renderware	1
00766b5c	renderware	1
00766b62	renderware	1
00766be0	renderware	1
00766bf1	renderware	1
00766bf7	renderware	1
00766c08	renderware	1
00766c0e	renderware	1
00766c2e	renderware	1
00766c3f	renderware	1
00766c45	renderware	1
00766c72	renderware	1
00766c83	renderware	1
00766c89	renderware	1
00766c96	renderware	1
00766c9c	renderware	1
00766d8c	renderware	1
00766d99	renderware	1
00766d9f	renderware	1
00766dc9	renderware	1
00766dcf	renderware	1
00766ea0	renderware	1
00766ed0	renderware	1
00766fc3	renderware	1
00766ff8	renderware	1
0076706f	renderware	1
0076707c	renderware	1
00767082	renderware	1
00767121	renderware	1
00767132	renderware	1
00767138	renderware	1
007671f7	renderware	1
0076720a	renderware	1
007672d4	renderware	1
007672e7	renderware	1
0076751d	renderware	1
0076753d	renderware	1
00767564	renderware	1
00767589	renderware	1
007675b5	renderware	1
007675c2	renderware	1
007675f4	renderware	1
00767661	renderware	1
0076768d	renderware	1
007676ba	renderware	1
007676cd	renderware	1
00767903	renderware	1
00767923	renderware	1
00767948	renderware	1
0076795b	renderware	1
00767cfa	renderware	1
00767d2e	renderware	1
00767d8a	renderware	1
00767dbe	renderware	1
00767e1a	renderware	1
00767e3c	renderware	1
00767eb6	renderware	1
00767ed2	renderware	1
00767ef2	renderware	1
00767f6d	renderware	1
00767f8f	renderware	1
0076800b	renderware	1
00768031	renderware	1
00768133	renderware	1
00768158	renderware	1
00768177	renderware	1
007681c5	renderware	1
007681d8	renderware	1
007681ff	renderware	1
007682e1	renderware	1
0076830f	renderware	1
0076834e	renderware	1
0076835f	renderware	1
00768395	renderware	1
007683c2	renderware	1
00768418	renderware	1
007684fe	renderware	1
00768646	renderware	1
00768676	renderware	1
0076869d	renderware	1
007687e5	renderware	1
0076880c	renderware	1
00768833	renderware	1
00768855	renderware	1
00768874	renderware	1
007688e0	renderware	1
0076894c	renderware	1
007689e0	renderware	1
00768a74	renderware	1
00768b11	renderware	1
00768bb2	renderware	1
00768c24	renderware	1
00768c98	renderware	1
00768d3a	renderware	1
00768dde	renderware	1
00768df1	renderware	1
00768e04	renderware	1
00768e17	renderware	1
00768e4c	renderware	1
00768e5f	renderware	1
00768f93	renderware	1
00768fb9	renderware	1
00769015	renderware	1
00769049	renderware	1
00769122	renderware	1
00769135	renderware	1
007691cb	renderware	1
007691d8	renderware	1
007691de	renderware	1
00769294	renderware	1
007692a7	renderware	1
00769358	renderware	1
0076936b	renderware	1
007693e6	renderware	1
007693f9	renderware	1
00769491	renderware	1
007694bb	renderware	1
0076959e	renderware	1
007695ce	renderware	1
00769625	renderware	1
00769636	renderware	1
0076963c	renderware	1
0076966b	renderware	1
00769671	renderware	1
007696f9	renderware	1
0076970c	renderware	1
007697ad	renderware	1
007697c0	renderware	1
00769862	renderware	1
00769875	renderware	1
007698ad	renderware	1
007698c0	renderware	1
00769962	renderware	1
00769975	renderware	1
00769a14	renderware	1
00769a25	renderware	1
00769a2b	renderware	1
00769aea	renderware	1
00769b42	renderware	1
00769b82	renderware	1
00769c1f	renderware	1
00769e88	renderware	1
00769e99	renderware	1
00769e9f	renderware	1
00769eb0	renderware	1
00769eb6	renderware	1
00769f40	renderware	1
00769fab	renderware	1
0076a02e	renderware	1
0076a0ab	renderware	1
0076a143	renderware	1
0076a17f	renderware	1
0076a1d3	renderware	1
0076a270	renderware	1
0076a32c	renderware	1
0076a40b	renderware	1
0076a598	renderware	1
0076a798	renderware	1
0076a93e	renderware	1
0076ab6f	renderware	1
0076ac25	renderware	1
0076ac4c	renderware	1
0076ac85	renderware	1
0076af39	renderware	1
0076b013	renderware	1
0076b0d2	renderware	1
0076b4ac	renderware	1
0076b4c9	renderware	1
0076b4fd	renderware	1
0076b519	renderware	1
0076b533	renderware	1
0076b54b	renderware	1
0076b560	renderware	1
0076b567	renderware	1
0076b59a	renderware	1
0076b5c0	renderware	1
0076b5ef	renderware	1
0076b60b	renderware	1
0076b7b2	renderware	1
0076b818	renderware	1
0076b851	renderware	1
0076b867	renderware	1
0076b87f	renderware	1
0076b89b	renderware	1
0076b940	renderware	1
0076b9e0	renderware	1
0076ba24	renderware	1
0076ba49	renderware	1
0076ba82	renderware	1
0076bdb4	renderware	1
0076be60	renderware	1
0076be89	renderware	1
0076c051	renderware	1
0076c127	renderware	1
0076c17f	renderware	1
0076c1f2	renderware	1
0076c254	renderware	1
0076c2a4	renderware	1
0076c3c1	renderware	1
0076c756	renderware	1
0076c76b	renderware	1
0076c7e8	renderware	1
0076c859	renderware	1
0076c8be	renderware	1
0076c8f1	renderware	1
0076cb5f	renderware	1
0076cbcd	renderware	1
0076cc47	renderware	1
0076ccad	renderware	1
0076d37e	renderware	1
0076d5a5	renderware	1
0076d9f0	renderware	1
0076df03	renderware	1
0076df6c	renderware	1
0076dfd1	renderware	1
0076e033	renderware	1
0076e336	renderware	1
0076e390	renderware	1
0076e396	renderware	1
0076e3b3	renderware	1
0076e3d5	renderware	1
0076e3fd	renderware	1
0076e41d	renderware	1
0076e430	renderware	1
0076e440	renderware	1
0076e44c	renderware	1
0076e464	renderware	1
0076e5a5	renderware	1
0076e5fb	renderware	1
0076e664	renderware	1
0076e668	renderware	1
0076e66c	renderware	1
0076e686	renderware	1
0076e687	renderware	1
0076e6ef	renderware	1
0076e748	renderware	1
0076e8c4	renderware	1
0076e943	renderware	1
0076ea4f	renderware	1
0076ea95	renderware	1
0076eb1c	renderware	1
0076eb84	renderware	1
0076ec4d	renderware	1
0076edae	renderware	1
0076eef1	renderware	1
0076f021	renderware	1
0076f0c6	renderware	1
0076f142	renderware	1
0076f1e3	renderware	1
0076f379	renderware	1
0076f47c	renderware	1
0076f4bb	renderware	1
0076f59e	renderware	1
0076f70a	renderware	1
0076f9a5	renderware	1
0076f9b6	eh_funclets	0
0076f9bd	eh_funclets	0
0076f9c4	eh_funclets	0
0076f9cb	eh_funclets	0
0076f9d2	eh_funclets	0
0076f9d9	eh_funclets	0
0076f9e0	eh_funclets	0
0076f9e7	eh_funclets	0
0076f9ee	eh_funclets	0
0076f9f5	eh_funclets	0
0076f9fc	eh_funclets	0
0076fa03	eh_funclets	0
0076fa0a	eh_funclets	0
0076fa11	eh_funclets	0
0076fa58	renderware	1
0076fa94	renderware	1
0076fac6	renderware	1
0076faeb	renderware	1
0076fb07	renderware	1
0076fbc5	renderware	1
0076fc31	renderware	1
0076fc66	renderware	1
007705fa	renderware	1
007706ad	renderware	1
00770767	renderware	1
007707b7	renderware	1
00770835	renderware	1
00770859	renderware	1
00770fd3	renderware	1
0077107f	renderware	1
0077129f	renderware	1
00771584	renderware	1
007715a8	renderware	1
007715c4	renderware	1
007715d4	renderware	1
007715f1	renderware	1
00771648	renderware	1
007716dd	renderware	1
00771709	renderware	1
00771724	renderware	1
0077194f	renderware	1
0077196b	renderware	1
00771a47	renderware	1
00771f48	renderware	1
00771f63	renderware	1
00771f9d	renderware	1
007725e3	renderware	1
00772753	eh_funclets	0
00772b89	renderware	1
00772bb1	renderware	1
00773022	renderware	1
0077303b	renderware	1
00773060	renderware	1
00773063	renderware	1
0077307b	renderware	1
007731c6	renderware	1
007732ad	renderware	1
0077383f	renderware	1
00773877	renderware	1
0077395f	renderware	1
00773a4d	renderware	1
00773b61	renderware	1
00773c7b	renderware	1
00773cf1	renderware	1
00773d4f	renderware	1
00773dae	renderware	1
00773e3b	renderware	1
0077429f	renderware	1
007743fa	renderware	1
00774602	renderware	1
00774678	renderware	1
00774c33	renderware	1
0077514f	renderware	1
00775982	renderware	1
00775bc0	renderware	1
00775d18	renderware	1
00775d82	renderware	1
00775ec5	renderware	1
007764ad	renderware	1
00776527	renderware	1
007765fa	renderware	1
00776904	renderware	1
0077be0f	renderware	1
0077c7d8	renderware	1
0077c8d2	renderware	1
0077e869	renderware	1
0077ea51	renderware	1
0077eb3c	renderware	1
0077ee77	renderware	1
0077eebc	renderware	1
0077eef7	renderware	1
0077f0bb	renderware	1
0077f0f9	renderware	1
0077f130	renderware	1
0077f149	renderware	1
0077f165	renderware	1
0077f17e	renderware	1
0077f21d	renderware	1
0077f23d	renderware	1
0077f381	renderware	1
0077f407	renderware	1
0077fa8f	renderware	1
0077ff46	renderware	1
0077ff9e	renderware	1
0077ffab	renderware	1
0077ffca	renderware	1
0077ffd4	renderware	1
0077ffde	renderware	1
0078003b	renderware	1
0078018b	renderware	1
0078028a	renderware	1
0078060a	renderware	1
0078068d	renderware	1
007807c7	renderware	1
00780803	renderware	1
00780836	renderware	1
0078086b	renderware	1
007808a2	renderware	1
007808db	renderware	1
00780912	renderware	1
0078094b	renderware	1
00780984	renderware	1
007809c0	renderware	1
007809fd	renderware	1
00780a39	renderware	1
00780a75	renderware	1
00780aad	renderware	1
00780ae4	renderware	1
00780b1b	renderware	1
00780b1e	renderware	1
00780b21	renderware	1
00780b47	renderware	1
00780bab	renderware	1
00780bbb	renderware	1
00780be2	renderware	1
00780bef	renderware	1
00780c0f	renderware	1
00780c19	renderware	1
00780c23	renderware	1
00780c78	renderware	1
00780c93	renderware	1
00780caf	renderware	1
00780ce0	renderware	1
00780d04	renderware	1
00780e11	renderware	1
00780e2d	renderware	1
00780e74	renderware	1
00780e8c	renderware	1
00780eea	renderware	1
00780ef8	renderware	1
00780f0e	renderware	1
00780f2a	renderware	1
00780f8d	renderware	1
00780ff1	renderware	1
00781012	renderware	1
00781033	renderware	1
00781054	renderware	1
00781077	renderware	1
0078109a	renderware	1
007810c0	renderware	1
007814ca	renderware	1
00781567	renderware	1
00781898	renderware	1
007818f5	renderware	1
0078191a	renderware	1
007819ca	renderware	1
00781a04	eh_funclets	0
00781a16	renderware	1
00781a6f	renderware	1
00781a87	renderware	1
00781b83	renderware	1
00781b90	renderware	1
00781b9e	renderware	1
00781bbd	renderware	1
00781c4b	renderware	1
00781c5d	renderware	1
00781d7e	renderware	1
00781e56	renderware	1
00781e97	renderware	1
00781ea2	renderware	1
00781eb6	renderware	1
00781ed0	renderware	1
00781efd	renderware	1
00781f13	renderware	1
00781f32	renderware	1
00781f33	renderware	1
00781f36	renderware	1
00781f55	renderware	1
00781f69	renderware	1
00781f90	renderware	1
00781fab	renderware	1
00781fd2	renderware	1
00781fdd	renderware	1
00782035	renderware	1
007820b7	renderware	1
007820b8	renderware	1
00782186	renderware	1
0078219e	renderware	1
007821c8	renderware	1
007821d3	renderware	1
007821f5	renderware	1
00782224	renderware	1
00782225	renderware	1
00782249	renderware	1
0078227f	renderware	1
0078229d	renderware	1
007822db	renderware	1
00782332	renderware	1
00782333	renderware	1
00782357	renderware	1
0078238d	renderware	1
007823b8	renderware	1
00782404	renderware	1
00782468	renderware	1
00782469	renderware	1
0078249a	renderware	1
007824dd	renderware	1
00782515	renderware	1
00782588	renderware	1
00782611	renderware	1
00782612	renderware	1
00782633	renderware	1
00782662	renderware	1
0078268d	renderware	1
007826d1	renderware	1
0078272f	renderware	1
00782730	renderware	1
00782733	renderware	1
00782751	renderware	1
00782779	renderware	1
00782797	renderware	1
007827c5	renderware	1
00782810	renderware	1
00782811	renderware	1
0078283c	renderware	1
00782878	renderware	1
00782883	renderware	1
007828c3	renderware	1
00782903	renderware	1
00782904	renderware	1
00782940	renderware	1
007829a0	renderware	1
00782a0a	renderware	1
00782ac5	renderware	1
00782b9e	renderware	1
00782b9f	renderware	1
00782bd8	renderware	1
00782c32	renderware	1
00782c8d	renderware	1
00782d36	renderware	1
00782e1c	renderware	1
00782e1d	renderware	1
00782e47	renderware	1
00782e89	renderware	1
00782edb	renderware	1
00782f4c	renderware	1
00782fe3	renderware	1
00782fe4	renderware	1
00783021	renderware	1
00783072	renderware	1
007830aa	renderware	1
00783124	renderware	1
007831b9	renderware	1
007831ba	renderware	1
007831f3	renderware	1
00783256	renderware	1
0078328e	renderware	1
007832c6	renderware	1
007832fe	renderware	1
00783344	renderware	1
00783383	renderware	1
007833be	renderware	1
00783409	renderware	1
00783483	renderware	1
00783484	renderware	1
007834a5	renderware	1
007834d4	renderware	1
0078350c	renderware	1
00783557	renderware	1
007835c2	renderware	1
007835c3	renderware	1
007835de	renderware	1
0078361d	renderware	1
0078363f	renderware	1
00783674	renderware	1
007836c0	renderware	1
007836c1	renderware	1
007836df	renderware	1
00783707	renderware	1
00783732	renderware	1
0078376e	renderware	1
007837c6	renderware	1
007837c7	renderware	1
007837e3	renderware	1
00783805	renderware	1
00783820	renderware	1
00783827	renderware	1
00783843	renderware	1
0078385f	renderware	1
0078387b	renderware	1
00783890	renderware	1
00783897	renderware	1
007838b3	renderware	1
007838d5	renderware	1
007838f1	renderware	1
0078390d	renderware	1
00783929	renderware	1
00783945	renderware	1
00783961	renderware	1
0078397d	renderware	1
00783999	renderware	1
007839b5	renderware	1
007839cd	renderware	1
00783a03	renderware	1
00783ad0	renderware	1
00783b3a	renderware	1
00783b46	renderware	1
00783c31	renderware	1
00783c43	renderware	1
00783cf8	renderware	1
00783df1	renderware	1
00783eaf	renderware	1
00784190	renderware	1
0078460c	renderware	1
0078468f	renderware	1
00784712	renderware	1
00784798	renderware	1
0078481e	renderware	1
007848a2	renderware	1
007848de	renderware	1
0078492e	renderware	1
00784975	renderware	1
00784a39	renderware	1
00784a3a	renderware	1
00784a6d	renderware	1
00784ab3	renderware	1
00784ad1	renderware	1
00784b3a	renderware	1
00784b3b	renderware	1
00784b50	renderware	1
00784b57	renderware	1
00784b73	renderware	1
00784b99	renderware	1
00784bb5	renderware	1
00784bd1	renderware	1
00784bed	renderware	1
00784bf1	renderware	1
00784bf5	renderware	1
00784bf9	renderware	1
00784cb1	renderware	1
00784e17	renderware	1
00784ecf	renderware	1
00784f26	renderware	1
00784f82	renderware	1
00784fd7	renderware	1
00785022	renderware	1
0078506d	renderware	1
007850b8	renderware	1
007850ce	renderware	1
007850e4	renderware	1
007850fa	renderware	1
0078518f	renderware	1
007851ab	renderware	1
007851da	renderware	1
00785202	renderware	1
0078543d	renderware	1
007854e4	renderware	1
007854fe	renderware	1
00785538	renderware	1
00785545	renderware	1
00785557	renderware	1
00785569	renderware	1
0078557b	renderware	1
0078558d	renderware	1
0078559f	renderware	1
007855b1	renderware	1
007855c3	renderware	1
007855d5	renderware	1
007855e7	renderware	1
007855f9	renderware	1
00785609	renderware	1
0078563a	renderware	1
0078565d	renderware	1
007856cd	renderware	1
007856d0	renderware	1
007856d1	renderware	1
0078572c	renderware	1
007857c5	renderware	1
007857fd	renderware	1
00785847	renderware	1
0078589b	renderware	1
007858b1	renderware	1
007858e9	renderware	1
007859fe	renderware	1
00785a3f	renderware	1
00785a50	renderware	1
00785a59	renderware	1
00785a61	renderware	1
00785ab0	renderware	1
00785abd	renderware	1
00785adb	renderware	1
00785b11	renderware	1
00785f11	renderware	1
00785f7c	renderware	1
00786c75	renderware	1
0078721d	renderware	1
00787745	renderware	1
00787995	renderware	1
007887a3	renderware	1
007887fd	renderware	1
00788878	renderware	1
00788a0a	renderware	1
00788a64	renderware	1
00789180	renderware	1
007892a0	renderware	1
0078937f	renderware	1
007896c6	renderware	1
007898e8	renderware	1
00789901	renderware	1
00789999	renderware	1
0078999c	renderware	1
007899a1	renderware	1
00789a10	renderware	1
00789a76	renderware	1
00789a92	renderware	1
00789ba9	renderware	1
00789e5c	renderware	1
0078a0c2	renderware	1
0078a332	renderware	1
0078a54c	renderware	1
0078a7ca	renderware	1
0078b343	renderware	1
0078c614	renderware	1
0078c910	renderware	1
0078cb70	renderware	1
0078cd38	renderware	1
0078d3f8	renderware	1
0078d961	renderware	1
0078ed33	renderware	1
0078fa70	renderware	1
0078fa8a	renderware	1
0078fc58	renderware	1
0078fec7	renderware	1
007902d8	renderware	1
007908b1	renderware	1
0079092d	renderware	1
0079099c	renderware	1
0079142a	renderware	1
00791936	renderware	1
00791bfb	renderware	1
00791e2c	renderware	1
00791f82	renderware	1
00792071	renderware	1
00792082	renderware	1
007920ae	renderware	1
007921dc	renderware	1
00792230	renderware	1
0079227b	renderware	1
007922d1	renderware	1
00792302	renderware	1
00792362	renderware	1
007923e2	renderware	1
007925c9	renderware	1
007925e5	renderware	1
007925f1	renderware	1
00792684	renderware	1
0079270f	renderware	1
0079277d	renderware	1
0079279c	renderware	1
0079280e	renderware	1
00792897	renderware	1
00792945	renderware	1
00792c08	renderware	1
00792cd0	renderware	1
00792e85	renderware	1
00792ec5	renderware	1
00793005	renderware	1
00793061	renderware	1
00793064	renderware	1
00793067	renderware	1
007930de	renderware	1
007931f4	renderware	1
00793237	renderware	1
0079329e	renderware	1
0079338e	renderware	1
007933a7	renderware	1
00793448	renderware	1
0079353d	renderware	1
00793567	renderware	1
00793be1	renderware	1
00793cee	renderware	1
00793e03	renderware	1
00793eb2	renderware	1
007941e0	renderware	1
00794287	renderware	1
00794389	renderware	1
007944ad	renderware	1
0079452c	renderware	1
00794678	renderware	1
0079476f	renderware	1
00794c10	renderware	1
00794d48	renderware	1
00794e2a	renderware	1
00794f4f	renderware	1
00794fac	renderware	1
00795017	renderware	1
007951e4	renderware	1
00795267	renderware	1
0079665b	renderware	1
00796dfa	renderware	1
00796f1a	renderware	1
00797168	renderware	1
0079753c	renderware	1
00797d66	renderware	1
00797e8f	renderware	1
007988eb	renderware	1
00798923	renderware	1
0079897f	renderware	1
00798d2f	renderware	1
00798e60	renderware	1
00798ec7	renderware	1
00799085	renderware	1
007990d6	renderware	1
0079915b	renderware	1
00799203	renderware	1
0079927b	renderware	1
007994a6	renderware	1
0079992c	renderware	1
007999f2	renderware	1
0079a3c0	renderware	1
0079a3ce	renderware	1
0079a88b	renderware	1
0079aa6f	renderware	1
0079beb0	renderware	1
0079c02c	eh_funclets	0
0079cca1	renderware	1
0079cda1	renderware	1
0079cda9	renderware	1
0079cdb1	renderware	1
0079cdb9	renderware	1
0079cdc1	renderware	1
0079cdc5	renderware	1
0079cdc9	renderware	1
0079cdcd	renderware	1
0079cdd5	renderware	1
0079cde5	renderware	1
0079d121	renderware	1
0079d1e5	renderware	1
0079d212	renderware	1
0079d271	renderware	1
0079d329	renderware	1
0079d402	renderware	1
0079d629	renderware	1
0079d74a	renderware	1
0079d941	renderware	1
0079db62	renderware	1
0079dd0a	renderware	1
0079de5e	renderware	1
0079de8b	renderware	1
0079def2	renderware	1
0079df56	renderware	1
0079dfaf	renderware	1
0079e025	renderware	1
0079e3be	renderware	1
0079e96a	renderware	1
0079edb5	renderware	1
0079ef3f	renderware	1
0079f184	renderware	1
0079f745	renderware	1
0079f86a	renderware	1
0079f990	renderware	1
0079fb55	renderware	1
007a0301	renderware	1
007a0837	renderware	1
007a08b2	renderware	1
007a0a92	renderware	1
007a0acc	renderware	1
007a0c35	renderware	1
007a10f3	renderware	1
007a126a	renderware	1
007a1394	renderware	1
007a1774	renderware	1
007a17e5	renderware	1
007a2a55	renderware	1
007a2b4b	renderware	1
007a2caa	renderware	1
007a316c	renderware	1
007a377b	renderware	1
007a396b	renderware	1
007a3a3f	renderware	1
007a3b7b	renderware	1
007a3c97	renderware	1
007a3ddb	renderware	1
007a3df3	renderware	1
007a3df6	renderware	1
007a3e14	renderware	1
007a3e60	renderware	1
007a3ea2	renderware	1
007a42e7	renderware	1
007a4343	renderware	1
007a4391	renderware	1
007a45c9	renderware	1
007a47de	renderware	1
007a49fb	renderware	1
007a4b64	renderware	1
007a4be2	renderware	1
007a5345	renderware	1
007a55eb	renderware	1
007a5922	renderware	1
007a5985	renderware	1
007a59a1	renderware	1
007a5e4f	renderware	1
007a5e68	renderware	1
007a5e73	renderware	1
007a5e93	renderware	1
007a5eea	renderware	1
007a6018	renderware	1
007a61e3	renderware	1
007a62b5	renderware	1
007a6387	renderware	1
007a64b1	renderware	1
007a65db	renderware	1
007a65fb	renderware	1
007a6619	renderware	1
007a66b7	renderware	1
007a67a3	renderware	1
007a6944	renderware	1
007a698e	renderware	1
007a6ca5	renderware	1
007a6cfb	renderware	1
007a6d49	renderware	1
007a6ed9	renderware	1
007a6f06	renderware	1
007a6f5a	renderware	1
007a70d4	renderware	1
007a71cb	renderware	1
007a7bf1	renderware	1
007a7d69	renderware	1
007a7d8b	renderware	1
007a7e55	renderware	1
007a832d	renderware	1
007a8a88	renderware	1
007a8d1f	renderware	1
007a8d9d	renderware	1
007a8ebc	renderware	1
007a8f74	renderware	1
007a8fa8	renderware	1
007a8fc6	renderware	1
007a8ff5	renderware	1
007a9add	renderware	1
007a9c99	renderware	1
007a9ce7	renderware	1
007a9d19	renderware	1
007aa21b	renderware	1
007aa310	renderware	1
007aa55b	renderware	1
007aa81b	renderware	1
007aaa1f	renderware	1
007aaa7b	renderware	1
007aab77	renderware	1
007aabee	renderware	1
007aac0d	renderware	1
007aac85	renderware	1
007aae3d	renderware	1
007aaf82	renderware	1
007aafc8	renderware	1
007aafef	renderware	1
007ab5ea	renderware	1
007ab769	renderware	1
007ab787	renderware	1
007ab7c0	renderware	1
007ab7dc	renderware	1
007aba41	renderware	1
007aba5a	renderware	1
007aba65	renderware	1
007aba8f	renderware	1
007abaf3	renderware	1
007abb88	renderware	1
007abbbc	renderware	1
007abd83	renderware	1
007abda5	renderware	1
007ac299	renderware	1
007ac2e7	renderware	1
007ac2eb	renderware	1
007ac317	renderware	1
007ac390	renderware	1
007ac394	renderware	1
007ac3b6	renderware	1
007ac41b	renderware	1
007ac41f	renderware	1
007ac441	renderware	1
007ac5af	renderware	1
007ac5e2	renderware	1
007ac746	renderware	1
007ac82a	renderware	1
007acab8	renderware	1
007acb21	renderware	1
007acb56	renderware	1
007acbe1	renderware	1
007acc40	renderware	1
007accd9	renderware	1
007acd1e	renderware	1
007acde8	renderware	1
007acecb	renderware	1
007acf59	renderware	1
007acf9e	renderware	1
007acfd4	renderware	1
007ad0af	renderware	1
007ad12b	renderware	1
007ad140	renderware	1
007ad16b	renderware	1
007ad2de	renderware	1
007ad316	renderware	1
007ad6b6	renderware	1
007adbe1	renderware	1
007adbe6	renderware	1
007adbe9	renderware	1
007adbee	renderware	1
007adbf6	renderware	1
007adbfc	renderware	1
007adc01	renderware	1
007adc07	renderware	1
007adc0a	renderware	1
007adc10	renderware	1
007adc15	renderware	1
007adfe1	renderware	1
007ae2d1	renderware	1
007ae34d	renderware	1
007ae51f	renderware	1
007ae601	renderware	1
007ae6b5	renderware	1
007ae7bb	renderware	1
007aea96	renderware	1
007aeb06	renderware	1
007aee3b	renderware	1
007aeeca	renderware	1
007af123	renderware	1
007af2f0	renderware	1
007af452	renderware	1
007af455	renderware	1
007af458	renderware	1
007af45d	renderware	1
007af464	renderware	1
007af467	renderware	1
007af46c	renderware	1
007af471	renderware	1
007af4cf	renderware	1
007af7a1	renderware	1
007af839	renderware	1
007af922	renderware	1
007af92a	renderware	1
007afa8a	renderware	1
007aface	renderware	1
007afcd5	renderware	1
007afdc6	renderware	1
007affa0	renderware	1
007affb1	renderware	1
007b0021	renderware	1
007b00a2	renderware	1
007b00be	renderware	1
007b00fc	renderware	1
007b0316	renderware	1
007b0d9c	renderware	1
007b1253	renderware	1
007b1277	renderware	1
007b15ce	renderware	1
007b18ac	renderware	1
007b19fd	renderware	1
007b1b7f	renderware	1
007b1c14	renderware	1
007b1da3	renderware	1
007b1f01	renderware	1
007b207b	renderware	1
007b23a7	renderware	1
007b25ab	renderware	1
007b25d6	renderware	1
007b2c7b	renderware	1
007b32c6	renderware	1
007b3be1	renderware	1
007b3cdc	renderware	1
007b3cee	renderware	1
007b3d05	renderware	1
007b3d6d	renderware	1
007b3f4b	renderware	1
007b400e	renderware	1
007b406f	renderware	1
007b40d3	renderware	1
007b4137	renderware	1
007b416c	renderware	1
007b4298	renderware	1
007b4383	renderware	1
007b4495	renderware	1
007b4533	renderware	1
007b4668	renderware	1
007b4819	renderware	1
007b488c	renderware	1
007b4a64	renderware	1
007b4b58	renderware	1
007b4b76	renderware	1
007b4b7e	renderware	1
007b4b9c	renderware	1
007b4bba	renderware	1
007b4c34	renderware	1
007b4c3c	renderware	1
007b4c44	renderware	1
007b4c4c	renderware	1
007b4c54	renderware	1
007b4c5c	renderware	1
007b4c64	renderware	1
007b4c6c	renderware	1
007b4d0e	renderware	1
007b4d16	renderware	1
007b4d1e	renderware	1
007b4d26	renderware	1
007b4d5c	renderware	1
007b4d5f	renderware	1
007b4d60	renderware	1
007b4da6	renderware	1
007b4e06	renderware	1
007b4e7f	renderware	1
007b4f19	renderware	1
007b4f97	renderware	1
007b5059	renderware	1
007b5183	renderware	1
007b5186	renderware	1
007b518c	renderware	1
007b51b3	renderware	1
007b51c0	renderware	1
007b51e1	renderware	1
007b5202	renderware	1
007b5211	renderware	1
007b5220	renderware	1
007b524d	renderware	1
007b526e	renderware	1
007b528f	renderware	1
007b5409	renderware	1
007b560f	renderware	1
007b579d	renderware	1
007b5903	renderware	1
007b5a13	renderware	1
007b5c51	renderware	1
007b5e21	renderware	1
007b6052	renderware	1
007b6063	renderware	1
007b6072	renderware	1
007b608f	renderware	1
007b60aa	renderware	1
007b60cd	renderware	1
007b60d3	renderware	1
007b60e0	renderware	1
007b6102	renderware	1
007b6118	renderware	1
007b6670	renderware	1
007b679a	renderware	1
007b686e	renderware	1
007b68ac	renderware	1
007b6903	renderware	1
007b693a	renderware	1
007b6a06	renderware	1
007b6b3a	renderware	1
007b6e36	renderware	1
007b6ef6	renderware	1
007b6f90	renderware	1
007b7003	renderware	1
007b7088	renderware	1
007b713a	renderware	1
007b71bf	renderware	1
007b7264	renderware	1
007b7317	renderware	1
007b73b1	renderware	1
007b7437	renderware	1
007b7494	renderware	1
007b74dd	renderware	1
007b752f	renderware	1
007b75dd	renderware	1
007b7656	renderware	1
007b7761	renderware	1
007b7861	renderware	1
007b796d	renderware	1
007b798f	renderware	1
007b79b1	renderware	1
007b79e0	renderware	1
007b7a7f	renderware	1
007b7b54	renderware	1
007b7c28	renderware	1
007b7d2b	renderware	1
007b7e1b	renderware	1
007b7f30	renderware	1
007b7ff3	renderware	1
007b8227	renderware	1
007b83ee	renderware	1
007b85f4	renderware	1
007b8782	renderware	1
007b88e8	renderware	1
007b89f8	renderware	1
007b8c36	renderware	1
007b8e06	renderware	1
007b9037	renderware	1
007b9128	renderware	1
007b91fa	renderware	1
007b92c6	renderware	1
007b93fa	renderware	1
007b96f6	renderware	1
007b97b6	renderware	1
007b9829	renderware	1
007b98ae	renderware	1
007b99b9	renderware	1
007b9ab9	renderware	1
007b9bc5	renderware	1
007b9c9a	renderware	1
007b9d6e	renderware	1
007b9e71	renderware	1
007b9f61	renderware	1
007ba076	renderware	1
007ba139	renderware	1
007ba36d	renderware	1
007ba534	renderware	1
007ba5b2	renderware	1
007ba674	renderware	1
007ba7e6	renderware	1
007ba940	renderware	1
007baa00	renderware	1
007baac0	renderware	1
007bad20	renderware	1
007baf65	renderware	1
007baf80	renderware	1
007bb140	renderware	1
007bb1c9	renderware	1
007bb1e0	renderware	1
007bb4fd	renderware	1
007bb500	renderware	1
007bb77c	renderware	1
007bb815	renderware	1
007bb872	renderware	1
007bb8b6	renderware	1
007bbad2	renderware	1
007bbce7	renderware	1
007bbdac	renderware	1
007bbe18	renderware	1
007bbf4f	renderware	1
007bbfdc	renderware	1
007bc06e	renderware	1
007bc0d2	renderware	1
007bc179	renderware	1
007bc21e	renderware	1
007bc2c0	renderware	1
007bccf9	renderware	1
007bcf2b	renderware	1
007bcffa	renderware	1
007bd04a	renderware	1
007bd135	renderware	1
007bd211	renderware	1
007bd274	renderware	1
007bd2d2	renderware	1
007bd32b	renderware	1
007bd372	renderware	1
007bd3e1	renderware	1
007bd41a	renderware	1
007bd4ec	renderware	1
007bd5a1	renderware	1
007be739	renderware	1
007be8de	renderware	1
007bee12	renderware	1
007bef2b	renderware	1
007bf11a	renderware	1
007bf309	renderware	1
007c045d	renderware	1
007c073f	renderware	1
007c0b37	renderware	1
007c0e6b	renderware	1
007c0e87	renderware	1
007c0ef8	renderware	1
007c0f5f	renderware	1
007c0fbe	renderware	1
007c102f	renderware	1
007c1103	renderware	1
007c11ed	renderware	1
007c1367	renderware	1
007c1385	renderware	1
007c13a3	renderware	1
007c15ea	renderware	1
007c1675	renderware	1
007c1841	renderware	1
007c19c9	renderware	1
007c1bef	renderware	1
007c1d80	renderware	1
007c1eaa	renderware	1
007c1ec0	renderware	1
007c203b	renderware	1
007c2090	renderware	1
007c20c9	renderware	1
007c212d	renderware	1
007c21c5	renderware	1
007c220e	renderware	1
007c2251	renderware	1
007c22fc	renderware	1
007c237e	renderware	1
007c23dd	renderware	1
007c250f	renderware	1
007c2580	renderware	1
007c2648	renderware	1
007c2726	renderware	1
007c2769	renderware	1
007c284d	renderware	1
007c290b	renderware	1
007c296f	renderware	1
007c29ed	renderware	1
007c2a42	renderware	1
007c2aae	renderware	1
007c2ca4	renderware	1
007c2d95	renderware	1
007c2e0e	renderware	1
007c2ef0	renderware	1
007c307e	renderware	1
007c3267	renderware	1
007c3737	renderware	1
007c381f	renderware	1
007c3980	renderware	1
007c3a38	renderware	1
007c3a40	renderware	1
007c3b35	renderware	1
007c3b40	renderware	1
007c3c37	renderware	1
007c3d22	renderware	1
007c3e29	renderware	1
007c3e51	renderware	1
007c3f35	renderware	1
007c3f58	renderware	1
007c3f68	renderware	1
007c3fb2	renderware	1
007c3fe5	renderware	1
007c403e	renderware	1
007c406c	renderware	1
007c409e	renderware	1
007c40b0	renderware	1
007c4120	renderware	1
007c421c	renderware	1
007c4220	renderware	1
007c431e	renderware	1
007c4431	renderware	1
007c45e0	renderware	0
007c4600	renderware	0
007c4670	renderware	1
007c4720	renderware	1
007c4750	renderware	1
007c4770	renderware	1
007c4830	renderware	1
007c48d0	renderware	1
007c4a00	renderware	1
007c4bf0	renderware	1
007c4c30	renderware	0
007c4d30	renderware	0
007c4db0	renderware	0
007c4ed0	renderware	0
007c4f40	renderware	0
007c4f90	renderware	1
007c4ff0	renderware	0
007c5020	renderware	0
007c50a0	renderware	1
007c5100	renderware	0
007c5120	renderware	0
007c5130	renderware	0
007c5160	renderware	0
007c5170	renderware	0
007c5190	renderware	0
007c51a0	renderware	0
007c51d0	renderware	0
007c5b80	renderware	0
007c5ca0	renderware	0
007c60c0	renderware	0
007c64c0	renderware	0
007c6540	renderware	0
007c65b0	renderware	0
007c65c0	renderware	0
007c6720	renderware	0
007c67f0	renderware	0
007c6810	renderware	1
007c6820	renderware	0
007c68e0	renderware	1
007c69a0	renderware	1
007c69f0	renderware	1
007c6a10	renderware	1
007c6a70	renderware	1
007c6a80	renderware	1
007c6aa0	renderware	1
007c6ac0	renderware	1
007c6ae0	renderware	1
007c6b70	renderware	1
007c6be0	renderware	1
007c6c30	renderware	1
007c6d20	renderware	1
007c70c0	renderware	1
007c7190	renderware	1
007c72a0	renderware	1
007c7500	renderware	1
007c7510	renderware	1
007c7520	renderware	0
007c7540	renderware	0
007c7550	renderware	0
007c7560	renderware	0
007c75b0	renderware	0
007c77a0	renderware	0
007c77e0	renderware	0
007c77f0	renderware	0
007c7800	renderware	0
007c7810	renderware	0
007c7820	renderware	0
007c7830	renderware	0
007c7880	renderware	0
007c78a0	crt_lib	0
007c7b90	renderware	1
007c8060	renderware	1
007c85b0	renderware	1
007c86f0	renderware	1
007c8720	renderware	1
007c8740	crt_lib	0
007c8820	crt_lib	0
007c8830	renderware	1
007c8840	renderware	1
007c88b0	renderware	1
007c8980	renderware	1
007c89b0	renderware	1
007c89c0	renderware	1
007c8a00	renderware	1
007c8a40	crt_lib	0
007c8a50	crt_lib	0
007c8a60	crt_lib	0
007c8a70	crt_lib	0
007c8b10	crt_lib	0
007c8b50	renderware	1
007c8be0	renderware	1
007c8d40	renderware	1
007c8d60	renderware	1
007c8e8b	renderware	1
007c90d0	renderware	1
007c9680	renderware	1
007c9da0	renderware	1
007ca240	renderware	1
007ca330	renderware	1
007ca410	renderware	1
007ca6c0	renderware	1
007ca799	renderware	1
007ca800	renderware	1
007ca850	renderware	1
007caa30	renderware	1
007caad0	renderware	1
007cab80	renderware	1
007cac60	renderware	1
007caf50	renderware	1
007cb190	renderware	1
007cb240	renderware	1
007cb2a0	renderware	0
007cb2b0	renderware	1
007cb390	renderware	1
007cb540	renderware	1
007cb6a0	renderware	1
007cb828	renderware	1
007cb8b0	renderware	1
007cb929	renderware	1
007cb940	renderware	0
007cb9b0	renderware	1
007cba20	renderware	1
007cba60	renderware	1
007cba80	renderware	1
007cbaa0	renderware	1
007cbb30	renderware	1
007cbb70	renderware	1
007cbc20	renderware	1
007cbd80	renderware	1
007cbe00	renderware	1
007cbf20	renderware	1
007cbf70	crt_lib	0
007cbfd0	crt_lib	0
007cc010	crt_lib	0
007cc020	renderware	0
007cc0c0	renderware	0
007cc100	renderware	0
007cc110	renderware	1
007cc3a0	renderware	0
007cc3b0	renderware	0
007cc430	renderware	0
007cc450	renderware	0
007cc470	renderware	0
007cc4b0	renderware	0
007cc4f0	renderware	0
007cc530	renderware	0
007cc560	renderware	0
007cc600	renderware	0
007cc6a0	renderware	0
007cc740	renderware	0
007cc750	renderware	0
007cc760	renderware	1
007cc810	renderware	1
007cc870	renderware	0
007cc920	renderware	0
007cc9d0	renderware	0
007cc9f0	renderware	0
007cca40	renderware	0
007ccac0	renderware	0
007ccb30	renderware	0
007ccbe0	renderware	0
007ccc50	renderware	1
007ccc80	renderware	0
007ccca0	renderware	0
007cccd0	renderware	1
007ccd10	renderware	1
007ccd40	renderware	0
007ccde0	renderware	0
007cce40	renderware	0
007ccf10	renderware	0
007ccf30	renderware	0
007ccf6c	renderware	1
007cd160	renderware	0
007cd220	renderware	0
007cd410	renderware	0
007cd4d0	renderware	0
007cd4f0	renderware	0
007cd520	renderware	0
007cd590	renderware	0
007cd5a0	renderware	0
007cd660	renderware	0
007cd6f0	renderware	0
007cd710	renderware	0
007cd730	renderware	0
007cd760	renderware	0
007cd8d0	renderware	0
007cdab0	renderware	0
007cdb00	renderware	0
007cdbf0	renderware	0
007cdc50	renderware	0
007cdcb0	renderware	0
007cdcf0	renderware	0
007cdef0	renderware	0
007cdf60	renderware	0
007ce5d0	renderware	1
007ce990	renderware	0
007cec40	renderware	1
007ced40	renderware	0
007ced70	renderware	0
007ced90	renderware	0
007cee50	renderware	0
007cee80	renderware	0
007ceee0	renderware	0
007ceef0	renderware	0
007cef00	crt_lib	0
007cef60	crt_lib	0
007cefb0	renderware	0
007cefe0	renderware	0
007cf060	renderware	0
007cf0c0	renderware	0
007cf130	renderware	0
007cf1f0	renderware	0
007cf240	renderware	0
007cf490	renderware	0
007cf5b0	renderware	0
007cf600	renderware	0
007cf940	renderware	1
007cf960	renderware	1
007cf980	renderware	1
007cf9a0	renderware	1
007cf9b0	renderware	0
007cfde0	renderware	1
007cfe00	renderware	1
007cffa0	renderware	1
007d0250	renderware	1
007d0380	renderware	1
007d03b0	renderware	1
007d0510	renderware	1
007d0560	renderware	1
007d05d0	renderware	1
007d0690	renderware	1
007d06c0	renderware	1
007d0720	renderware	1
007d0940	renderware	1
007d0960	renderware	1
007d0a40	renderware	1
007d0ae0	renderware	1
007d0bf0	renderware	1
007d0c18	eh_funclets	0
007d0c2f	eh_funclets	0
007d0c3c	eh_funclets	0
007d0c49	eh_funclets	0
007d0c56	eh_funclets	0
007d0c6d	renderware	1
007d0df0	renderware	1
007d10e0	renderware	1
007d1100	renderware	1
007d1120	renderware	1
007d1140	renderware	1
007d11a0	renderware	1
007d11d0	renderware	1
007d11e0	renderware	1
007d1200	renderware	1
007d1310	renderware	1
007d1320	renderware	1
007d1340	renderware	1
007d1360	renderware	1
007d1380	renderware	1
007d13b0	renderware	1
007d13e0	renderware	1
007d1440	renderware	1
007d1450	renderware	1
007d1460	renderware	1
007d1470	renderware	1
007d14a0	renderware	1
007d14d0	renderware	1
007d1520	renderware	1
007d1730	renderware	1
007d1800	renderware	1
007d1820	renderware	1
007d1830	renderware	1
007d1870	renderware	1
007d1ae0	renderware	1
007d1be0	renderware	1
007d1c70	renderware	1
007d1cc0	renderware	1
007d1d60	renderware	1
007d1f30	renderware	1
007d1f60	renderware	1
007d20b0	renderware	1
007d2100	renderware	1
007d2130	renderware	1
007d21c0	renderware	1
007d21f0	renderware	1
007d2220	renderware	1
007d2330	renderware	1
007d2410	renderware	1
007d25f0	renderware	1
007d2630	renderware	1
007d26e0	renderware	1
007d2830	renderware	1
007d2970	renderware	1
007d29b0	renderware	1
007d29e0	renderware	1
007d2b00	renderware	1
007d2b20	renderware	1
007d2b70	renderware	1
007d2bc0	renderware	1
007d2be0	renderware	1
007d2c00	renderware	1
007d2c20	renderware	1
007d2c70	renderware	1
007d2ca0	renderware	1
007d2d20	renderware	1
007d2da0	renderware	1
007d2e10	renderware	1
007d2e30	renderware	1
007d2e80	renderware	1
007d2ec0	renderware	1
007d2f40	renderware	1
007d2f70	renderware	1
007d2fb0	renderware	1
007d3010	renderware	1
007d33d0	renderware	1
007d3430	renderware	1
007d3440	renderware	1
007d3450	renderware	1
007d3460	renderware	1
007d3470	renderware	1
007d3480	renderware	1
007d34d0	renderware	1
007d34e0	renderware	1
007d34f0	renderware	1
007d3510	renderware	1
007d3550	renderware	1
007d3590	renderware	1
007d3620	renderware	1
007d3670	renderware	1
007d3690	renderware	1
007d36a0	renderware	1
007d36d0	renderware	1
007d3885	renderware	1
007d38b0	renderware	1
007d3900	renderware	1
007d3970	renderware	1
007d3a4a	eh_funclets	0
007d3a51	eh_funclets	0
007d3a58	eh_funclets	0
007d3a91	renderware	1
007d3ab0	renderware	1
007d3e20	renderware	1
007d3e70	renderware	1
007d3e90	renderware	1
007d42ca	renderware	1
007d42f0	renderware	1
007d4380	renderware	1
007d43e0	renderware	1
007d4660	renderware	1
007d4720	renderware	1
007d4980	renderware	1
007d4990	renderware	1
007d4b80	renderware	1
007d4ba0	renderware	1
007d4bc0	renderware	1
007d4be0	renderware	1
007d4c00	renderware	1
007d4c20	renderware	1
007d4c40	renderware	1
007d4c60	renderware	1
007d4c80	renderware	1
007d4ca0	renderware	1
007d4cc0	renderware	1
007d4cf0	renderware	1
007d4d20	renderware	1
007d4d50	renderware	1
007d4da0	renderware	1
007d4dd0	renderware	1
007d4e00	renderware	1
007d4e30	renderware	1
007d4e60	renderware	1
007d4e80	renderware	1
007d4ea0	renderware	1
007d4ed0	renderware	1
007d4f80	renderware	1
007d5030	renderware	1
007d5060	renderware	1
007d5090	renderware	1
007d50c0	renderware	1
007d5130	renderware	1
007d5160	renderware	1
007d5190	renderware	1
007d5280	renderware	1
007d52d0	renderware	1
007d5390	renderware	1
007d53f0	renderware	1
007d5440	renderware	1
007d5480	renderware	1
007d54b0	renderware	1
007d5500	renderware	1
007d5530	renderware	1
007d55b0	renderware	1
007d55e0	renderware	1
007d5600	renderware	1
007d5620	renderware	1
007d5640	renderware	1
007d5658	eh_funclets	0
007d5666	eh_funclets	0
007d566e	eh_funclets	0
007d56ca	renderware	1
007d56f0	renderware	1
007d5790	renderware	1
007d57a0	renderware	1
007d57b0	renderware	1
007d5fa0	renderware	1
007d5fe0	renderware	1
007d5ff0	renderware	1
007d6000	renderware	1
007d6010	renderware	1
007d6020	renderware	1
007d6030	renderware	1
007d60c0	renderware	1
007d6180	renderware	1
007d61a0	renderware	1
007d6e4a	renderware	1
007d6e70	renderware	1
007d6ff0	renderware	1
007d7470	renderware	1
007d75a0	renderware	1
007d7742	renderware	1
007d7770	renderware	1
007d77c0	renderware	1
007d78c0	renderware	1
007d7990	renderware	1
007d7c00	renderware	1
007d7d40	renderware	1
007d8490	renderware	1
007d84ab	eh_funclets	0
007d84b7	eh_funclets	0
007d84c3	eh_funclets	0
007d84cf	eh_funclets	0
007d84db	eh_funclets	0
007d8520	renderware	1
007d95b0	renderware	1
007d99a0	renderware	1
007d9bd0	renderware	1
007d9f60	renderware	1
007da080	renderware	1
007da850	renderware	1
007da870	renderware	1
007da8c0	renderware	1
007da8f0	renderware	1
007da920	renderware	1
007da940	renderware	1
007da9f0	renderware	1
007daa50	renderware	1
007daa80	renderware	1
007daac0	renderware	1
007dab30	renderware	1
007daf10	renderware	1
007db040	renderware	1
007db100	renderware	1
007db190	renderware	1
007db290	renderware	1
007db350	renderware	1
007db410	renderware	1
007db570	renderware	1
007db810	renderware	1
007db910	renderware	1
007dbb40	renderware	1
007dbcb0	renderware	1
007dc240	renderware	1
007dc4f0	renderware	1
007dc760	renderware	1
007dc9b0	renderware	1
007dcab0	renderware	1
007dcc50	renderware	1
007dcd90	renderware	1
007dd020	renderware	1
007dd130	renderware	1
007dd3a0	renderware	1
007dd500	renderware	1
007dd610	renderware	1
007dd7b0	renderware	1
007ddad0	renderware	1
007ddd10	renderware	1
007de900	renderware	1
007dea80	renderware	1
007dead0	renderware	1
007deb60	renderware	1
007deb80	renderware	1
007debd0	renderware	1
007dec40	renderware	1
007dec70	renderware	1
007deca0	renderware	1
007decc0	renderware	1
007decf0	renderware	1
007ded30	renderware	1
007ded60	renderware	1
007ded70	renderware	1
007deed0	renderware	1
007defe0	renderware	1
007df260	renderware	1
007df370	renderware	1
007df480	renderware	1
007df4b0	renderware	1
007df7b0	renderware	1
007df8b0	renderware	1
007df9c0	renderware	1
007dfa90	renderware	1
007dff00	renderware	1
007dffb0	renderware	1
007e0160	renderware	1
007e03f0	renderware	1
007e0590	renderware	1
007e09b0	renderware	1
007e0b20	renderware	1
007e1090	renderware	1
007e10a0	renderware	1
007e11e0	renderware	1
007e1230	renderware	1
007e1280	renderware	1
007e13f0	renderware	1
007e1410	renderware	1
007e1840	renderware	1
007e18d0	renderware	1
007e19c0	renderware	1
007e19f0	renderware	1
007e1a20	renderware	1
007e1a50	renderware	1
007e1a70	renderware	1
007e1aa0	renderware	1
007e1bf0	renderware	1
007e1c90	renderware	1
007e1f70	renderware	1
007e21ca	renderware	1
007e21f0	renderware	1
007e2600	renderware	1
007e2770	renderware	1
007e2b20	renderware	1
007e2ee0	renderware	1
007e38a0	renderware	1
007e3cf0	renderware	1
007e41a0	renderware	1
007e4500	renderware	1
007e48e0	renderware	1
007e4c40	renderware	1
007e4f60	renderware	1
007e5240	renderware	1
007e5520	renderware	1
007e5a10	renderware	1
007e5e90	renderware	1
007e61d0	renderware	1
007e6370	renderware	1
007e6560	renderware	1
007e6810	renderware	1
007e6870	renderware	1
007e6b90	renderware	1
007e6fc0	renderware	1
007e7181	renderware	1
007e71a0	renderware	1
007e7530	renderware	1
007e7790	renderware	1
007e77a0	renderware	1
007e77c0	renderware	1
007e77e0	renderware	1
007e77f0	renderware	1
007e78b0	renderware	1
007e7a10	renderware	1
007e7d00	renderware	1
007e8260	renderware	1
007e86d0	renderware	1
007e87b0	renderware	1
007e88a0	renderware	1
007e8dc0	renderware	1
007e8e70	renderware	1
007e9280	renderware	1
007e9300	renderware	1
007e9430	renderware	1
007e94b0	renderware	1
007e9570	renderware	1
007ea1c0	renderware	1
007ea250	renderware	1
007ea2a0	renderware	1
007ea2e0	renderware	1
007ea9e0	renderware	1
007eaa00	renderware	1
007eaab0	renderware	1
007eaf60	renderware	1
007eb0f0	renderware	1
007eb120	renderware	1
007eb260	renderware	1
007eb5c0	renderware	0
007eb6a0	renderware	1
007eb700	renderware	1
007eb760	renderware	1
007eb7c0	renderware	0
007eba80	renderware	0
007ebbb0	renderware	0
007ebd10	renderware	0
007ebd50	renderware	1
007ebde0	renderware	1
007ebf00	renderware	1
007ebf40	renderware	1
007ec210	renderware	1
007ec220	renderware	0
007ec5e0	renderware	1
007ec760	renderware	0
007ec780	renderware	1
007ec7e0	renderware	1
007ec810	crt_lib	0
007ec9d0	renderware	0
007ecb30	renderware	0
007ecd00	renderware	0
007ece20	renderware	0
007ecede	renderware	1
007ecef0	renderware	0
007ed0d1	renderware	1
007ed0f0	crt_lib	0
007ed1e0	renderware	1
007ed270	crt_lib	0
007ed2d0	renderware	0
007ed3d0	renderware	0
007ed460	renderware	0
007ed480	renderware	0
007ed4a0	renderware	0
007ed4f0	renderware	0
007ed540	renderware	0
007ed590	renderware	0
007ed5f0	renderware	1
007ed670	renderware	1
007ed730	renderware	1
007ed7d0	renderware	1
007ed880	renderware	1
007ed910	crt_lib	0
007ed9b0	renderware	0
007edac0	renderware	0
007edb30	crt_lib	0
007edb90	crt_lib	0
007edbf0	renderware	0
007edc60	renderware	0
007edd60	renderware	0
007edd90	renderware	0
007eddc0	renderware	0
007eddf0	renderware	0
007ede20	renderware	1
007ede90	renderware	1
007ee0b0	renderware	1
007ee0f0	renderware	0
007ee110	renderware	1
007ee180	renderware	0
007ee190	renderware	0
007ee1a0	renderware	0
007ee1d0	renderware	0
007ee200	renderware	1
007ee2a0	renderware	0
007ee2d0	renderware	0
007ee340	renderware	0
007ee370	renderware	0
007ee3a0	renderware	0
007ee410	renderware	0
007ee450	renderware	0
007ee480	renderware	0
007ee4a0	renderware	0
007ee4b0	renderware	0
007ee4f0	renderware	0
007ee5a0	renderware	1
007ee740	renderware	1
007eede0	renderware	1
007ef1f0	renderware	1
007ef340	renderware	1
007ef370	renderware	1
007ef3b0	renderware	0
007ef450	renderware	0
007ef520	renderware	0
007ef550	renderware	0
007ef6b0	renderware	0
007ef810	renderware	0
007ef900	renderware	0
007ef9d0	renderware	0
007ef9e0	renderware	0
007ef9fd	eh_funclets	0
007efa11	eh_funclets	0
007efa25	eh_funclets	0
007efa3a	eh_funclets	0
007efa4e	eh_funclets	0
007efa62	eh_funclets	0
007efac0	renderware	0
007efb10	renderware	0
007efdd0	crt_lib	0
007efde0	renderware	1
007efe20	renderware	1
007efed0	renderware	0
007efef0	renderware	1
007eff70	renderware	1
007effb0	crt_lib	0
007f0050	renderware	1
007f01a0	crt_lib	0
007f0210	renderware	1
007f0250	renderware	0
007f0340	renderware	0
007f0360	renderware	1
007f0410	renderware	0
007f0450	crt_lib	0
007f0470	renderware	1
007f05a0	renderware	0
007f06f0	crt_lib	0
007f0830	renderware	1
007f08a0	renderware	0
007f0910	renderware	0
007f0990	renderware	0
007f09b0	renderware	0
007f09c0	renderware	0
007f0b00	renderware	0
007f0cd0	renderware	0
007f0dc0	renderware	0
007f0e00	renderware	0
007f0e30	renderware	0
007f0ed0	renderware	0
007f0f70	renderware	0
007f1010	renderware	0
007f10b0	renderware	0
007f1170	renderware	0
007f1200	renderware	0
007f1240	renderware	1
007f1260	renderware	0
007f1290	renderware	0
007f12b0	renderware	0
007f12c0	renderware	1
007f12f0	renderware	1
007f1430	renderware	1
007f1450	crt_lib	0
007f14a0	crt_lib	0
007f1500	crt_lib	0
007f1590	crt_lib	0
007f1660	renderware	1
007f16a0	renderware	0
007f16c0	renderware	1
007f1780	renderware	0
007f17b0	renderware	0
007f17e0	renderware	0
007f18a0	renderware	0
007f18b0	renderware	0
007f1930	renderware	1
007f1d00	renderware	0
007f1fd0	renderware	0
007f2070	renderware	0
007f2160	renderware	1
007f22c0	renderware	0
007f2450	renderware	0
007f25a0	renderware	0
007f2720	renderware	0
007f2930	renderware	1
007f2a20	renderware	0
007f2a50	renderware	0
007f2ab0	renderware	0
007f2b90	renderware	1
007f2ba0	renderware	0
007f2bb0	renderware	0
007f2be0	renderware	0
007f2c00	renderware	0
007f2c30	renderware	0
007f2c60	renderware	0
007f2c90	renderware	0
007f2cc0	renderware	0
007f2cf0	renderware	0
007f2d20	renderware	0
007f2d50	renderware	0
007f2d80	renderware	0
007f2db0	renderware	0
007f2de0	renderware	0
007f2e10	renderware	0
007f2e20	renderware	0
007f2e70	renderware	0
007f2f00	renderware	0
007f2f70	renderware	0
007f3130	renderware	0
007f3170	renderware	0
007f3490	renderware	1
007f34b0	renderware	1
007f34d0	renderware	0
007f34f0	renderware	0
007f3500	renderware	0
007f3520	renderware	0
007f3530	renderware	0
007f3550	renderware	0
007f3560	renderware	0
007f3580	renderware	0
007f3590	crt_lib	0
007f35c0	crt_lib	0
007f35d0	renderware	0
007f3600	renderware	0
007f36a0	renderware	0
007f3730	renderware	0
007f3770	renderware	0
007f37c0	renderware	0
007f3820	renderware	0
007f38a0	renderware	0
007f3910	renderware	0
007f3980	renderware	0
007f39c0	renderware	0
007f39f0	renderware	0
007f3a70	renderware	0
007f3a90	renderware	0
007f3aa0	renderware	0
007f3ac0	renderware	1
007f3bb0	renderware	0
007f3be0	renderware	0
007f3c00	renderware	0
007f3c10	renderware	0
007f3c40	renderware	0
007f3c60	renderware	0
007f3c70	renderware	0
007f3c90	renderware	0
007f3ca0	renderware	0
007f3cc0	renderware	0
007f3cd0	renderware	0
007f3d00	renderware	1
007f3e60	renderware	1
007f3e80	renderware	0
007f3ea0	renderware	1
007f4080	renderware	1
007f40f0	renderware	1
007f44c0	renderware	1
007f4690	renderware	1
007f4ae0	renderware	1
007f5140	renderware	1
007f53d0	renderware	1
007f5500	renderware	0
007f56a0	renderware	0
007f57f0	renderware	0
007f5800	renderware	1
007f5840	renderware	1
007f58d0	renderware	1
007f5940	renderware	1
007f5a00	renderware	0
007f5ae0	renderware	0
007f5b10	renderware	0
007f5c90	renderware	0
007f5cb0	renderware	1
007f5d20	renderware	1
007f5ef0	renderware	1
007f5f20	renderware	1
007f5f70	renderware	1
007f6b00	renderware	1
007f6b40	renderware	1
007f6bf0	renderware	1
007f6cb0	renderware	1
007f7100	renderware	1
007f72e0	renderware	1
007f7530	renderware	1
007f7540	renderware	1
007f7730	renderware	1
007f7f70	renderware	1
007f8160	renderware	1
007f81e5	eh_funclets	0
007f81ec	eh_funclets	0
007f81f3	eh_funclets	0
007f8300	renderware	1
007f84e0	renderware	0
007f84f0	renderware	0
007f8580	renderware	0
007f8620	renderware	0
007f8630	renderware	0
007f8640	renderware	0
007f8a90	renderware	0
007f8d70	renderware	0
007f8f20	renderware	1
007f98d0	renderware	1
007f99b0	renderware	1
007f9c20	renderware	1
007f9c30	renderware	0
007f9d30	renderware	0
007f9d40	renderware	0
007f9d50	renderware	0
007f9e80	renderware	0
007f9e90	renderware	0
007f9f30	crt_lib	0
007f9f70	crt_lib	0
007f9fb0	crt_lib	0
007f9ff0	crt_lib	0
007fa030	renderware	0
007fa090	crt_lib	0
007fa1c0	crt_lib	0
007fa1f0	crt_lib	0
007fa290	crt_lib	0
007fa320	crt_lib	0
007fa360	crt_lib	0
007fa390	renderware	0
007fa4f0	renderware	0
007fa520	renderware	0
007fa660	renderware	0
007fa750	renderware	1
007fa820	renderware	0
007fa860	renderware	0
007fa8b0	renderware	1
007fa9b0	renderware	1
007faa00	renderware	1
007faa30	renderware	0
007fac10	renderware	0
007fac60	renderware	1
007fac90	renderware	0
007faca0	crt_lib	0
007facc0	renderware	0
007facf0	renderware	0
007fad00	crt_lib	0
007fad20	renderware	0
007fad30	renderware	0
007fad90	renderware	0
007fae20	crt_lib	0
007fae30	crt_lib	0
007fae40	renderware	0
007fae60	renderware	0
007fae80	renderware	0
007faea0	renderware	0
007faec0	renderware	0
007faee0	renderware	0
007faf40	renderware	1
007faf50	renderware	0
007faf90	renderware	0
007fafb0	renderware	0
007faff0	renderware	0
007fb020	renderware	0
007fb060	renderware	0
007fb0b0	renderware	0
007fb0e0	renderware	0
007fb110	renderware	0
007fb160	renderware	0
007fb1a0	renderware	0
007fb1d0	renderware	0
007fb230	renderware	0
007fb2d0	renderware	0
007fb310	renderware	1
007fb350	renderware	0
007fb370	renderware	1
007fb480	renderware	1
007fb5f0	renderware	1
007fb650	renderware	1
007fb810	renderware	1
007fb8e0	renderware	1
007fbb00	renderware	1
007fbd16	renderware	1
007fbd30	renderware	1
007fc200	crt_lib	0
007fc2d0	renderware	0
007fc320	renderware	0
007fc340	renderware	0
007fc3a0	renderware	0
007fc3c0	renderware	0
007fc400	renderware	0
007fc430	renderware	0
007fc4a0	renderware	0
007fc4d0	renderware	0
007fcac0	renderware	1
007fd100	renderware	1
007fd810	renderware	1
007fda90	renderware	1
007fdb00	renderware	1
007fdb40	renderware	1
007fdb80	renderware	1
007fdc30	renderware	1
007fdc80	renderware	1
007fdcd0	renderware	1
007fde50	renderware	1
007fde60	renderware	1
007fde70	renderware	0
007fe0a0	crt_lib	0
007fe190	crt_lib	0
007fe1a0	renderware	1
007fe1f0	renderware	1
007fe240	renderware	1
007fe290	renderware	1
007fe2e0	renderware	1
007fe330	renderware	1
007fe380	renderware	1
007fe3d0	renderware	1
007fe420	renderware	1
007fea70	renderware	1
007feb70	renderware	1
007fec70	renderware	1
007fecc0	renderware	1
007fed00	renderware	1
007fed50	renderware	1
007fed70	renderware	1
007fee20	renderware	1
007ff070	renderware	1
007ff270	renderware	1
007ff450	renderware	1
007ff8c0	renderware	1
007ffbe0	renderware	1
007ffc10	renderware	1
007ffc40	renderware	1
007ffc70	renderware	1
007ffcb0	renderware	1
007ffd00	renderware	1
007ffd30	renderware	1
007ffd60	renderware	1
007ffd90	renderware	1
007ffdb0	renderware	1
007ffdd0	renderware	1
007ffdf0	renderware	1
007ffe20	renderware	1
007ffe50	renderware	1
007ffe70	renderware	1
007ffe90	renderware	1
007ffec0	renderware	1
007ffee0	renderware	1
007fff00	renderware	1
007ffff0	renderware	1
008001e0	renderware	1
00800810	renderware	1
00800930	renderware	1
00800960	renderware	1
00800990	renderware	1
008009d0	renderware	1
00800a10	renderware	1
00800a40	renderware	1
00800a70	renderware	1
00800aa0	renderware	1
00800ad0	renderware	1
00800b00	renderware	1
00800b30	renderware	1
00800b60	renderware	1
00800b70	renderware	1
00800bd0	renderware	1
00800c20	renderware	1
00800c80	renderware	1
00801390	renderware	1
00801970	renderware	1
00801980	crt_lib	0
008019b0	renderware	1
00801b80	renderware	0
00801c10	renderware	0
00801c20	renderware	0
00801c30	renderware	1
00801d50	renderware	1
00801e00	renderware	0
00801e90	renderware	0
00801f90	renderware	0
00801fd0	renderware	1
008020a0	renderware	1
008020b0	renderware	1
008020d0	renderware	1
008020f0	renderware	1
00802230	renderware	0
00802240	renderware	1
00802260	renderware	1
00802280	renderware	1
008024e0	renderware	1
00802620	renderware	1
00802680	renderware	1
008026e0	renderware	0
00802740	renderware	0
008027a0	renderware	0
00802860	renderware	0
00802890	renderware	1
00802a20	renderware	0
00802af0	renderware	0
00802ea0	renderware	0
00802f60	renderware	1
00802f70	renderware	1
00802fd0	renderware	0
008030c0	renderware	1
00803210	renderware	1
008032d0	renderware	1
00803310	renderware	1
00803340	renderware	1
008033e0	renderware	1
00803530	renderware	1
008035c0	renderware	0
00803740	renderware	1
00803760	renderware	1
00803790	renderware	1
00803840	renderware	1
00803950	renderware	1
00803b30	renderware	1
00803b60	renderware	1
00803b80	renderware	1
00803b90	renderware	1
00803bc0	renderware	1
00803d00	renderware	1
00803dd0	renderware	1
00803e30	renderware	0
00803fc0	renderware	1
00803fe0	renderware	0
00804130	renderware	0
00804140	renderware	1
00804200	renderware	1
00804240	renderware	1
00804250	renderware	0
00804290	renderware	0
008042c0	renderware	0
00804330	renderware	1
008043f0	renderware	0
008044e0	renderware	0
00804550	renderware	0
00804580	renderware	0
008045a0	renderware	0
008045e0	renderware	0
008046e0	renderware	0
008048e0	renderware	0
00804910	renderware	0
00804930	renderware	0
00804990	renderware	1
008049f0	renderware	0
00804b60	renderware	1
00804b70	renderware	1
00804c30	renderware	0
00804e40	renderware	1
00804e60	crt_lib	0
00804ef0	crt_lib	0
00804f40	crt_lib	0
00804f60	crt_lib	0
00804fc0	renderware	0
00804fe0	crt_lib	0
008050c0	renderware	1
008052f0	renderware	0
00805300	renderware	0
00805330	renderware	0
00805340	renderware	0
008053a0	renderware	0
00805400	renderware	0
00805470	renderware	0
008054c0	renderware	0
008054f0	renderware	0
008055c0	renderware	0
008055d0	renderware	0
008055f0	renderware	0
00805670	renderware	1
00805680	renderware	0
008056b0	renderware	0
008056c0	renderware	0
008056e0	renderware	0
008056f0	renderware	0
00805710	renderware	0
008057b0	renderware	0
00805820	crt_lib	0
00805890	renderware	1
008058f0	renderware	1
00805950	renderware	1
008059c0	renderware	0
00805a20	renderware	1
00805d10	renderware	0
00805d70	renderware	0
00805da0	renderware	0
00805db0	renderware	0
00805e20	renderware	0
00805ea0	renderware	0
00805f30	renderware	0
00805f40	renderware	0
008064d0	renderware	1
008065e0	renderware	1
008067b0	renderware	1
00806990	renderware	0
00806ac0	renderware	0
00806b30	renderware	0
00806bc0	renderware	0
00806be0	renderware	1
00806de0	renderware	1
00806f20	renderware	0
00807040	renderware	0
00807070	renderware	0
008070d0	renderware	0
00807100	renderware	0
00807170	renderware	0
008071b0	renderware	0
00807570	renderware	0
00807580	renderware	0
008075b0	renderware	0
008075d0	crt_lib	0
008076a0	renderware	1
008076e0	crt_lib	0
00807720	crt_lib	0
00807750	crt_lib	0
008077a0	crt_lib	0
00807970	crt_lib	0
00807c10	renderware	1
00807c40	renderware	1
00807c60	renderware	1
00807c70	renderware	1
00807c80	renderware	1
00807c90	renderware	1
00807d80	renderware	1
00807de0	renderware	0
00807e50	crt_lib	0
00807ed0	renderware	0
00808080	renderware	1
008080c0	renderware	0
008081b0	renderware	0
008081c0	renderware	0
008081f0	renderware	0
008082e0	renderware	1
00808320	renderware	1
008083f0	renderware	1
00808430	crt_lib	0
00808470	crt_lib	0
008084a0	crt_lib	0
008086b0	renderware	1
008086c0	renderware	1
008086d0	renderware	1
008086e0	crt_lib	0
00808740	crt_lib	0
00808770	crt_lib	0
008087b0	renderware	0
008087d0	renderware	1
00808810	renderware	1
00808820	renderware	0
00808880	renderware	0
008088d0	renderware	1
008088e0	crt_lib	0
00808920	crt_lib	0
00808950	crt_lib	0
00808980	crt_lib	0
00808ab0	crt_lib	0
00808b00	crt_lib	0
00808b40	crt_lib	0
00808c10	crt_lib	0
00808c90	renderware	0
00808cc0	renderware	0
00808ce0	renderware	0
00808d00	renderware	0
00808de0	renderware	0
00808ef0	renderware	0
00808f60	renderware	0
00809020	renderware	0
00809060	renderware	0
008090e0	renderware	0
00809160	crt_lib	0
00809230	renderware	1
00809240	crt_lib	0
008092f0	renderware	1
008093b0	renderware	1
00809400	crt_lib	0
00809410	renderware	1
00809430	renderware	1
00809440	crt_lib	0
00809490	renderware	1
008094b0	crt_lib	0
008094c0	renderware	1
00809510	crt_lib	0
00809530	crt_lib	0
00809540	crt_lib	0
00809550	crt_lib	0
00809700	renderware	1
00809780	renderware	1
008097d0	crt_lib	0
00809850	renderware	1
008098b0	renderware	0
008099f0	renderware	1
00809aa0	renderware	0
00809bf0	renderware	1
00809c70	renderware	1
00809d10	renderware	0
00809ec0	crt_lib	0
00809f30	renderware	0
00809f90	renderware	0
0080a0a0	renderware	1
0080a110	renderware	1
0080a140	renderware	1
0080a1a0	renderware	1
0080a240	crt_lib	0
0080a350	renderware	1
0080a3a0	renderware	1
0080a3d0	renderware	1
0080a400	renderware	1
0080a420	renderware	1
0080a440	crt_lib	0
0080a450	crt_lib	0
0080a470	crt_lib	0
0080a4a0	crt_lib	0
0080a510	crt_lib	0
0080a780	renderware	1
0080a7e0	renderware	1
0080a810	renderware	1
0080a830	renderware	1
0080a870	renderware	1
0080a8a0	renderware	1
0080a920	renderware	1
0080a930	renderware	1
0080a9a0	renderware	1
0080a9d0	renderware	1
0080a9f0	renderware	1
0080aa40	renderware	1
0080aa50	renderware	1
0080aa60	renderware	1
0080aa70	renderware	1
0080aa80	renderware	0
0080ad90	renderware	1
0080aed0	renderware	1
0080af60	renderware	0
0080b490	renderware	1
0080b5d0	renderware	1
0080b730	renderware	1
0080b910	renderware	1
0080ba30	renderware	1
0080bca0	renderware	1
0080be60	renderware	1
0080beb0	renderware	1
0080bf20	renderware	0
0080c430	renderware	1
0080c470	renderware	0
0080c520	renderware	0
0080c5a0	renderware	1
0080c600	renderware	0
0080ca20	renderware	1
0080cd10	renderware	0
0080ce10	renderware	1
0080cf80	renderware	1
0080d070	renderware	1
0080d100	renderware	1
0080d180	renderware	1
0080d210	renderware	1
0080d280	renderware	1
0080d300	renderware	1
0080d370	renderware	1
0080d3e0	renderware	1
0080d440	renderware	1
0080d4e0	renderware	1
0080d570	renderware	1
0080d600	renderware	1
0080d680	renderware	1
0080dbe0	renderware	1
0080dc40	renderware	1
0080dca0	renderware	1
0080dd00	renderware	1
0080dd90	renderware	1
0080dfb0	renderware	1
0080e020	renderware	1
0080e270	renderware	1
0080e425	eh_funclets	0
0080e42f	eh_funclets	0
0080e438	eh_funclets	0
0080e449	eh_funclets	0
0080e456	renderware	1
0080e7d8	eh_funclets	0
0080e7e2	eh_funclets	0
0080e7eb	eh_funclets	0
0080e7fc	eh_funclets	0
0080e80d	renderware	1
0080e970	renderware	1
0080e990	renderware	1
0080e9a0	renderware	1
0080e9b0	renderware	1
0080e9e0	renderware	1
0080ea40	renderware	0
0080eb30	renderware	1
0080eb80	renderware	1
0080ec60	renderware	1
0080ecb0	renderware	1
0080ee30	renderware	1
0080efa0	renderware	1
0080f070	crt_lib	0
0080f0d0	renderware	1
0080f460	renderware	1
0080f4b0	renderware	1
0080f540	renderware	1
0080f570	renderware	1
0080f690	renderware	1
0080f970	renderware	1
0080fba0	renderware	1
0080fc30	renderware	1
0080ffb0	renderware	1
0080ffe0	renderware	1
00810029	renderware	1
00810030	renderware	1
00810040	renderware	1
008100c0	renderware	1
00810140	renderware	1
008101cb	renderware	1
008101f0	renderware	1
00810204	renderware	1
00810330	renderware	1
008103d0	renderware	1
00810630	renderware	1
00810700	renderware	0
00810720	renderware	1
00810770	renderware	1
00810810	renderware	1
00810830	renderware	1
00810aa0	renderware	0
00810bb0	renderware	1
00810bf0	renderware	1
00810c40	renderware	1
00810c60	renderware	1
00810ca0	renderware	1
00810d09	renderware	1
00810d20	renderware	1
00811150	renderware	1
008111a0	renderware	1
008111f0	renderware	1
00811410	renderware	1
00811970	renderware	1
00811a00	renderware	1
00811a20	renderware	1
00811a40	renderware	1
00811a60	renderware	1
00811a90	renderware	1
00811ae0	renderware	1
00811b00	renderware	1
00811b20	renderware	1
00811b40	renderware	1
00811b60	renderware	1
00811b90	renderware	1
00811be0	renderware	1
00811c00	renderware	0
00811c30	renderware	0
00811c40	renderware	0
00811c70	renderware	0
00811c80	renderware	0
00811e00	renderware	0
00811ed0	renderware	0
00812040	renderware	0
00812140	renderware	0
00812160	renderware	0
00812320	renderware	0
00812380	renderware	0
008123e0	renderware	0
00812430	renderware	0
00812480	renderware	0
008124d0	renderware	0
00812530	renderware	0
008125b0	renderware	0
00812610	renderware	0
00812680	renderware	0
008126f0	renderware	0
00812740	renderware	0
00812790	renderware	0
008127e0	renderware	0
00812830	renderware	0
008128c0	renderware	0
00812930	renderware	0
00812980	renderware	0
008129e0	renderware	0
00812a50	renderware	0
00812ac0	quicktime_glue	0
00812c90	quicktime_glue	0
00812d40	quicktime_glue	0
00813a10	quicktime_glue	0
00814270	quicktime_glue	0
00814460	quicktime_glue	0
008149e0	quicktime_glue	0
00815c20	quicktime_glue	0
00815e30	quicktime_glue	0
00815e60	quicktime_glue	0
008160a0	quicktime_glue	0
00816120	quicktime_glue	0
00816190	quicktime_glue	0
00816260	quicktime_glue	0
00816270	quicktime_glue	0
00816280	quicktime_glue	0
00816290	quicktime_glue	0
008162f0	renderware	0
00816310	quicktime_glue	0
00816a80	quicktime_glue	0
008172f0	quicktime_glue	0
00817508	renderware	1
00818020	renderware	1
00818041	renderware	1
008180d0	quicktime_glue	0
008180f0	quicktime_glue	0
00818110	quicktime_glue	0
00818130	quicktime_glue	0
00818150	quicktime_glue	0
00818170	quicktime_glue	0
00818190	quicktime_glue	0
008181b0	quicktime_glue	0
008181d0	quicktime_glue	0
008181f0	quicktime_glue	0
00818210	quicktime_glue	0
00818230	quicktime_glue	0
00818250	quicktime_glue	0
00818270	quicktime_glue	0
00818290	quicktime_glue	0
008182b0	quicktime_glue	0
008182d0	quicktime_glue	0
008182f0	quicktime_glue	0
00818310	quicktime_glue	0
00818330	quicktime_glue	0
00818350	quicktime_glue	0
00818370	quicktime_glue	0
00818390	quicktime_glue	0
008183b0	quicktime_glue	0
008183d0	quicktime_glue	0
008183f0	quicktime_glue	0
00818410	quicktime_glue	0
00818430	quicktime_glue	0
00818450	quicktime_glue	0
00818470	quicktime_glue	0
00818490	quicktime_glue	0
008184b0	quicktime_glue	0
008184d0	quicktime_glue	0
008184f0	quicktime_glue	0
00818510	quicktime_glue	0
00818530	quicktime_glue	0
00818550	quicktime_glue	0
00818570	quicktime_glue	0
00818590	quicktime_glue	0
008185b0	quicktime_glue	0
008185d0	quicktime_glue	0
008185f0	quicktime_glue	0
00818610	quicktime_glue	0
00818630	quicktime_glue	0
00818650	quicktime_glue	0
00818670	quicktime_glue	0
00818690	quicktime_glue	0
008186b0	quicktime_glue	0
008186d0	quicktime_glue	0
008186f0	quicktime_glue	0
00818710	quicktime_glue	0
00818730	quicktime_glue	0
00818750	quicktime_glue	0
00818770	quicktime_glue	0
00818790	quicktime_glue	0
008187b0	quicktime_glue	0
008187d0	quicktime_glue	0
008187f0	quicktime_glue	0
00818810	quicktime_glue	0
00818830	quicktime_glue	0
00818850	quicktime_glue	0
00818870	quicktime_glue	0
00818890	quicktime_glue	0
008188b0	quicktime_glue	0
008188d0	quicktime_glue	0
008188f0	quicktime_glue	0
00818910	quicktime_glue	0
00818930	quicktime_glue	0
00818950	quicktime_glue	0
00818970	quicktime_glue	0
00818990	quicktime_glue	0
008189b0	quicktime_glue	0
008189d0	quicktime_glue	0
008189f0	quicktime_glue	0
00818a10	quicktime_glue	0
00818a30	quicktime_glue	0
00818a50	quicktime_glue	0
00818a70	quicktime_glue	0
00818a90	quicktime_glue	0
00818ab0	quicktime_glue	0
00818ad0	quicktime_glue	0
00818b00	quicktime_glue	0
00818b10	quicktime_glue	0
00818b30	quicktime_glue	0
00818b50	quicktime_glue	0
00818b70	quicktime_glue	0
00818b90	quicktime_glue	0
00818bb0	quicktime_glue	0
00818bd0	quicktime_glue	0
00818bf0	quicktime_glue	0
00818c10	quicktime_glue	0
00818c30	quicktime_glue	0
00818c50	quicktime_glue	0
00818c70	quicktime_glue	0
00818c90	quicktime_glue	0
00818cb0	quicktime_glue	0
00818cd0	quicktime_glue	0
00818cf0	quicktime_glue	0
00818d10	quicktime_glue	0
00818d30	quicktime_glue	0
00818d50	quicktime_glue	0
00818d70	quicktime_glue	0
00818d90	quicktime_glue	0
00818db0	quicktime_glue	0
00818dd0	quicktime_glue	0
00818df0	quicktime_glue	0
00818e10	quicktime_glue	0
00818e30	quicktime_glue	0
00818e50	quicktime_glue	0
00818e70	quicktime_glue	0
00818e90	quicktime_glue	0
00818eb0	quicktime_glue	0
00818ed0	quicktime_glue	0
00818ef0	quicktime_glue	0
00818f10	quicktime_glue	0
00818f30	quicktime_glue	0
00818f50	quicktime_glue	0
00818f70	quicktime_glue	0
00818f90	quicktime_glue	0
00818fb0	quicktime_glue	0
00818fd0	quicktime_glue	0
00818ff0	quicktime_glue	0
00819010	quicktime_glue	0
00819030	quicktime_glue	0
00819050	quicktime_glue	0
00819070	quicktime_glue	0
00819090	quicktime_glue	0
008190b0	quicktime_glue	0
008190d0	quicktime_glue	0
008190f0	quicktime_glue	0
00819110	quicktime_glue	0
00819130	quicktime_glue	0
00819150	quicktime_glue	0
00819170	quicktime_glue	0
00819190	quicktime_glue	0
008191b0	quicktime_glue	0
008191d0	quicktime_glue	0
008191f0	quicktime_glue	0
00819210	quicktime_glue	0
00819230	quicktime_glue	0
00819250	quicktime_glue	0
00819270	quicktime_glue	0
00819290	quicktime_glue	0
008192b0	quicktime_glue	0
008192d0	quicktime_glue	0
008192f0	quicktime_glue	0
00819310	quicktime_glue	0
00819330	quicktime_glue	0
00819350	quicktime_glue	0
00819370	quicktime_glue	0
00819390	quicktime_glue	0
008193b0	quicktime_glue	0
008193d0	quicktime_glue	0
008193f0	quicktime_glue	0
00819410	quicktime_glue	0
00819430	quicktime_glue	0
00819450	quicktime_glue	0
00819470	quicktime_glue	0
00819490	quicktime_glue	0
008194d0	quicktime_glue	0
008194e0	quicktime_glue	0
00819500	quicktime_glue	0
00819520	quicktime_glue	0
008195c0	quicktime_glue	0
00819700	quicktime_glue	0
00819820	quicktime_glue	0
00819840	audio	0
00819860	quicktime_glue	0
00819880	quicktime_glue	0
008198a0	quicktime_glue	0
008198c0	quicktime_glue	0
008198e0	quicktime_glue	0
00819900	quicktime_glue	0
00819920	quicktime_glue	0
00819940	quicktime_glue	0
00819960	quicktime_glue	0
00819980	quicktime_glue	0
008199a0	quicktime_glue	0
008199c0	quicktime_glue	0
008199e0	quicktime_glue	0
00819a00	quicktime_glue	0
00819a20	quicktime_glue	0
00819a40	quicktime_glue	0
00819a60	quicktime_glue	0
00819a80	quicktime_glue	0
00819aa0	quicktime_glue	0
00819ac0	quicktime_glue	0
00819ae0	quicktime_glue	0
00819b00	quicktime_glue	0
00819b20	quicktime_glue	0
00819b40	quicktime_glue	0
00819b60	quicktime_glue	0
00819b80	quicktime_glue	0
00819ba0	quicktime_glue	0
00819bc0	quicktime_glue	0
00819be0	quicktime_glue	0
00819c00	quicktime_glue	0
00819c20	quicktime_glue	0
00819c40	quicktime_glue	0
00819c60	quicktime_glue	0
00819c80	quicktime_glue	0
00819ca0	quicktime_glue	0
00819cc0	quicktime_glue	0
00819ce0	quicktime_glue	0
00819d00	quicktime_glue	0
00819d20	quicktime_glue	0
00819d40	quicktime_glue	0
00819d60	quicktime_glue	0
00819d80	quicktime_glue	0
00819da0	quicktime_glue	0
00819dc0	quicktime_glue	0
00819de0	quicktime_glue	0
00819e00	quicktime_glue	0
00819e20	quicktime_glue	0
00819e40	quicktime_glue	0
00819e60	quicktime_glue	0
00819e80	quicktime_glue	0
00819ea0	quicktime_glue	0
00819ec0	quicktime_glue	0
00819ee0	quicktime_glue	0
00819f00	quicktime_glue	0
00819f20	quicktime_glue	0
00819f40	quicktime_glue	0
00819f60	quicktime_glue	0
00819f80	quicktime_glue	0
00819fa0	quicktime_glue	0
00819fc0	quicktime_glue	0
00819fe0	quicktime_glue	0
0081a000	quicktime_glue	0
0081a020	quicktime_glue	0
0081a040	quicktime_glue	0
0081a060	quicktime_glue	0
0081a080	quicktime_glue	0
0081a0a0	quicktime_glue	0
0081a0c0	quicktime_glue	0
0081a0e0	quicktime_glue	0
0081a100	quicktime_glue	0
0081a120	quicktime_glue	0
0081a140	quicktime_glue	0
0081a160	quicktime_glue	0
0081a180	quicktime_glue	0
0081a1a0	quicktime_glue	0
0081a1c0	quicktime_glue	0
0081a1e0	quicktime_glue	0
0081a200	quicktime_glue	0
0081a220	quicktime_glue	0
0081a240	quicktime_glue	0
0081a260	quicktime_glue	0
0081a280	quicktime_glue	0
0081a2a0	quicktime_glue	0
0081a2c0	quicktime_glue	0
0081a2e0	quicktime_glue	0
0081a300	quicktime_glue	0
0081a320	quicktime_glue	0
0081a340	quicktime_glue	0
0081a360	quicktime_glue	0
0081a380	quicktime_glue	0
0081a3a0	quicktime_glue	0
0081a3c0	quicktime_glue	0
0081a3e0	quicktime_glue	0
0081a400	quicktime_glue	0
0081a420	quicktime_glue	0
0081a440	quicktime_glue	0
0081a460	quicktime_glue	0
0081a480	quicktime_glue	0
0081a4a0	quicktime_glue	0
0081a4c0	quicktime_glue	0
0081a4e0	quicktime_glue	0
0081a500	quicktime_glue	0
0081a520	quicktime_glue	0
0081a540	quicktime_glue	0
0081a560	quicktime_glue	0
0081a580	quicktime_glue	0
0081a5a0	quicktime_glue	0
0081a5c0	quicktime_glue	0
0081a5e0	quicktime_glue	0
0081a600	quicktime_glue	0
0081a620	quicktime_glue	0
0081a640	quicktime_glue	0
0081a660	quicktime_glue	0
0081a680	quicktime_glue	0
0081a6a0	quicktime_glue	0
0081a6c0	quicktime_glue	0
0081a6e0	quicktime_glue	0
0081a700	quicktime_glue	0
0081a720	quicktime_glue	0
0081a740	quicktime_glue	0
0081a760	quicktime_glue	0
0081a780	quicktime_glue	0
0081a7a0	quicktime_glue	0
0081a7c0	quicktime_glue	0
0081a7e0	quicktime_glue	0
0081a800	quicktime_glue	0
0081a820	quicktime_glue	0
0081a840	quicktime_glue	0
0081a860	quicktime_glue	0
0081a880	quicktime_glue	0
0081a8a0	quicktime_glue	0
0081a8c0	quicktime_glue	0
0081a8e0	quicktime_glue	0
0081a900	quicktime_glue	0
0081a920	quicktime_glue	0
0081a940	quicktime_glue	0
0081a960	quicktime_glue	0
0081a980	quicktime_glue	0
0081a9a0	quicktime_glue	0
0081a9c0	quicktime_glue	0
0081a9e0	quicktime_glue	0
0081aa00	quicktime_glue	0
0081aa20	quicktime_glue	0
0081aa40	quicktime_glue	0
0081aa60	quicktime_glue	0
0081aa80	quicktime_glue	0
0081aaa0	quicktime_glue	0
0081aac0	quicktime_glue	0
0081aae0	quicktime_glue	0
0081ab00	quicktime_glue	0
0081ab20	quicktime_glue	0
0081ab40	quicktime_glue	0
0081ab60	quicktime_glue	0
0081ab80	quicktime_glue	0
0081aba0	quicktime_glue	0
0081abc0	quicktime_glue	0
0081abe0	quicktime_glue	0
0081ac00	quicktime_glue	0
0081ac20	quicktime_glue	0
0081ac40	quicktime_glue	0
0081ac60	quicktime_glue	0
0081ac80	quicktime_glue	0
0081aca0	quicktime_glue	0
0081acc0	quicktime_glue	0
0081ace0	quicktime_glue	0
0081ad00	quicktime_glue	0
0081ad20	quicktime_glue	0
0081ad40	quicktime_glue	0
0081ad60	quicktime_glue	0
0081ad80	quicktime_glue	0
0081ada0	quicktime_glue	0
0081adc0	quicktime_glue	0
0081ade0	quicktime_glue	0
0081ae00	quicktime_glue	0
0081ae20	quicktime_glue	0
0081ae40	quicktime_glue	0
0081ae60	quicktime_glue	0
0081ae80	quicktime_glue	0
0081aea0	quicktime_glue	0
0081aec0	quicktime_glue	0
0081aee0	quicktime_glue	0
0081af00	quicktime_glue	0
0081af20	quicktime_glue	0
0081af40	quicktime_glue	0
0081af60	quicktime_glue	0
0081af80	quicktime_glue	0
0081afa0	quicktime_glue	0
0081afc0	quicktime_glue	0
0081afe0	quicktime_glue	0
0081b000	quicktime_glue	0
0081b020	quicktime_glue	0
0081b040	quicktime_glue	0
0081b060	quicktime_glue	0
0081b080	quicktime_glue	0
0081b0a0	quicktime_glue	0
0081b0c0	quicktime_glue	0
0081b0e0	quicktime_glue	0
0081b100	quicktime_glue	0
0081b120	quicktime_glue	0
0081b140	quicktime_glue	0
0081b160	quicktime_glue	0
0081b180	quicktime_glue	0
0081b1a0	quicktime_glue	0
0081b1c0	quicktime_glue	0
0081b1e0	quicktime_glue	0
0081b200	quicktime_glue	0
0081b220	quicktime_glue	0
0081b240	quicktime_glue	0
0081b260	quicktime_glue	0
0081b280	quicktime_glue	0
0081b2a0	quicktime_glue	0
0081b2c0	quicktime_glue	0
0081b2e0	quicktime_glue	0
0081b300	quicktime_glue	0
0081b320	quicktime_glue	0
0081b340	quicktime_glue	0
0081b360	quicktime_glue	0
0081b380	quicktime_glue	0
0081b3a0	quicktime_glue	0
0081b3c0	quicktime_glue	0
0081b3e0	quicktime_glue	0
0081b400	quicktime_glue	0
0081b420	quicktime_glue	0
0081b440	quicktime_glue	0
0081b460	quicktime_glue	0
0081b480	quicktime_glue	0
0081b4a0	quicktime_glue	0
0081b4c0	quicktime_glue	0
0081b4e0	quicktime_glue	0
0081b500	quicktime_glue	0
0081b520	quicktime_glue	0
0081b540	quicktime_glue	0
0081b560	quicktime_glue	0
0081b580	quicktime_glue	0
0081b5a0	quicktime_glue	0
0081b5c0	quicktime_glue	0
0081b5e0	quicktime_glue	0
0081b600	quicktime_glue	0
0081b620	quicktime_glue	0
0081b640	quicktime_glue	0
0081b660	quicktime_glue	0
0081b680	quicktime_glue	0
0081b6a0	quicktime_glue	0
0081b6c0	quicktime_glue	0
0081b6e0	quicktime_glue	0
0081b700	quicktime_glue	0
0081b720	quicktime_glue	0
0081b740	quicktime_glue	0
0081b760	quicktime_glue	0
0081b780	quicktime_glue	0
0081b7a0	quicktime_glue	0
0081b7c0	quicktime_glue	0
0081b7e0	quicktime_glue	0
0081b800	quicktime_glue	0
0081b820	quicktime_glue	0
0081b840	quicktime_glue	0
0081b860	quicktime_glue	0
0081b880	quicktime_glue	0
0081b8a0	quicktime_glue	0
0081b8c0	quicktime_glue	0
0081b8e0	quicktime_glue	0
0081b900	quicktime_glue	0
0081b920	quicktime_glue	0
0081b940	quicktime_glue	0
0081b960	quicktime_glue	0
0081b980	quicktime_glue	0
0081b9a0	quicktime_glue	0
0081b9c0	quicktime_glue	0
0081b9e0	quicktime_glue	0
0081ba00	quicktime_glue	0
0081ba20	quicktime_glue	0
0081ba40	quicktime_glue	0
0081ba60	quicktime_glue	0
0081ba80	quicktime_glue	0
0081baa0	quicktime_glue	0
0081bac0	quicktime_glue	0
0081bae0	quicktime_glue	0
0081bb00	quicktime_glue	0
0081bb20	quicktime_glue	0
0081bb40	quicktime_glue	0
0081bb60	quicktime_glue	0
0081bb80	quicktime_glue	0
0081bba0	quicktime_glue	0
0081bbc0	quicktime_glue	0
0081bbe0	quicktime_glue	0
0081bc00	quicktime_glue	0
0081bc20	quicktime_glue	0
0081bc40	quicktime_glue	0
0081bc60	quicktime_glue	0
0081bc80	quicktime_glue	0
0081bca0	quicktime_glue	0
0081bcc0	quicktime_glue	0
0081bce0	quicktime_glue	0
0081bd00	quicktime_glue	0
0081bd20	quicktime_glue	0
0081bd40	quicktime_glue	0
0081bd60	quicktime_glue	0
0081bd80	quicktime_glue	0
0081bda0	quicktime_glue	0
0081bdc0	quicktime_glue	0
0081bde0	quicktime_glue	0
0081be00	quicktime_glue	0
0081be20	quicktime_glue	0
0081be40	quicktime_glue	0
0081be60	quicktime_glue	0
0081be80	quicktime_glue	0
0081bea0	quicktime_glue	0
0081bec0	quicktime_glue	0
0081bee0	quicktime_glue	0
0081bf00	quicktime_glue	0
0081bf20	quicktime_glue	0
0081bf40	quicktime_glue	0
0081bf60	quicktime_glue	0
0081bf80	quicktime_glue	0
0081bfa0	quicktime_glue	0
0081bfc0	quicktime_glue	0
0081bfe0	quicktime_glue	0
0081c000	quicktime_glue	0
0081c020	quicktime_glue	0
0081c040	quicktime_glue	0
0081c060	quicktime_glue	0
0081c080	quicktime_glue	0
0081c0a0	quicktime_glue	0
0081c0c0	quicktime_glue	0
0081c0e0	quicktime_glue	0
0081c100	quicktime_glue	0
0081c120	quicktime_glue	0
0081c140	quicktime_glue	0
0081c160	quicktime_glue	0
0081c180	quicktime_glue	0
0081c1a0	quicktime_glue	0
0081c1c0	quicktime_glue	0
0081c1e0	quicktime_glue	0
0081c200	quicktime_glue	0
0081c220	quicktime_glue	0
0081c240	quicktime_glue	0
0081c260	quicktime_glue	0
0081c280	quicktime_glue	0
0081c2a0	quicktime_glue	0
0081c2c0	quicktime_glue	0
0081c2e0	quicktime_glue	0
0081c300	quicktime_glue	0
0081c320	quicktime_glue	0
0081c340	quicktime_glue	0
0081c360	quicktime_glue	0
0081c380	quicktime_glue	0
0081c3a0	quicktime_glue	0
0081c3c0	quicktime_glue	0
0081c3e0	quicktime_glue	0
0081c400	quicktime_glue	0
0081c420	quicktime_glue	0
0081c440	quicktime_glue	0
0081c460	quicktime_glue	0
0081c480	quicktime_glue	0
0081c4a0	quicktime_glue	0
0081c4c0	quicktime_glue	0
0081c4e0	quicktime_glue	0
0081c500	quicktime_glue	0
0081c520	quicktime_glue	0
0081c540	quicktime_glue	0
0081c560	quicktime_glue	0
0081c580	quicktime_glue	0
0081c5a0	quicktime_glue	0
0081c5c0	quicktime_glue	0
0081c5e0	quicktime_glue	0
0081c600	quicktime_glue	0
0081c620	quicktime_glue	0
0081c640	quicktime_glue	0
0081c660	quicktime_glue	0
0081c680	quicktime_glue	0
0081c6a0	quicktime_glue	0
0081c6c0	quicktime_glue	0
0081c6e0	quicktime_glue	0
0081c700	quicktime_glue	0
0081c720	quicktime_glue	0
0081c740	quicktime_glue	0
0081c760	quicktime_glue	0
0081c780	quicktime_glue	0
0081c7a0	quicktime_glue	0
0081c7c0	quicktime_glue	0
0081c7e0	quicktime_glue	0
0081c800	quicktime_glue	0
0081c820	quicktime_glue	0
0081c840	quicktime_glue	0
0081c860	quicktime_glue	0
0081c880	quicktime_glue	0
0081c8a0	quicktime_glue	0
0081c8c0	quicktime_glue	0
0081c8e0	quicktime_glue	0
0081c900	quicktime_glue	0
0081c920	quicktime_glue	0
0081c940	quicktime_glue	0
0081c960	quicktime_glue	0
0081c980	quicktime_glue	0
0081c9a0	quicktime_glue	0
0081c9c0	quicktime_glue	0
0081c9e0	quicktime_glue	0
0081ca00	quicktime_glue	0
0081ca20	quicktime_glue	0
0081ca40	quicktime_glue	0
0081ca60	quicktime_glue	0
0081ca80	quicktime_glue	0
0081caa0	quicktime_glue	0
0081cac0	quicktime_glue	0
0081cae0	quicktime_glue	0
0081cb00	quicktime_glue	0
0081cb20	quicktime_glue	0
0081cb40	quicktime_glue	0
0081cb60	quicktime_glue	0
0081cb80	quicktime_glue	0
0081cba0	quicktime_glue	0
0081cbc0	quicktime_glue	0
0081cbe0	quicktime_glue	0
0081cc00	quicktime_glue	0
0081cc20	quicktime_glue	0
0081cc40	quicktime_glue	0
0081cc60	quicktime_glue	0
0081cc80	quicktime_glue	0
0081cca0	quicktime_glue	0
0081ccc0	quicktime_glue	0
0081cce0	quicktime_glue	0
0081cd00	quicktime_glue	0
0081cd20	quicktime_glue	0
0081cd40	quicktime_glue	0
0081cd60	quicktime_glue	0
0081cd80	quicktime_glue	0
0081cda0	quicktime_glue	0
0081cdc0	quicktime_glue	0
0081cde0	quicktime_glue	0
0081ce00	quicktime_glue	0
0081ce20	quicktime_glue	0
0081ce40	quicktime_glue	0
0081ce60	quicktime_glue	0
0081ce80	quicktime_glue	0
0081cea0	quicktime_glue	0
0081cec0	quicktime_glue	0
0081cee0	quicktime_glue	0
0081cf00	quicktime_glue	0
0081cf20	unclassified	0
0081cf40	unclassified	0
0081cf60	unclassified	0
0081cf80	unclassified	0
0081cfa0	unclassified	0
0081cfc0	unclassified	0
0081cfe0	unclassified	0
0081d000	unclassified	0
0081d020	unclassified	0
0081d040	unclassified	0
0081d060	unclassified	0
0081d080	unclassified	0
0081d0a0	unclassified	0
0081d0c0	unclassified	0
0081d0e0	unclassified	0
0081d100	unclassified	0
0081d120	unclassified	0
0081d140	unclassified	0
0081d160	unclassified	0
0081d180	unclassified	0
0081d1a0	unclassified	0
0081d1c0	unclassified	0
0081d1e0	unclassified	0
0081d200	unclassified	0
0081d220	unclassified	0
0081d240	unclassified	0
0081d260	unclassified	0
0081d280	unclassified	0
0081d2a0	unclassified	0
0081d2c0	unclassified	0
0081d2e0	unclassified	0
0081d300	unclassified	0
0081d320	quicktime_glue	0
0081d340	quicktime_glue	0
0081d360	quicktime_glue	0
0081d380	quicktime_glue	0
0081d3a0	quicktime_glue	0
0081d3c0	quicktime_glue	0
0081d3e0	quicktime_glue	0
0081d400	quicktime_glue	0
0081d420	quicktime_glue	0
0081d440	quicktime_glue	0
0081d460	quicktime_glue	0
0081d480	quicktime_glue	0
0081d4a0	quicktime_glue	0
0081d4c0	quicktime_glue	0
0081d4e0	quicktime_glue	0
0081d500	quicktime_glue	0
0081d520	quicktime_glue	0
0081d540	quicktime_glue	0
0081d560	quicktime_glue	0
0081d580	quicktime_glue	0
0081d5a0	quicktime_glue	0
0081d5c0	quicktime_glue	0
0081d5e0	quicktime_glue	0
0081d600	quicktime_glue	0
0081d620	quicktime_glue	0
0081d640	quicktime_glue	0
0081d660	quicktime_glue	0
0081d680	quicktime_glue	0
0081d6a0	quicktime_glue	0
0081d6c0	quicktime_glue	0
0081d6e0	quicktime_glue	0
0081d700	quicktime_glue	0
0081d720	quicktime_glue	0
0081d740	quicktime_glue	0
0081d760	quicktime_glue	0
0081d780	quicktime_glue	0
0081d7a0	quicktime_glue	0
0081d7c0	quicktime_glue	0
0081d7e0	quicktime_glue	0
0081d800	quicktime_glue	0
0081d820	quicktime_glue	0
0081d840	quicktime_glue	0
0081d860	quicktime_glue	0
0081d880	quicktime_glue	0
0081d8a0	quicktime_glue	0
0081d8c0	quicktime_glue	0
0081d8e0	quicktime_glue	0
0081d900	quicktime_glue	0
0081d920	quicktime_glue	0
0081d940	quicktime_glue	0
0081d960	quicktime_glue	0
0081d980	quicktime_glue	0
0081d9a0	quicktime_glue	0
0081d9c0	quicktime_glue	0
0081d9e0	quicktime_glue	0
0081da00	quicktime_glue	0
0081da20	quicktime_glue	0
0081da40	quicktime_glue	0
0081da60	quicktime_glue	0
0081da80	quicktime_glue	0
0081daa0	quicktime_glue	0
0081dac0	quicktime_glue	0
0081dae0	quicktime_glue	0
0081de70	quicktime_glue	0
0081dfc0	quicktime_glue	0
0081e720	quicktime_glue	0
0081ea70	quicktime_glue	0
0081edae	quicktime_glue	0
0081edc0	quicktime_glue	0
0081f0aa	quicktime_glue	0
0081f0c0	quicktime_glue	0
0081f360	renderware	0
00820a10	renderware	0
00820c90	renderware	0
00820cb0	renderware	1
00820cbc	renderware	1
00820cce	renderware	1
00820cdb	renderware	1
00820ce6	crt_lib	0
00820d0a	renderware	1
00820d18	renderware	1
00820d1e	renderware	1
00820d45	renderware	1
00820d49	renderware	1
00820d52	renderware	1
00820d5d	renderware	1
00820d68	renderware	1
00820d73	renderware	1
00820d7e	renderware	1
00820d89	renderware	1
00820d94	renderware	1
00820dbd	renderware	1
00821001	crt_lib	0
0082101d	crt_lib	0
008210cd	unclassified	0
0082119a	crt_lib	0
008211be	audio	0
008211d6	audio	0
008211f2	audio	0
008211fd	audio	0
0082123d	audio	0
00821255	audio	0
00821295	audio	0
008212ae	audio	0
008212b9	audio	0
008212d5	audio	0
008212ed	audio	0
0082134e	audio	0
0082134f	audio	0
00821387	audio	0
00821397	audio	0
008213c5	audio	0
008213d0	crt_lib	0
00821490	crt_lib	0
008214d0	crt_lib	0
00821509	crt_lib	0
00821534	audio	0
00821539	crt_lib	0
00821540	crt_lib	0
00821547	crt_lib	0
0082154e	crt_lib	0
008215a0	crt_lib	0
008215d6	audio	0
008215f0	audio	0
00821614	audio	0
0082167f	audio	0
00821685	crt_lib	0
008216ff	platform_os	0
00821727	platform_os	0
00821748	crt_lib	0
00821794	platform_os	0
008217e5	platform_os	0
00821894	crt_lib	0
008218b4	platform_os	0
008218d6	crt_lib	0
0082193e	crt_lib	0
00821961	crt_lib	0
0082196a	platform_os	0
00821982	crt_lib	0
008219d8	platform_os	0
008219dd	platform_os	0
008219f0	platform_os	0
00821b11	platform_os	0
00821b1e	platform_os	0
00821b40	platform_os	0
00821bb5	platform_os	0
00821c0d	platform_os	0
00821c3e	crt_lib	0
00821cbe	platform_os	0
00821ce6	crt_lib	0
00821d18	platform_os	0
00821d1e	crt_lib	0
00821d30	crt_lib	0
00821d7a	platform_os	0
00821d92	platform_os	0
00821da4	crt_lib	0
00821dd3	platform_os	0
00821df7	platform_os	0
00821e02	crt_lib	0
00821e4a	platform_os	0
00821e70	platform_os	0
00821e84	platform_os	0
00821e8d	platform_os	0
00821f40	crt_lib	0
00822070	crt_lib	0
008220ad	crt_lib	0
008220f0	crt_lib	0
00822130	fx	0
0082218d	fx	0
00822352	fx	0
00822380	fx	0
00822394	fx	0
0082239d	fx	0
0082244b	fx	0
00822506	crt_lib	0
00822593	fx	0
0082263a	fx	0
00822650	crt_lib	0
008226d6	crt_lib	0
00822715	fx	0
0082274f	fx	0
00822789	crt_lib	0
008227c3	crt_lib	0
00822802	crt_lib	0
0082283c	fx	0
00822876	crt_lib	0
008228b5	crt_lib	0
008228f4	fx	0
00822933	fx	0
0082296d	fx	0
0082297a	fx	0
00822982	fx	0
0082299c	fx	0
008229b6	crt_lib	0
00822a20	crt_lib	0
00822ab9	crt_lib	0
00822ba1	crt_lib	0
00822be2	crt_lib	0
00822c3d	crt_lib	0
00822c68	eh_funclets	0
00822d2d	crt_lib	0
00822d5d	crt_lib	0
00822d97	crt_lib	0
00822da8	crt_lib	0
00822de5	crt_lib	0
00822e2f	crt_lib	0
00822e45	crt_lib	0
00822e52	crt_lib	0
00822e6b	crt_lib	0
00822e83	crt_lib	0
00822e8e	crt_lib	0
00822ea7	crt_lib	0
00822ebf	crt_lib	0
00822eca	crt_lib	0
00822ee2	crt_lib	0
00822efa	crt_lib	0
00822f05	crt_lib	0
00822f21	crt_lib	0
00822f40	crt_lib	0
00822f5c	crt_lib	0
00822f78	crt_lib	0
00822f94	crt_lib	0
00822fbd	crt_lib	0
00822fd9	crt_lib	0
00822ff4	crt_lib	0
00823012	crt_lib	0
0082302f	crt_lib	0
00823033	crt_lib	0
0082303e	crt_lib	0
00823050	crt_lib	0
008230b8	crt_lib	0
0082310f	crt_lib	0
0082313f	crt_lib	0
0082318b	crt_lib	0
008231d1	crt_lib	0
008231d4	crt_lib	0
008231dc	crt_lib	0
00823221	crt_lib	0
0082322c	crt_lib	0
00823271	crt_lib	0
0082327c	crt_lib	0
008232ce	crt_lib	0
008232d8	crt_lib	0
008232f0	crt_lib	0
00823438	crt_lib	0
00823521	crt_lib	0
00823563	platform_os	0
0082356d	crt_lib	0
00823674	crt_lib	0
008236b6	platform_os	0
008236c0	crt_lib	0
0082374f	crt_lib	0
0082378e	platform_os	0
00823798	platform_os	0
00823813	platform_os	0
00823816	platform_os	0
00823820	platform_os	0
0082393d	platform_os	0
00823945	platform_os	0
00823a0e	ui_hud_frontend	0
00823a30	crt_lib	0
00823a84	ui_hud_frontend	0
00823a8e	ui_hud_frontend	0
00823afe	crt_lib	0
00823b2e	ui_hud_frontend	0
00823b37	ui_hud_frontend	0
00823b40	ui_hud_frontend	0
00823b58	ui_hud_frontend	0
00823b76	ui_hud_frontend	0
00823bdb	ui_hud_frontend	0
00823cae	ui_hud_frontend	0
00823cbf	crt_lib	0
00823cd0	ui_hud_frontend	0
00823cdf	ui_hud_frontend	0
00823cee	crt_lib	0
00823d26	crt_lib	0
00823d83	crt_lib	0
00823db1	crt_lib	0
00823e4c	ui_hud_frontend	0
00823e51	ui_hud_frontend	0
00823e7d	ui_hud_frontend	0
00823e86	crt_lib	0
00823ecc	ui_hud_frontend	0
00823ed6	crt_lib	0
00823edf	ui_hud_frontend	0
00823ee5	ui_hud_frontend	0
00823f8e	ui_hud_frontend	0
00823fa2	crt_lib	0
00823fd1	crt_lib	0
00823ff4	crt_lib	0
00824023	crt_lib	0
00824046	crt_lib	0
008240c7	crt_lib	0
008240fd	ui_hud_frontend	0
00824106	crt_lib	0
0082413f	crt_lib	0
00824192	ui_hud_frontend	0
008241b0	crt_lib	0
0082421f	ui_hud_frontend	0
00824222	ui_hud_frontend	0
0082422b	crt_lib	0
00824257	crt_lib	0
00824269	ui_hud_frontend	0
008243c9	ui_hud_frontend	0
008243d1	ui_hud_frontend	0
00824416	crt_lib	0
008244bd	ui_hud_frontend	0
008244c0	ui_hud_frontend	0
008244d1	crt_lib	0
008244f6	crt_lib	0
0082451a	ui_hud_frontend	0
00824570	ui_hud_frontend	1
00824708	ui_hud_frontend	0
0082471c	ui_hud_frontend	0
00824750	ui_hud_frontend	0
00824770	crt_lib	0
0082478d	ui_hud_frontend	0
008247e0	ui_hud_frontend	0
00824a70	crt_lib	0
00824a91	crt_lib	0
00824ab7	ui_hud_frontend	0
00824acd	ui_hud_frontend	0
00824bb3	ui_hud_frontend	0
00824e54	unclassified	0
00824e69	crt_lib	0
00824e97	platform_os	1
00824f34	crt_lib	0
00824f5b	unclassified	0
00824f86	crt_lib	0
00825018	crt_lib	0
008250a6	unclassified	0
008250df	unclassified	0
008250f1	unclassified	0
00825104	crt_lib	0
00825136	crt_lib	0
0082514c	crt_lib	0
00825177	unclassified	0
0082517d	unclassified	0
00825183	platform_os	1
0082524d	platform_os	1
0082530f	unclassified	0
00825312	crt_lib	0
00825336	platform_os	1
00825408	crt_lib	0
00825456	crt_lib	0
00825488	ui_hud_frontend	1
00825491	platform_os	1
00825550	platform_os	1
0082567c	platform_os	1
0082589a	platform_os	1
00825a79	platform_os	1
00825bc2	ui_hud_frontend	1
00825bd3	unclassified	0
00825c29	unclassified	0
00825c80	unclassified	0
00825c88	platform_os	1
00825d50	platform_os	1
00825d74	platform_os	1
00825da0	platform_os	1
00825daa	platform_os	1
00825db1	platform_os	1
00825db8	platform_os	1
00825dc2	platform_os	1
00825dc9	platform_os	1
00825dd0	platform_os	1
00825dda	platform_os	1
00825de4	platform_os	1
00825e10	platform_os	1
00825e4c	platform_os	1
00825e9c	platform_os	1
00825ea4	platform_os	1
00825f61	platform_os	1
00825f7c	crt_lib	0
00825ff8	crt_lib	0
00826070	platform_os	1
00826071	crt_lib	0
008260ff	crt_lib	0
00826261	platform_os	1
00826298	platform_os	1
008262a2	platform_os	1
008262ad	platform_os	1
008262b8	platform_os	1
0082631f	platform_os	1
00826330	crt_lib	0
008263c0	crt_lib	0
00826450	platform_os	1
00826590	platform_os	1
00826597	platform_os	1
008265a0	platform_os	1
00826688	platform_os	1
008266a1	platform_os	1
008266f0	crt_lib	0
00826789	unclassified	0
00826871	unclassified	0
008268b2	unclassified	0
0082690d	unclassified	0
00826938	eh_funclets	0
008269d6	unclassified	0
008269fd	unclassified	0
00826a2d	ui_hud_frontend	1
00826a51	ui_hud_frontend	1
00826a57	crt_lib	0
00826a72	ui_hud_frontend	1
00826a9f	platform_os	1
00826adb	unclassified	0
00826b26	unclassified	0
00826b40	crt_lib	0
00826b7e	crt_lib	0
00826b9b	crt_lib	0
00826c49	platform_os	1
00826cbd	platform_os	1
00826d59	platform_os	1
00826dc1	platform_os	1
00826e61	crt_lib	0
00826eb2	platform_os	1
00826ec4	crt_lib	0
00826f04	crt_lib	0
00826f2d	crt_lib	0
00826f7c	platform_os	1
00826f9a	crt_lib	0
0082700d	platform_os	1
00827016	platform_os	1
00827047	platform_os	1
0082704d	platform_os	1
00827068	platform_os	1
0082708e	crt_lib	0
008270c2	platform_os	1
008270cb	platform_os	1
008270d3	platform_os	1
008270f0	platform_os	1
00827103	platform_os	1
0082719b	platform_os	1
008271c9	platform_os	1
0082724f	platform_os	1
00827253	platform_os	1
0082726b	platform_os	1
00827274	platform_os	1
00827281	platform_os	1
008272a2	platform_os	1
008272ab	platform_os	1
008272b8	platform_os	1
0082733d	platform_os	1
00827380	platform_os	1
008273f5	platform_os	1
008273fb	platform_os	1
0082745f	crt_lib	0
008275cf	platform_os	1
008275d3	platform_os	1
008275db	platform_os	1
008276e7	crt_lib	0
0082774e	platform_os	1
0082780e	platform_os	1
008279f0	crt_lib	0
00827a92	crt_lib	0
00827ab7	unclassified	0
00827abb	unclassified	0
00827ac7	unclassified	0
00827adf	crt_lib	0
00827afc	unclassified	0
00827b00	unclassified	0
00827b0c	ui_hud_frontend	1
00827b2a	ui_hud_frontend	1
00827b3d	crt_lib	0
00827bae	ui_hud_frontend	1
00827bf0	ui_hud_frontend	1
00827c70	ui_hud_frontend	1
00827d01	ui_hud_frontend	1
00827d0d	ui_hud_frontend	1
00827d25	ui_hud_frontend	1
00827da0	crt_lib	0
00827dec	crt_lib	0
00827e74	crt_lib	0
00827e9e	crt_lib	0
00827ed1	crt_lib	0
00827ef5	crt_lib	0
00827f2c	unclassified	0
00827f35	unclassified	0
00827f41	unclassified	0
00827f4b	platform_os	1
008286e0	crt_lib	0
0082871b	crt_lib	0
0082872c	platform_os	1
008289c0	platform_os	1
008289e1	platform_os	1
008289e5	platform_os	1
008289f5	platform_os	1
00828a4c	platform_os	1
00828b31	crt_lib	0
00828c4a	crt_lib	0
00828cb4	platform_os	1
00828cb7	platform_os	1
00828cc0	crt_lib	0
00828d27	crt_lib	0
00828db3	platform_os	1
00828dbd	platform_os	1
00828dc4	platform_os	1
00828dcb	platform_os	1
00828dd2	platform_os	1
00828dfd	platform_os	1
00828e27	platform_os	1
00828e66	platform_os	1
00828e83	platform_os	1
00828e90	platform_os	1
00828ea7	crt_lib	0
00828ef0	platform_os	1
00828f05	platform_os	1
00828f1c	platform_os	1
00828f35	crt_lib	0
00828f78	platform_os	1
00828f8e	platform_os	1
00828f9b	crt_lib	0
00828fc5	platform_os	1
00828fd9	platform_os	1
0082907c	platform_os	1
00829094	crt_lib	0
008290aa	platform_os	1
008290b7	platform_os	1
008290d4	platform_os	1
008295a9	platform_os	1
008295ad	platform_os	1
00829b80	platform_os	1
00829b99	platform_os	1
0082a6c6	platform_os	1
0082a6e1	platform_os	1
0082a748	platform_os	1
0082a75a	platform_os	1
0082a774	platform_os	1
0082a784	platform_os	1
0082a789	platform_os	1
0082a78d	platform_os	1
0082a79d	platform_os	1
0082a7d2	platform_os	1
0082a7d9	platform_os	1
0082a7e0	platform_os	1
0082a80f	platform_os	1
0082a821	platform_os	1
0082a82e	platform_os	1
0082a871	platform_os	1
0082a8a5	platform_os	1
0082a8d7	platform_os	1
0082a941	crt_lib	0
0082aac0	unclassified	0
0082aac4	unclassified	0
0082aad4	crt_lib	0
0082aae2	unclassified	0
0082ab59	unclassified	0
0082ab80	crt_lib	0
0082abc0	crt_lib	0
0082ac0e	unclassified	0
0082ac54	unclassified	0
0082ac67	ui_hud_frontend	1
0082ac74	crt_lib	0
0082acbd	ui_hud_frontend	1
0082ad12	ui_hud_frontend	1
0082ad27	ui_hud_frontend	1
0082ad3f	ui_hud_frontend	1
0082adbe	crt_lib	0
0082adef	platform_os	1
0082ae72	crt_lib	0
0082aee6	platform_os	1
0082aee9	platform_os	1
0082af0d	platform_os	1
0082af38	crt_lib	0
0082b019	crt_lib	0
0082b181	platform_os	1
0082b18a	platform_os	1
0082b193	crt_lib	0
0082b206	ui_hud_frontend	1
0082b31c	ui_hud_frontend	1
0082b31f	ui_hud_frontend	1
0082b44a	platform_os	1
0082b617	crt_lib	0
0082b69b	platform_os	1
0082b69e	platform_os	1
0082b6c2	platform_os	1
0082b867	crt_lib	0
0082b8eb	platform_os	1
0082b8ee	platform_os	1
0082b912	crt_lib	0
0082b986	crt_lib	0
0082ba0a	platform_os	1
0082ba0d	platform_os	1
0082bb02	platform_os	1
0082bb1e	platform_os	1
0082bc14	platform_os	1
0082bc18	platform_os	1
0082bce2	platform_os	1
0082bce6	platform_os	1
0082bd60	platform_os	1
0082be17	platform_os	1
0082be1b	platform_os	1
0082beda	ui_hud_frontend	1
0082bf07	ui_hud_frontend	1
0082bf0b	ui_hud_frontend	1
0082bf1e	ui_hud_frontend	1
0082bf4b	ui_hud_frontend	1
0082bf4f	ui_hud_frontend	1
0082bf62	ui_hud_frontend	1
0082bffd	crt_lib	0
0082c09a	ui_hud_frontend	1
0082c09d	ui_hud_frontend	1
0082c0b9	ui_hud_frontend	1
0082c2b7	ui_hud_frontend	1
0082c303	ui_hud_frontend	1
0082c395	ui_hud_frontend	1
0082c39e	crt_lib	0
0082c3ec	platform_os	1
0082c457	crt_lib	0
0082c471	crt_lib	0
0082c4c2	platform_os	1
0082c541	platform_os	1
0082c556	crt_lib	0
0082c59e	crt_lib	0
0082c5c9	crt_lib	0
0082c8e1	crt_lib	0
0082c998	crt_lib	0
0082ca9e	crt_lib	0
0082cd7d	platform_os	1
0082ce4e	crt_lib	0
0082d167	platform_os	1
0082d1c2	crt_lib	0
0082d4c0	crt_lib	0
0082d520	platform_os	1
0082d697	unclassified	0
0082d6c1	crt_lib	0
0082d6fa	unclassified	0
0082d726	crt_lib	0
0082d88a	ui_hud_frontend	1
0082d8f3	ui_hud_frontend	1
0082d9ba	ui_hud_frontend	1
0082db26	ui_hud_frontend	1
0082dbc8	ui_hud_frontend	1
0082dcea	ui_hud_frontend	1
0082ded0	crt_lib	0
0082defa	ui_hud_frontend	1
0082df0f	ui_hud_frontend	1
0082df39	crt_lib	0
0082df5e	crt_lib	0
0082dfb9	ui_hud_frontend	1
0082e073	crt_lib	0
0082e318	ui_hud_frontend	1
0082e53a	crt_lib	0
0082e562	unclassified	0
0082e582	crt_lib	0
0082e5af	crt_lib	0
0082e64d	crt_lib	0
0082e6a0	crt_lib	0
0082e6ff	platform_os	1
0082e7bd	ui_hud_frontend	1
0082e88c	ui_hud_frontend	1
0082e899	ui_hud_frontend	1
0082e8a7	crt_lib	0
0082e8cb	ui_hud_frontend	1
0082e924	ui_hud_frontend	1
0082e990	ui_hud_frontend	1
0082e9b3	crt_lib	0
0082e9e1	unclassified	0
0082e9ea	unclassified	0
0082e9f3	platform_os	1
0082eb93	ui_hud_frontend	1
0082eb9c	crt_lib	0
0082eccf	ui_hud_frontend	1
0082ecd7	ui_hud_frontend	1
0082ed15	platform_os	1
0082ed94	platform_os	1
0082ee29	crt_lib	0
0082f07c	platform_os	1
0082f0b2	crt_lib	0
0082f12b	platform_os	1
0082f36b	platform_os	1
0082f43e	platform_os	1
0082f442	platform_os	1
0082f77d	platform_os	1
0082f821	crt_lib	0
0082f853	platform_os	1
0082f86e	platform_os	1
0082f874	platform_os	1
0082f87a	platform_os	1
0082f880	crt_lib	0
0082fbe7	platform_os	1
0082fd77	platform_os	1
0082fdd6	platform_os	1
0082fe09	platform_os	1
0082fe68	platform_os	1
0082fea0	platform_os	1
00830035	platform_os	1
00830068	platform_os	1
00830141	platform_os	1
00830380	platform_os	1
00830510	platform_os	1
00830543	platform_os	1
00830549	platform_os	1
00830562	platform_os	1
0083057b	platform_os	1
00830594	platform_os	1
008305a0	crt_lib	0
008305e6	crt_lib	0
00830646	crt_lib	0
00830660	platform_os	1
008306dc	platform_os	1
008306fa	platform_os	1
008307dd	crt_lib	0
00830812	crt_lib	0
0083082f	platform_os	1
008308c9	platform_os	1
00830940	platform_os	1
00830b60	platform_os	1
00830c31	crt_lib	0
00830c68	crt_lib	0
00830cee	crt_lib	0
00830d43	crt_lib	0
00830f00	crt_lib	0
00830fb8	platform_os	1
00831091	platform_os	1
00831095	platform_os	1
00831180	crt_lib	0
008311c0	platform_os	1
008311d9	platform_os	1
00831212	platform_os	1
00831234	platform_os	1
00831241	platform_os	1
0083124a	platform_os	1
00831268	platform_os	1
00831299	platform_os	1
008312ab	platform_os	1
008312c0	crt_lib	0
008312fe	crt_lib	0
0083133b	crt_lib	0
00831383	platform_os	1
0083138a	platform_os	1
008314d1	crt_lib	0
00831504	crt_lib	0
00831540	platform_os	1
00831657	platform_os	1
00831664	eh_funclets	0
0083166a	eh_funclets	0
00831675	eh_funclets	0
00831680	eh_funclets	0
00831af6	platform_os	1
00831b09	platform_os	1
00831b1c	platform_os	1
00831b68	platform_os	1
00831bb4	platform_os	1
00831be8	platform_os	1
00831d31	platform_os	1
00831d46	platform_os	1
00831f4c	platform_os	1
00831ffe	platform_os	1
00832204	platform_os	1
008322b9	platform_os	1
008322bf	platform_os	1
008322c5	platform_os	1
008322c8	platform_os	1
008322d0	platform_os	1
008322ee	platform_os	1
00832488	platform_os	1
0083258d	platform_os	1
00832590	crt_lib	0
008325ad	platform_os	1
008325c1	platform_os	1
008325d4	platform_os	1
008325ea	platform_os	1
008326f5	crt_lib	0
00832875	crt_lib	0
008328a7	crt_lib	0
008328f4	crt_lib	0
00832966	crt_lib	0
00832981	platform_os	1
0083298d	crt_lib	0
008329a6	crt_lib	0
00832a21	crt_lib	0
00832b79	crt_lib	0
00832b8f	crt_lib	0
00832ba5	crt_lib	0
00832c21	platform_os	1
00832c64	platform_os	1
00832ca8	platform_os	1
00832ceb	platform_os	1
00832d62	crt_lib	0
00832e1c	platform_os	1
00832e8e	platform_os	1
00832e97	crt_lib	0
00832eb3	crt_lib	0
00832ecf	crt_lib	0
00832ee7	crt_lib	0
00832eff	platform_os	1
00832f45	platform_os	1
00832f74	crt_lib	0
00832f9d	platform_os	1
0083312f	ui_hud_frontend	1
00833192	ui_hud_frontend	1
00833195	ui_hud_frontend	1
0083319e	platform_os	1
00833334	platform_os	1
00833344	platform_os	1
0083348b	ui_hud_frontend	1
00833494	ui_hud_frontend	1
008334b2	crt_lib	0
008334dc	crt_lib	0
0083353c	crt_lib	0
00833570	crt_lib	0
00833605	platform_os	1
00833608	platform_os	1
0083361b	crt_lib	0
0083365f	platform_os	1
0083375d	crt_lib	0
008337c9	platform_os	1
00833804	platform_os	1
0083380e	crt_lib	0
008338ce	crt_lib	0
008338f9	platform_os	1
008339ca	ui_hud_frontend	1
00833a20	platform_os	1
00833a5b	platform_os	1
00833a5f	platform_os	1
00833b6a	platform_os	1
00833b7a	platform_os	1
00833b86	platform_os	1
00833b96	crt_lib	0
00833ba6	crt_lib	0
00833c03	platform_os	1
00833c11	platform_os	1
00833c31	crt_lib	0
00833cad	crt_lib	0
00833d2c	crt_lib	0
00833d6d	platform_os	1
00833de0	crt_lib	0
00833e02	ui_hud_frontend	1
00833f4f	platform_os	1
00833ff8	platform_os	1
008342df	platform_os	1
00834324	platform_os	1
00834334	crt_lib	0
00834379	platform_os	1
00834389	crt_lib	0
0083440c	platform_os	1
008344a1	platform_os	1
008344ca	platform_os	1
00834513	platform_os	1
008345e8	platform_os	1
008345ec	platform_os	1
008346e2	platform_os	1
00834b1c	platform_os	1
00834b6e	crt_lib	0
00834b8a	platform_os	1
00834d35	platform_os	1
00834d39	platform_os	1
00834dcf	platform_os	0
00834dd3	platform_os	0
00834f14	crt_lib	0
00834f61	crt_lib	0
00834fc2	platform_os	0
00835160	platform_os	0
00835177	crt_lib	0
00835270	platform_os	0
008352a1	platform_os	0
008352b2	platform_os	0
008352c3	platform_os	0
008352d4	platform_os	0
008352e8	platform_os	0
008352fc	platform_os	0
00835310	platform_os	0
00835324	platform_os	0
00835335	platform_os	0
00835346	platform_os	0
00835357	platform_os	0
0083537e	platform_os	0
008355ef	crt_lib	0
008357a7	platform_os	0
00835932	platform_os	0
00835960	platform_os	0
00835976	platform_os	0
00835996	platform_os	0
00835ac7	crt_lib	0
00835b46	platform_os	0
00835b84	crt_lib	0
00835bae	crt_lib	0
00835bd5	platform_os	0
00835bef	platform_os	0
00835c5c	platform_os	0
00835c8d	platform_os	0
00835ca8	crt_lib	0
00835daf	crt_lib	0
00835dd0	crt_lib	0
00835e2e	crt_lib	0
00835e5c	crt_lib	0
00835e89	platform_os	0
00835f6d	platform_os	0
00836201	platform_os	0
0083633c	platform_os	0
008363b4	platform_os	0
008363d3	platform_os	0
0083660b	platform_os	0
00836697	crt_lib	0
00836712	platform_os	0
008367ca	platform_os	0
008367ce	platform_os	0
00836842	platform_os	0
008368f1	platform_os	0
008368f5	platform_os	0
00836990	crt_lib	0
008369f1	platform_os	0
00836a53	platform_os	0
00836acb	platform_os	0
00836c58	platform_os	0
00836cf6	platform_os	0
00836cfa	platform_os	0
00836d6c	platform_os	0
00836da3	platform_os	0
00836e91	platform_os	0
00836ece	platform_os	0
00836ed7	platform_os	0
00836f15	platform_os	0
00836f1e	platform_os	0
00836fba	ui_hud_frontend	0
00837058	ui_hud_frontend	0
0083705c	ui_hud_frontend	0
008370d0	crt_lib	0
00837170	eh_funclets	0
0083717b	eh_funclets	0
00837186	ui_hud_frontend	0
00837190	eh_funclets	0
0083719b	eh_funclets	0
008371a6	ui_hud_frontend	0
008371b0	eh_funclets	0
008371b8	ui_hud_frontend	0
008371d0	eh_funclets	0
008371d8	ui_hud_frontend	0
008371f0	eh_funclets	0
008371f8	ui_hud_frontend	0
00837210	eh_funclets	0
00837218	ui_hud_frontend	0
00837230	eh_funclets	0
0083723b	ui_hud_frontend	0
00837250	eh_funclets	0
0083725b	eh_funclets	0
00837266	eh_funclets	0
0083726e	eh_funclets	0
00837279	ui_hud_frontend	0
00837290	eh_funclets	0
0083729b	eh_funclets	0
008372a6	eh_funclets	0
008372b1	eh_funclets	0
008372bc	ui_hud_frontend	0
008372d0	eh_funclets	0
008372db	eh_funclets	0
008372e6	eh_funclets	0
008372f1	eh_funclets	0
008372fc	ui_hud_frontend	0
00837310	eh_funclets	0
0083731b	eh_funclets	0
00837326	ui_hud_frontend	0
00837330	eh_funclets	0
0083733e	eh_funclets	0
0083734c	eh_funclets	0
0083735a	eh_funclets	0
00837365	ui_hud_frontend	0
00837370	eh_funclets	0
0083737b	ui_hud_frontend	0
00837390	eh_funclets	0
0083739b	ui_hud_frontend	0
008373b0	eh_funclets	0
008373bb	eh_funclets	0
008373c6	eh_funclets	0
008373d1	eh_funclets	0
008373dc	eh_funclets	0
008373e7	eh_funclets	0
008373f2	eh_funclets	0
008373fd	eh_funclets	0
00837408	eh_funclets	0
00837413	eh_funclets	0
0083741e	ui_hud_frontend	0
00837430	eh_funclets	0
00837438	eh_funclets	0
00837440	ui_hud_frontend	0
00837450	eh_funclets	0
0083745b	unclassified	0
00837470	eh_funclets	0
0083747e	eh_funclets	0
00837486	unclassified	0
00837490	eh_funclets	0
0083749e	unclassified	0
008374b0	eh_funclets	0
008374bb	unclassified	0
008374d0	eh_funclets	0
008374db	eh_funclets	0
008374e6	unclassified	0
008374f0	eh_funclets	0
008374fb	eh_funclets	0
00837506	unclassified	0
00837510	eh_funclets	0
00837518	eh_funclets	0
00837520	unclassified	0
00837530	eh_funclets	0
0083753b	eh_funclets	0
00837543	unclassified	0
00837550	eh_funclets	0
00837558	unclassified	0
00837570	eh_funclets	0
00837578	unclassified	0
00837590	eh_funclets	0
0083759b	eh_funclets	0
008375a6	eh_funclets	0
008375b1	eh_funclets	0
008375bc	eh_funclets	0
008375c7	eh_funclets	0
008375d2	eh_funclets	0
008375dd	eh_funclets	0
008375e8	eh_funclets	0
008375f3	unclassified	0
00837600	eh_funclets	0
0083760b	unclassified	0
00837620	eh_funclets	0
0083762e	eh_funclets	0
0083763c	eh_funclets	0
0083764a	eh_funclets	0
00837655	eh_funclets	0
00837663	eh_funclets	0
00837671	eh_funclets	0
0083767f	eh_funclets	0
0083768a	eh_funclets	0
00837698	eh_funclets	0
008376a6	eh_funclets	0
008376b4	eh_funclets	0
008376bc	unclassified	0
008376d0	eh_funclets	0
008376db	unclassified	0
008376f0	eh_funclets	0
008376fb	unclassified	0
00837710	eh_funclets	0
00837718	unclassified	0
00837730	eh_funclets	0
00837738	unclassified	0
00837750	eh_funclets	0
0083775b	eh_funclets	0
00837766	unclassified	0
00837770	eh_funclets	0
00837778	unclassified	0
00837790	eh_funclets	0
0083779e	eh_funclets	0
008377a6	eh_funclets	0
008377b1	eh_funclets	0
008377b9	eh_funclets	0
008377c7	eh_funclets	0
008377cf	unclassified	0
008377e0	eh_funclets	0
008377eb	eh_funclets	0
008377f3	eh_funclets	0
008377fe	eh_funclets	0
00837806	unclassified	0
00837810	eh_funclets	0
00837818	eh_funclets	0
00837820	unclassified	0
00837830	eh_funclets	0
0083783b	eh_funclets	0
00837843	eh_funclets	0
0083784e	eh_funclets	0
00837856	eh_funclets	0
00837861	eh_funclets	0
00837869	eh_funclets	0
00837874	eh_funclets	0
0083787c	unclassified	0
00837890	eh_funclets	0
0083789e	eh_funclets	0
008378ac	eh_funclets	0
008378b4	eh_funclets	0
008378bf	eh_funclets	0
008378c7	unclassified	0
008378e0	eh_funclets	0
008378eb	eh_funclets	0
008378f6	eh_funclets	0
008378fe	unclassified	0
00837910	eh_funclets	0
00837918	unclassified	0
00837930	eh_funclets	0
0083793b	eh_funclets	0
00837946	eh_funclets	0
00837951	eh_funclets	0
0083795c	eh_funclets	0
00837967	eh_funclets	0
00837972	eh_funclets	0
0083797d	eh_funclets	0
00837988	eh_funclets	0
00837993	unclassified	0
008379a0	eh_funclets	0
008379ab	eh_funclets	0
008379b3	unclassified	0
008379c0	eh_funclets	0
008379cb	eh_funclets	0
008379d6	eh_funclets	0
008379de	unclassified	0
008379f0	eh_funclets	0
008379fb	eh_funclets	0
00837a06	eh_funclets	0
00837a11	unclassified	0
00837a20	eh_funclets	0
00837a2b	eh_funclets	0
00837a33	unclassified	0
00837a40	eh_funclets	0
00837a4b	eh_funclets	0
00837a53	unclassified	0
00837a60	eh_funclets	0
00837a74	eh_funclets	0
00837a85	unclassified	0
00837a90	eh_funclets	0
00837aa1	eh_funclets	0
00837ab2	eh_funclets	0
00837ac3	eh_funclets	0
00837ad4	eh_funclets	0
00837ae5	eh_funclets	0
00837af6	eh_funclets	0
00837b07	eh_funclets	0
00837b18	eh_funclets	0
00837b29	eh_funclets	0
00837b3a	eh_funclets	0
00837b4b	eh_funclets	0
00837b53	unclassified	0
00837b60	eh_funclets	0
00837b6b	unclassified	0
00837b80	eh_funclets	0
00837b88	unclassified	0
00837ba0	eh_funclets	0
00837ba8	eh_funclets	0
00837bb6	eh_funclets	0
00837bc4	eh_funclets	0
00837bd2	eh_funclets	0
00837be0	eh_funclets	0
00837bee	eh_funclets	0
00837bfc	eh_funclets	0
00837c07	unclassified	0
00837c20	eh_funclets	0
00837c2b	eh_funclets	0
00837c39	eh_funclets	0
00837c47	eh_funclets	0
00837c55	unclassified	0
00837c60	eh_funclets	0
00837c6b	eh_funclets	0
00837c73	unclassified	0
00837c80	eh_funclets	0
00837c8b	unclassified	0
00837ca0	eh_funclets	0
00837cab	unclassified	0
00837cc0	eh_funclets	0
00837cd9	unclassified	0
00837cf0	eh_funclets	0
00837cfb	unclassified	0
00837d10	eh_funclets	0
00837d18	unclassified	0
00837d30	eh_funclets	0
00837d3b	unclassified	0
00837d50	eh_funclets	0
00837d5b	eh_funclets	0
00837d66	eh_funclets	0
00837d71	eh_funclets	0
00837d7c	unclassified	0
00837d90	eh_funclets	0
00837d9b	unclassified	0
00837db0	eh_funclets	0
00837dbb	eh_funclets	0
00837dc6	eh_funclets	0
00837dd1	eh_funclets	0
00837dd9	unclassified	0
00837df0	eh_funclets	0
00837dfb	unclassified	0
00837e10	eh_funclets	0
00837e1b	unclassified	0
00837e30	eh_funclets	0
00837e38	eh_funclets	0
00837e43	unclassified	0
00837e50	eh_funclets	0
00837e58	eh_funclets	0
00837e63	unclassified	0
00837e70	eh_funclets	0
00837e7b	eh_funclets	0
00837e86	eh_funclets	0
00837e91	unclassified	0
00837ea0	eh_funclets	0
00837eae	eh_funclets	0
00837ebc	eh_funclets	0
00837eca	eh_funclets	0
00837ed8	eh_funclets	0
00837ee6	eh_funclets	0
00837ef4	eh_funclets	0
00837f02	eh_funclets	0
00837f0d	eh_funclets	0
00837f15	eh_funclets	0
00837f23	eh_funclets	0
00837f31	eh_funclets	0
00837f3f	eh_funclets	0
00837f4d	unclassified	0
00837f60	eh_funclets	0
00837f6e	eh_funclets	0
00837f7c	eh_funclets	0
00837f8a	eh_funclets	0
00837f98	eh_funclets	0
00837fa6	eh_funclets	0
00837fb4	eh_funclets	0
00837fc2	eh_funclets	0
00837fd0	unclassified	0
00837fe0	eh_funclets	0
00837feb	unclassified	0
00838000	eh_funclets	0
00838008	unclassified	0
00838020	eh_funclets	0
0083802b	eh_funclets	0
00838036	eh_funclets	0
00838041	eh_funclets	0
0083804c	eh_funclets	0
00838057	eh_funclets	0
00838062	eh_funclets	0
0083806d	eh_funclets	0
00838078	eh_funclets	0
00838083	eh_funclets	0
0083808e	unclassified	0
008380a0	eh_funclets	0
008380ab	unclassified	0
008380c0	eh_funclets	0
008380c8	eh_funclets	0
008380d6	eh_funclets	0
008380e4	eh_funclets	0
008380f2	unclassified	0
00838100	eh_funclets	0
0083810b	eh_funclets	0
00838116	eh_funclets	0
00838121	unclassified	0
00838130	eh_funclets	0
0083813e	eh_funclets	0
0083814c	eh_funclets	0
00838157	eh_funclets	0
00838165	eh_funclets	0
00838170	eh_funclets	0
0083817e	unclassified	0
00838190	eh_funclets	0
0083819e	eh_funclets	0
008381ac	eh_funclets	0
008381ba	eh_funclets	0
008381c8	eh_funclets	0
008381d6	eh_funclets	0
008381e4	eh_funclets	0
008381f2	eh_funclets	0
00838200	eh_funclets	0
0083820e	eh_funclets	0
0083821c	unclassified	0
00838230	eh_funclets	0
0083823b	unclassified	0
00838250	eh_funclets	0
0083825b	eh_funclets	0
00838269	unclassified	0
00838280	eh_funclets	0
0083828e	unclassified	0
008382a0	eh_funclets	0
008382ae	unclassified	0
008382c0	eh_funclets	0
008382cb	eh_funclets	0
008382d9	eh_funclets	0
008382e7	unclassified	0
00838300	eh_funclets	0
0083830b	eh_funclets	0
00838316	eh_funclets	0
00838321	eh_funclets	0
00838329	unclassified	0
00838340	eh_funclets	0
0083834b	eh_funclets	0
00838353	unclassified	0
00838360	eh_funclets	0
0083836b	eh_funclets	0
00838376	eh_funclets	0
00838381	eh_funclets	0
0083838c	eh_funclets	0
0083839a	eh_funclets	0
008383a8	unclassified	0
008383c0	eh_funclets	0
008383ce	eh_funclets	0
008383dc	eh_funclets	0
008383ea	eh_funclets	0
008383f8	eh_funclets	0
00838406	eh_funclets	0
00838414	eh_funclets	0
00838422	eh_funclets	0
00838430	unclassified	0
00838440	eh_funclets	0
0083844b	eh_funclets	0
00838456	eh_funclets	0
0083845e	eh_funclets	0
00838466	unclassified	0
00838470	eh_funclets	0
00838478	unclassified	0
00838490	eh_funclets	0
0083849e	eh_funclets	0
008384ac	eh_funclets	0
008384ba	unclassified	0
008384d0	eh_funclets	0
008384db	unclassified	0
008384f0	eh_funclets	0
008384fb	unclassified	0
00838510	eh_funclets	0
0083851b	unclassified	0
00838530	eh_funclets	0
0083853b	unclassified	0
00838550	eh_funclets	0
00838558	unclassified	0
00838570	eh_funclets	0
00838578	unclassified	0
00838590	eh_funclets	0
0083859b	unclassified	0
008385b0	eh_funclets	0
008385bb	unclassified	0
008385d0	eh_funclets	0
008385db	unclassified	0
008385f0	eh_funclets	0
008385fb	unclassified	0
00838610	eh_funclets	0
0083861b	unclassified	0
00838630	eh_funclets	0
0083863b	unclassified	0
00838650	eh_funclets	0
0083865e	eh_funclets	0
0083866c	eh_funclets	0
0083867a	eh_funclets	0
00838688	eh_funclets	0
00838696	eh_funclets	0
008386a4	eh_funclets	0
008386b2	eh_funclets	0
008386c0	eh_funclets	0
008386ce	eh_funclets	0
008386dc	eh_funclets	0
008386ea	eh_funclets	0
008386f8	eh_funclets	0
00838706	eh_funclets	0
00838714	eh_funclets	0
00838722	eh_funclets	0
00838730	eh_funclets	0
0083873e	eh_funclets	0
0083874c	eh_funclets	0
0083875a	eh_funclets	0
00838768	eh_funclets	0
00838776	eh_funclets	0
00838784	eh_funclets	0
00838792	eh_funclets	0
008387a0	eh_funclets	0
008387ae	eh_funclets	0
008387bc	eh_funclets	0
008387ca	eh_funclets	0
008387d8	eh_funclets	0
008387e6	eh_funclets	0
008387f4	eh_funclets	0
00838802	eh_funclets	0
00838810	eh_funclets	0
0083881e	eh_funclets	0
0083882c	eh_funclets	0
0083883a	eh_funclets	0
00838848	eh_funclets	0
00838856	eh_funclets	0
00838864	eh_funclets	0
00838872	eh_funclets	0
00838880	unclassified	0
00838890	eh_funclets	0
0083889e	eh_funclets	0
008388ac	eh_funclets	0
008388ba	eh_funclets	0
008388c8	eh_funclets	0
008388d6	eh_funclets	0
008388e4	eh_funclets	0
008388f2	eh_funclets	0
00838900	eh_funclets	0
0083890e	eh_funclets	0
0083891c	eh_funclets	0
0083892a	eh_funclets	0
00838938	eh_funclets	0
00838946	eh_funclets	0
00838954	eh_funclets	0
00838962	eh_funclets	0
0083896d	eh_funclets	0
0083897b	eh_funclets	0
00838989	eh_funclets	0
00838994	eh_funclets	0
008389a2	eh_funclets	0
008389ad	eh_funclets	0
008389b8	eh_funclets	0
008389c6	eh_funclets	0
008389d1	eh_funclets	0
008389dc	eh_funclets	0
008389e7	eh_funclets	0
008389f5	eh_funclets	0
00838a03	eh_funclets	0
00838a11	eh_funclets	0
00838a1f	eh_funclets	0
00838a2d	eh_funclets	0
00838a38	eh_funclets	0
00838a46	eh_funclets	0
00838a54	unclassified	0
00838a60	eh_funclets	0
00838a6b	unclassified	0
00838a80	eh_funclets	0
00838a8b	unclassified	0
00838aa0	eh_funclets	0
00838aa8	eh_funclets	0
00838ab3	unclassified	0
00838ac0	eh_funclets	0
00838ac8	eh_funclets	0
00838ad3	unclassified	0
00838ae0	eh_funclets	0
00838aee	eh_funclets	0
00838afc	eh_funclets	0
00838b0a	eh_funclets	0
00838b18	eh_funclets	0
00838b26	eh_funclets	0
00838b34	eh_funclets	0
00838b42	eh_funclets	0
00838b50	eh_funclets	0
00838b5e	eh_funclets	0
00838b69	eh_funclets	0
00838b77	eh_funclets	0
00838b85	eh_funclets	0
00838b93	unclassified	0
00838ba0	eh_funclets	0
00838bab	unclassified	0
00838bc0	eh_funclets	0
00838bc8	unclassified	0
00838be0	eh_funclets	0
00838beb	eh_funclets	0
00838bf6	eh_funclets	0
00838c01	eh_funclets	0
00838c0c	eh_funclets	0
00838c17	eh_funclets	0
00838c22	eh_funclets	0
00838c2d	eh_funclets	0
00838c38	eh_funclets	0
00838c43	eh_funclets	0
00838c4e	unclassified	0
00838c60	eh_funclets	0
00838c68	eh_funclets	0
00838c76	eh_funclets	0
00838c84	eh_funclets	0
00838c92	unclassified	0
00838ca0	eh_funclets	0
00838cae	eh_funclets	0
00838cbc	eh_funclets	0
00838cca	eh_funclets	0
00838cd5	eh_funclets	0
00838ce3	eh_funclets	0
00838cf1	eh_funclets	0
00838cff	eh_funclets	0
00838d0d	eh_funclets	0
00838d1b	eh_funclets	0
00838d29	eh_funclets	0
00838d37	eh_funclets	0
00838d45	eh_funclets	0
00838d53	eh_funclets	0
00838d61	eh_funclets	0
00838d6f	eh_funclets	0
00838d7d	unclassified	0
00838d90	eh_funclets	0
00838d9b	unclassified	0
00838db0	eh_funclets	0
00838dbb	unclassified	0
00838dd0	eh_funclets	0
00838ddb	unclassified	0
00838df0	eh_funclets	0
00838dfe	eh_funclets	0
00838e0c	eh_funclets	0
00838e1a	eh_funclets	0
00838e28	eh_funclets	0
00838e36	eh_funclets	0
00838e44	unclassified	0
00838e50	eh_funclets	0
00838e5b	unclassified	0
00838e70	eh_funclets	0
00838e7b	unclassified	0
00838e90	eh_funclets	0
00838e9b	unclassified	0
00838eb0	eh_funclets	0
00838eb8	eh_funclets	0
00838ec3	unclassified	0
00838ed0	eh_funclets	0
00838ed8	eh_funclets	0
00838ee3	unclassified	0
00838ef0	eh_funclets	0
00838ef8	eh_funclets	0
00838f03	unclassified	0
00838f10	eh_funclets	0
00838f18	eh_funclets	0
00838f23	unclassified	0
00838f30	eh_funclets	0
00838f38	eh_funclets	0
00838f43	unclassified	0
00838f50	eh_funclets	0
00838f58	eh_funclets	0
00838f63	unclassified	0
00838f70	eh_funclets	0
00838f78	eh_funclets	0
00838f83	unclassified	0
00838f90	eh_funclets	0
00838f98	eh_funclets	0
00838fa3	unclassified	0
00838fb0	eh_funclets	0
00838fb8	eh_funclets	0
00838fc3	unclassified	0
00838fd0	eh_funclets	0
00838fd8	eh_funclets	0
00838fe3	unclassified	0
00838ff0	eh_funclets	0
00838ff8	eh_funclets	0
00839003	unclassified	0
00839010	eh_funclets	0
00839018	eh_funclets	0
00839023	unclassified	0
00839030	eh_funclets	0
00839038	eh_funclets	0
00839043	unclassified	0
00839050	eh_funclets	0
00839058	eh_funclets	0
00839063	unclassified	0
00839070	eh_funclets	0
00839078	eh_funclets	0
00839083	unclassified	0
00839090	eh_funclets	0
00839098	eh_funclets	0
008390a3	unclassified	0
008390b0	eh_funclets	0
008390b8	eh_funclets	0
008390c3	unclassified	0
008390d0	eh_funclets	0
008390d8	unclassified	0
008390f0	eh_funclets	0
008390f8	unclassified	0
00839110	eh_funclets	0
00839118	eh_funclets	0
00839123	unclassified	0
00839130	eh_funclets	0
00839138	eh_funclets	0
00839143	unclassified	0
00839150	eh_funclets	0
00839158	eh_funclets	0
00839163	unclassified	0
00839170	eh_funclets	0
00839178	unclassified	0
00839190	eh_funclets	0
00839198	eh_funclets	0
008391a3	unclassified	0
008391b0	eh_funclets	0
008391b8	eh_funclets	0
008391c3	unclassified	0
008391d0	eh_funclets	0
008391d8	eh_funclets	0
008391e3	unclassified	0
008391f0	eh_funclets	0
008391f8	eh_funclets	0
00839203	unclassified	0
00839210	eh_funclets	0
00839218	eh_funclets	0
00839223	unclassified	0
00839230	eh_funclets	0
00839238	unclassified	0
00839250	eh_funclets	0
00839258	eh_funclets	0
00839263	unclassified	0
00839270	eh_funclets	0
00839278	eh_funclets	0
00839283	unclassified	0
00839290	eh_funclets	0
00839298	eh_funclets	0
008392a3	unclassified	0
008392b0	eh_funclets	0
008392b8	unclassified	0
008392d0	eh_funclets	0
008392d8	unclassified	0
008392f0	eh_funclets	0
008392f8	unclassified	0
00839310	eh_funclets	0
00839318	unclassified	0
00839330	eh_funclets	0
00839338	unclassified	0
00839350	eh_funclets	0
00839358	unclassified	0
00839370	eh_funclets	0
00839378	unclassified	0
00839390	eh_funclets	0
00839398	unclassified	0
008393b0	eh_funclets	0
008393b8	unclassified	0
008393d0	eh_funclets	0
008393d8	unclassified	0
008393f0	eh_funclets	0
008393f8	unclassified	0
00839410	eh_funclets	0
00839418	unclassified	0
00839430	eh_funclets	0
00839438	unclassified	0
00839450	eh_funclets	0
00839458	unclassified	0
00839470	eh_funclets	0
00839478	unclassified	0
00839490	eh_funclets	0
00839498	unclassified	0
008394b0	eh_funclets	0
008394b8	unclassified	0
008394d0	eh_funclets	0
008394d8	unclassified	0
008394f0	eh_funclets	0
008394f8	unclassified	0
00839510	eh_funclets	0
00839518	unclassified	0
00839530	eh_funclets	0
00839538	unclassified	0
00839550	eh_funclets	0
00839558	unclassified	0
00839570	eh_funclets	0
00839578	unclassified	0
00839590	eh_funclets	0
00839598	unclassified	0
008395b0	eh_funclets	0
008395b8	unclassified	0
008395d0	eh_funclets	0
008395d8	unclassified	0
008395f0	eh_funclets	0
008395f8	unclassified	0
00839610	eh_funclets	0
00839618	unclassified	0
00839630	eh_funclets	0
00839638	unclassified	0
00839650	eh_funclets	0
00839658	unclassified	0
00839670	eh_funclets	0
00839678	unclassified	0
00839690	eh_funclets	0
00839698	unclassified	0
008396b0	eh_funclets	0
008396bb	eh_funclets	0
008396c6	eh_funclets	0
008396d1	eh_funclets	0
008396dc	eh_funclets	0
008396e7	eh_funclets	0
008396f0	unclassified	0
008396f2	eh_funclets	0
008396fd	eh_funclets	0
00839708	eh_funclets	0
00839713	eh_funclets	0
0083971e	eh_funclets	0
00839729	eh_funclets	0
00839734	eh_funclets	0
0083973f	eh_funclets	0
0083974a	eh_funclets	0
00839755	eh_funclets	0
00839760	eh_funclets	0
0083976b	eh_funclets	0
00839776	eh_funclets	0
00839781	eh_funclets	0
0083978c	eh_funclets	0
00839797	eh_funclets	0
008397a0	unclassified	0
008397a2	eh_funclets	0
008397ad	eh_funclets	0
008397b8	eh_funclets	0
008397c3	eh_funclets	0
008397ce	eh_funclets	0
008397d9	eh_funclets	0
008397e4	eh_funclets	0
008397ef	eh_funclets	0
008397fa	eh_funclets	0
00839805	eh_funclets	0
00839810	unclassified	0
00839820	eh_funclets	0
00839828	eh_funclets	0
00839833	eh_funclets	0
0083983e	unclassified	0
00839850	eh_funclets	0
00839858	eh_funclets	0
00839863	eh_funclets	0
0083986e	unclassified	0
00839880	eh_funclets	0
0083988b	unclassified	0
008398a0	eh_funclets	0
008398ab	unclassified	0
008398c0	eh_funclets	0
008398cb	unclassified	0
008398e0	eh_funclets	0
008398eb	unclassified	0
00839900	eh_funclets	0
0083990b	unclassified	0
00839920	eh_funclets	0
00839928	eh_funclets	0
00839933	unclassified	0
00839940	eh_funclets	0
00839948	unclassified	0
00839960	eh_funclets	0
00839968	unclassified	0
00839980	eh_funclets	0
00839988	unclassified	0
008399a0	eh_funclets	0
008399a8	unclassified	0
008399c0	eh_funclets	0
008399c8	unclassified	0
008399e0	eh_funclets	0
008399e8	unclassified	0
00839a00	eh_funclets	0
00839a08	unclassified	0
00839a20	eh_funclets	0
00839a28	unclassified	0
00839a40	eh_funclets	0
00839a48	unclassified	0
00839a60	eh_funclets	0
00839a68	unclassified	0
00839a80	eh_funclets	0
00839a88	unclassified	0
00839aa0	eh_funclets	0
00839aa8	unclassified	0
00839ac0	eh_funclets	0
00839ac8	unclassified	0
00839ae0	eh_funclets	0
00839ae8	unclassified	0
00839b00	eh_funclets	0
00839b08	unclassified	0
00839b20	eh_funclets	0
00839b28	unclassified	0
00839b40	eh_funclets	0
00839b48	unclassified	0
00839b60	eh_funclets	0
00839b68	unclassified	0
00839b80	eh_funclets	0
00839b88	unclassified	0
00839ba0	eh_funclets	0
00839ba8	unclassified	0
00839bc0	eh_funclets	0
00839bc8	unclassified	0
00839be0	eh_funclets	0
00839be8	unclassified	0
00839c00	eh_funclets	0
00839c08	unclassified	0
00839c20	eh_funclets	0
00839c28	unclassified	0
00839c40	eh_funclets	0
00839c48	unclassified	0
00839c60	eh_funclets	0
00839c68	unclassified	0
00839c80	eh_funclets	0
00839c88	unclassified	0
00839ca0	eh_funclets	0
00839ca8	unclassified	0
00839cc0	eh_funclets	0
00839cc8	unclassified	0
00839ce0	eh_funclets	0
00839ce8	unclassified	0
00839d00	eh_funclets	0
00839d08	unclassified	0
00839d20	eh_funclets	0
00839d28	unclassified	0
00839d40	eh_funclets	0
00839d48	unclassified	0
00839d60	eh_funclets	0
00839d68	unclassified	0
00839d80	eh_funclets	0
00839d88	unclassified	0
00839da0	eh_funclets	0
00839da8	unclassified	0
00839dc0	eh_funclets	0
00839dc8	unclassified	0
00839de0	eh_funclets	0
00839de8	unclassified	0
00839e00	eh_funclets	0
00839e08	unclassified	0
00839e20	eh_funclets	0
00839e28	unclassified	0
00839e40	eh_funclets	0
00839e48	unclassified	0
00839e60	eh_funclets	0
00839e68	unclassified	0
00839e80	eh_funclets	0
00839e88	unclassified	0
00839ea0	eh_funclets	0
00839ea8	unclassified	0
00839ec0	eh_funclets	0
00839ec8	unclassified	0
00839ee0	eh_funclets	0
00839ee8	unclassified	0
00839f00	eh_funclets	0
00839f08	unclassified	0
00839f20	eh_funclets	0
00839f28	unclassified	0
00839f40	eh_funclets	0
00839f48	unclassified	0
00839f60	eh_funclets	0
00839f68	unclassified	0
00839f80	eh_funclets	0
00839f88	unclassified	0
00839fa0	eh_funclets	0
00839fa8	unclassified	0
00839fc0	eh_funclets	0
00839fc8	unclassified	0
00839fe0	eh_funclets	0
00839fe8	eh_funclets	0
00839ff0	eh_funclets	0
00839ff8	eh_funclets	0
0083a000	unclassified	0
0083a010	eh_funclets	0
0083a018	unclassified	0
0083a030	eh_funclets	0
0083a038	unclassified	0
0083a050	eh_funclets	0
0083a058	unclassified	0
0083a070	eh_funclets	0
0083a078	unclassified	0
0083a090	eh_funclets	0
0083a098	unclassified	0
0083a0b0	eh_funclets	0
0083a0b8	unclassified	0
0083a0d0	eh_funclets	0
0083a0d8	unclassified	0
0083a0f0	eh_funclets	0
0083a0f8	unclassified	0
0083a110	eh_funclets	0
0083a118	unclassified	0
0083a130	eh_funclets	0
0083a138	unclassified	0
0083a150	eh_funclets	0
0083a158	unclassified	0
0083a170	eh_funclets	0
0083a178	unclassified	0
0083a190	eh_funclets	0
0083a198	unclassified	0
0083a1b0	eh_funclets	0
0083a1b8	unclassified	0
0083a1d0	eh_funclets	0
0083a1d8	unclassified	0
0083a1f0	eh_funclets	0
0083a1f8	unclassified	0
0083a210	eh_funclets	0
0083a218	unclassified	0
0083a230	eh_funclets	0
0083a238	unclassified	0
0083a250	eh_funclets	0
0083a258	unclassified	0
0083a270	eh_funclets	0
0083a278	unclassified	0
0083a290	eh_funclets	0
0083a298	unclassified	0
0083a2b0	eh_funclets	0
0083a2b8	unclassified	0
0083a2d0	eh_funclets	0
0083a2d8	unclassified	0
0083a2f0	eh_funclets	0
0083a2f8	unclassified	0
0083a310	eh_funclets	0
0083a318	unclassified	0
0083a330	eh_funclets	0
0083a338	unclassified	0
0083a350	eh_funclets	0
0083a358	unclassified	0
0083a370	eh_funclets	0
0083a37b	unclassified	0
0083a390	eh_funclets	0
0083a39b	unclassified	0
0083a3b0	eh_funclets	0
0083a3bb	unclassified	0
0083a3d0	eh_funclets	0
0083a3db	unclassified	0
0083a3f0	eh_funclets	0
0083a3fb	unclassified	0
0083a410	eh_funclets	0
0083a41b	unclassified	0
0083a430	eh_funclets	0
0083a43b	unclassified	0
0083a450	eh_funclets	0
0083a45b	unclassified	0
0083a470	eh_funclets	0
0083a47b	unclassified	0
0083a490	eh_funclets	0
0083a49b	unclassified	0
0083a4b0	eh_funclets	0
0083a4bb	unclassified	0
0083a4d0	eh_funclets	0
0083a4db	unclassified	0
0083a4f0	eh_funclets	0
0083a4fb	unclassified	0
0083a510	eh_funclets	0
0083a51b	unclassified	0
0083a530	eh_funclets	0
0083a53b	unclassified	0
0083a550	eh_funclets	0
0083a55b	unclassified	0
0083a570	eh_funclets	0
0083a57b	unclassified	0
0083a590	eh_funclets	0
0083a59b	unclassified	0
0083a5b0	eh_funclets	0
0083a5bb	unclassified	0
0083a5d0	eh_funclets	0
0083a5db	unclassified	0
0083a5f0	eh_funclets	0
0083a5fb	unclassified	0
0083a610	eh_funclets	0
0083a61b	unclassified	0
0083a630	eh_funclets	0
0083a63b	unclassified	0
0083a650	eh_funclets	0
0083a65b	unclassified	0
0083a670	eh_funclets	0
0083a67b	unclassified	0
0083a690	eh_funclets	0
0083a69b	unclassified	0
0083a6b0	eh_funclets	0
0083a6bb	unclassified	0
0083a6d0	eh_funclets	0
0083a6db	unclassified	0
0083a6f0	eh_funclets	0
0083a6fb	unclassified	0
0083a710	eh_funclets	0
0083a71b	unclassified	0
0083a730	eh_funclets	0
0083a73b	unclassified	0
0083a750	eh_funclets	0
0083a75b	unclassified	0
0083a770	eh_funclets	0
0083a77b	unclassified	0
0083a790	eh_funclets	0
0083a79b	unclassified	0
0083a7b0	eh_funclets	0
0083a7bb	unclassified	0
0083a7d0	eh_funclets	0
0083a7db	unclassified	0
0083a7f0	eh_funclets	0
0083a7fb	unclassified	0
0083a810	eh_funclets	0
0083a81b	unclassified	0
0083a830	eh_funclets	0
0083a83b	unclassified	0
0083a850	eh_funclets	0
0083a85b	unclassified	0
0083a870	eh_funclets	0
0083a87b	unclassified	0
0083a890	eh_funclets	0
0083a89b	eh_funclets	0
0083a8a6	eh_funclets	0
0083a8b1	eh_funclets	0
0083a8bc	eh_funclets	0
0083a8c7	eh_funclets	0
0083a8d2	eh_funclets	0
0083a8dd	eh_funclets	0
0083a8e8	eh_funclets	0
0083a8f3	eh_funclets	0
0083a8fe	eh_funclets	0
0083a909	unclassified	0
0083a920	eh_funclets	0
0083a92b	unclassified	0
0083a940	eh_funclets	0
0083a94b	unclassified	0
0083a960	eh_funclets	0
0083a96b	eh_funclets	0
0083a976	eh_funclets	0
0083a981	unclassified	0
0083a990	eh_funclets	0
0083a99b	unclassified	0
0083a9b0	eh_funclets	0
0083a9bb	eh_funclets	0
0083a9c6	unclassified	0
0083a9d0	eh_funclets	0
0083a9db	unclassified	0
0083a9f0	eh_funclets	0
0083a9fb	unclassified	0
0083aa10	eh_funclets	0
0083aa1b	unclassified	0
0083aa30	eh_funclets	0
0083aa3b	unclassified	0
0083aa50	eh_funclets	0
0083aa5b	unclassified	0
0083aa70	eh_funclets	0
0083aa7b	unclassified	0
0083aa90	eh_funclets	0
0083aa9b	unclassified	0
0083aab0	eh_funclets	0
0083aabb	eh_funclets	0
0083aac6	eh_funclets	0
0083aad1	eh_funclets	0
0083aadc	unclassified	0
0083aaf0	eh_funclets	0
0083aafb	unclassified	0
0083ab10	eh_funclets	0
0083ab1b	eh_funclets	0
0083ab23	eh_funclets	0
0083ab2e	eh_funclets	0
0083ab36	eh_funclets	0
0083ab3e	eh_funclets	0
0083ab4c	eh_funclets	0
0083ab5a	eh_funclets	0
0083ab68	eh_funclets	0
0083ab76	eh_funclets	0
0083ab84	eh_funclets	0
0083ab92	eh_funclets	0
0083aba0	eh_funclets	0
0083abab	eh_funclets	0
0083abb6	unclassified	0
0083abc0	eh_funclets	0
0083abcb	unclassified	0
0083abe0	eh_funclets	0
0083abeb	unclassified	0
0083ac00	eh_funclets	0
0083ac0b	unclassified	0
0083ac20	eh_funclets	0
0083ac2b	eh_funclets	0
0083ac36	eh_funclets	0
0083ac41	unclassified	0
0083ac50	eh_funclets	0
0083ac5b	eh_funclets	0
0083ac66	eh_funclets	0
0083ac71	unclassified	0
0083ac80	eh_funclets	0
0083ac8b	eh_funclets	0
0083ac96	unclassified	0
0083aca0	eh_funclets	0
0083acab	unclassified	0
0083acc0	eh_funclets	0
0083accb	unclassified	0
0083ace0	eh_funclets	0
0083aceb	unclassified	0
0083ad00	eh_funclets	0
0083ad0b	unclassified	0
0083ad20	eh_funclets	0
0083ad2b	unclassified	0
0083ad40	eh_funclets	0
0083ad4b	eh_funclets	0
0083ad56	unclassified	0
0083ad60	eh_funclets	0
0083ad6b	unclassified	0
0083ad80	eh_funclets	0
0083ad8b	eh_funclets	0
0083ad96	eh_funclets	0
0083ada1	eh_funclets	0
0083adac	eh_funclets	0
0083adb7	eh_funclets	0
0083adc2	eh_funclets	0
0083adcd	eh_funclets	0
0083add8	eh_funclets	0
0083ade3	eh_funclets	0
0083adee	eh_funclets	0
0083adf9	unclassified	0
0083ae10	eh_funclets	0
0083ae1b	unclassified	0
0083ae30	eh_funclets	0
0083ae3b	eh_funclets	0
0083ae46	eh_funclets	0
0083ae51	eh_funclets	0
0083ae5c	eh_funclets	0
0083ae67	eh_funclets	0
0083ae72	eh_funclets	0
0083ae7d	eh_funclets	0
0083ae88	eh_funclets	0
0083ae93	eh_funclets	0
0083ae9e	eh_funclets	0
0083aea9	unclassified	0
0083aec0	eh_funclets	0
0083aecb	unclassified	0
0083aee0	eh_funclets	0
0083aeeb	unclassified	0
0083af00	eh_funclets	0
0083af0b	eh_funclets	0
0083af16	eh_funclets	0
0083af21	unclassified	0
0083af30	eh_funclets	0
0083af3b	unclassified	0
0083af50	eh_funclets	0
0083af5b	unclassified	0
0083af70	eh_funclets	0
0083af7b	unclassified	0
0083af90	eh_funclets	0
0083af9b	eh_funclets	0
0083afa6	unclassified	0
0083afb0	eh_funclets	0
0083afbb	unclassified	0
0083afd0	eh_funclets	0
0083afdb	unclassified	0
0083aff0	eh_funclets	0
0083affb	eh_funclets	0
0083b006	eh_funclets	0
0083b011	unclassified	0
0083b020	eh_funclets	0
0083b02b	eh_funclets	0
0083b036	eh_funclets	0
0083b041	eh_funclets	0
0083b04c	eh_funclets	0
0083b057	eh_funclets	0
0083b062	eh_funclets	0
0083b06d	eh_funclets	0
0083b078	eh_funclets	0
0083b083	eh_funclets	0
0083b08e	eh_funclets	0
0083b099	eh_funclets	0
0083b0a4	unclassified	0
0083b0b0	eh_funclets	0
0083b0bb	eh_funclets	0
0083b0c6	eh_funclets	0
0083b0d1	eh_funclets	0
0083b0dc	eh_funclets	0
0083b0e7	eh_funclets	0
0083b0f2	eh_funclets	0
0083b0fd	eh_funclets	0
0083b108	eh_funclets	0
0083b113	eh_funclets	0
0083b11e	eh_funclets	0
0083b129	eh_funclets	0
0083b134	eh_funclets	0
0083b13f	eh_funclets	0
0083b14a	eh_funclets	0
0083b155	eh_funclets	0
0083b160	eh_funclets	0
0083b16b	eh_funclets	0
0083b176	eh_funclets	0
0083b181	eh_funclets	0
0083b18c	eh_funclets	0
0083b197	eh_funclets	0
0083b1a2	eh_funclets	0
0083b1ad	eh_funclets	0
0083b1b8	eh_funclets	0
0083b1c3	eh_funclets	0
0083b1ce	eh_funclets	0
0083b1d9	eh_funclets	0
0083b1e4	eh_funclets	0
0083b1ef	eh_funclets	0
0083b1fa	eh_funclets	0
0083b205	unclassified	0
0083b210	eh_funclets	0
0083b21b	eh_funclets	0
0083b226	eh_funclets	0
0083b231	eh_funclets	0
0083b23c	eh_funclets	0
0083b247	eh_funclets	0
0083b252	eh_funclets	0
0083b25d	unclassified	0
0083b270	eh_funclets	0
0083b27e	eh_funclets	0
0083b28c	eh_funclets	0
0083b29a	eh_funclets	0
0083b2a8	eh_funclets	0
0083b2b6	eh_funclets	0
0083b2c4	eh_funclets	0
0083b2d2	eh_funclets	0
0083b2e0	eh_funclets	0
0083b2ee	eh_funclets	0
0083b2fc	eh_funclets	0
0083b30a	eh_funclets	0
0083b318	eh_funclets	0
0083b326	eh_funclets	0
0083b334	eh_funclets	0
0083b342	eh_funclets	0
0083b350	eh_funclets	0
0083b35e	eh_funclets	0
0083b36c	eh_funclets	0
0083b37a	eh_funclets	0
0083b388	unclassified	0
0083b3a0	eh_funclets	0
0083b3ae	eh_funclets	0
0083b3bc	eh_funclets	0
0083b3ca	eh_funclets	0
0083b3d8	eh_funclets	0
0083b3e6	eh_funclets	0
0083b3f4	eh_funclets	0
0083b402	eh_funclets	0
0083b410	eh_funclets	0
0083b41e	eh_funclets	0
0083b42c	eh_funclets	0
0083b43a	eh_funclets	0
0083b448	eh_funclets	0
0083b456	unclassified	0
0083b460	eh_funclets	0
0083b46b	eh_funclets	0
0083b476	eh_funclets	0
0083b481	eh_funclets	0
0083b48c	eh_funclets	0
0083b497	eh_funclets	0
0083b4a2	eh_funclets	0
0083b4ad	eh_funclets	0
0083b4b8	eh_funclets	0
0083b4c3	eh_funclets	0
0083b4ce	eh_funclets	0
0083b4d9	eh_funclets	0
0083b4e4	eh_funclets	0
0083b4ef	eh_funclets	0
0083b4fa	unclassified	0
0083b510	eh_funclets	0
0083b51b	eh_funclets	0
0083b526	eh_funclets	0
0083b531	eh_funclets	0
0083b53c	eh_funclets	0
0083b547	eh_funclets	0
0083b552	eh_funclets	0
0083b55d	eh_funclets	0
0083b568	eh_funclets	0
0083b573	eh_funclets	0
0083b57e	eh_funclets	0
0083b589	eh_funclets	0
0083b594	eh_funclets	0
0083b59f	eh_funclets	0
0083b5aa	eh_funclets	0
0083b5b5	eh_funclets	0
0083b5c0	eh_funclets	0
0083b5cb	eh_funclets	0
0083b5d6	eh_funclets	0
0083b5e1	eh_funclets	0
0083b5ec	eh_funclets	0
0083b5f7	eh_funclets	0
0083b602	eh_funclets	0
0083b60d	unclassified	0
0083b620	eh_funclets	0
0083b62b	eh_funclets	0
0083b636	eh_funclets	0
0083b641	eh_funclets	0
0083b64c	eh_funclets	0
0083b657	eh_funclets	0
0083b65f	eh_funclets	0
0083b66a	unclassified	0
0083b680	eh_funclets	0
0083b68e	eh_funclets	0
0083b69c	eh_funclets	0
0083b6aa	eh_funclets	0
0083b6b8	eh_funclets	0
0083b6c6	eh_funclets	0
0083b6d4	eh_funclets	0
0083b6e2	eh_funclets	0
0083b6f0	eh_funclets	0
0083b6fe	eh_funclets	0
0083b70c	eh_funclets	0
0083b71a	eh_funclets	0
0083b728	unclassified	0
0083b740	eh_funclets	0
0083b74b	eh_funclets	0
0083b756	eh_funclets	0
0083b761	eh_funclets	0
0083b76c	eh_funclets	0
0083b777	eh_funclets	0
0083b782	eh_funclets	0
0083b78d	eh_funclets	0
0083b798	eh_funclets	0
0083b7a3	eh_funclets	0
0083b7ae	unclassified	0
0083b7c0	eh_funclets	0
0083b7cb	unclassified	0
0083b7e0	eh_funclets	0
0083b7eb	eh_funclets	0
0083b7f6	eh_funclets	0
0083b801	eh_funclets	0
0083b80c	eh_funclets	0
0083b817	eh_funclets	0
0083b822	eh_funclets	0
0083b82d	eh_funclets	0
0083b838	eh_funclets	0
0083b843	eh_funclets	0
0083b84e	eh_funclets	0
0083b859	eh_funclets	0
0083b864	eh_funclets	0
0083b86f	eh_funclets	0
0083b87a	eh_funclets	0
0083b885	eh_funclets	0
0083b890	eh_funclets	0
0083b89b	eh_funclets	0
0083b8a6	eh_funclets	0
0083b8b1	eh_funclets	0
0083b8bc	eh_funclets	0
0083b8c7	eh_funclets	0
0083b8d2	eh_funclets	0
0083b8dd	eh_funclets	0
0083b8e8	eh_funclets	0
0083b8f3	eh_funclets	0
0083b8fe	eh_funclets	0
0083b909	eh_funclets	0
0083b914	eh_funclets	0
0083b91f	eh_funclets	0
0083b92a	eh_funclets	0
0083b935	eh_funclets	0
0083b940	eh_funclets	0
0083b94b	eh_funclets	0
0083b956	eh_funclets	0
0083b961	eh_funclets	0
0083b96c	eh_funclets	0
0083b977	unclassified	0
0083b990	eh_funclets	0
0083b99b	eh_funclets	0
0083b9a6	unclassified	0
0083b9b0	eh_funclets	0
0083b9bb	eh_funclets	0
0083b9c6	eh_funclets	0
0083b9d1	eh_funclets	0
0083b9dc	eh_funclets	0
0083b9e7	eh_funclets	0
0083b9f2	eh_funclets	0
0083b9fd	eh_funclets	0
0083ba08	eh_funclets	0
0083ba13	eh_funclets	0
0083ba1e	eh_funclets	0
0083ba29	eh_funclets	0
0083ba34	eh_funclets	0
0083ba3f	eh_funclets	0
0083ba4a	eh_funclets	0
0083ba55	eh_funclets	0
0083ba60	eh_funclets	0
0083ba6b	eh_funclets	0
0083ba76	eh_funclets	0
0083ba81	eh_funclets	0
0083ba8c	eh_funclets	0
0083ba97	eh_funclets	0
0083baa2	unclassified	0
0083bab0	eh_funclets	0
0083babb	eh_funclets	0
0083bac6	eh_funclets	0
0083bad1	eh_funclets	0
0083badc	eh_funclets	0
0083bae7	eh_funclets	0
0083baf2	eh_funclets	0
0083bafd	eh_funclets	0
0083bb08	eh_funclets	0
0083bb13	eh_funclets	0
0083bb1e	eh_funclets	0
0083bb29	eh_funclets	0
0083bb34	eh_funclets	0
0083bb3f	eh_funclets	0
0083bb4a	unclassified	0
0083bb60	eh_funclets	0
0083bb6b	eh_funclets	0
0083bb76	eh_funclets	0
0083bb81	eh_funclets	0
0083bb8c	eh_funclets	0
0083bb97	unclassified	0
0083bbb0	eh_funclets	0
0083bbbb	eh_funclets	0
0083bbc6	eh_funclets	0
0083bbd1	unclassified	0
0083bbe0	eh_funclets	0
0083bbeb	eh_funclets	0
0083bbf6	unclassified	0
0083bc00	eh_funclets	0
0083bc08	unclassified	0
0083bc20	eh_funclets	0
0083bc28	unclassified	0
0083bc40	eh_funclets	0
0083bc4b	unclassified	0
0083bc60	eh_funclets	0
0083bc6b	unclassified	0
0083bc80	eh_funclets	0
0083bc8b	unclassified	0
0083bca0	eh_funclets	0
0083bcab	unclassified	0
0083bcc0	eh_funclets	0
0083bccb	unclassified	0
0083bce0	eh_funclets	0
0083bceb	unclassified	0
0083bd00	eh_funclets	0
0083bd0b	unclassified	0
0083bd20	eh_funclets	0
0083bd2b	unclassified	0
0083bd40	eh_funclets	0
0083bd4b	unclassified	0
0083bd60	eh_funclets	0
0083bd6b	unclassified	0
0083bd80	eh_funclets	0
0083bd8e	eh_funclets	0
0083bd9c	unclassified	0
0083bdb0	eh_funclets	0
0083bdbe	unclassified	0
0083bdd0	eh_funclets	0
0083bddb	unclassified	0
0083bdf0	eh_funclets	0
0083bdf8	unclassified	0
0083be10	eh_funclets	0
0083be1b	eh_funclets	0
0083be26	eh_funclets	0
0083be31	eh_funclets	0
0083be3c	unclassified	0
0083be50	eh_funclets	0
0083be58	unclassified	0
0083be70	eh_funclets	0
0083be78	unclassified	0
0083be90	eh_funclets	0
0083be98	unclassified	0
0083beb0	eh_funclets	0
0083beb8	unclassified	0
0083bed0	eh_funclets	0
0083bed8	unclassified	0
0083bef0	eh_funclets	0
0083bef8	unclassified	0
0083bf10	eh_funclets	0
0083bf18	unclassified	0
0083bf30	eh_funclets	0
0083bf3b	unclassified	0
0083bf50	eh_funclets	0
0083bf5b	unclassified	0
0083bf70	eh_funclets	0
0083bf7b	unclassified	0
0083bf90	eh_funclets	0
0083bf9b	unclassified	0
0083bfb0	eh_funclets	0
0083bfb8	unclassified	0
0083bfd0	eh_funclets	0
0083bfd8	unclassified	0
0083bff0	eh_funclets	0
0083bff8	unclassified	0
0083c010	eh_funclets	0
0083c018	unclassified	0
0083c030	eh_funclets	0
0083c038	unclassified	0
0083c050	eh_funclets	0
0083c058	unclassified	0
0083c070	eh_funclets	0
0083c078	unclassified	0
0083c090	eh_funclets	0
0083c098	unclassified	0
0083c0b0	eh_funclets	0
0083c0b8	unclassified	0
0083c0d0	eh_funclets	0
0083c0d8	unclassified	0
0083c0f0	eh_funclets	0
0083c0fb	eh_funclets	0
0083c106	unclassified	0
0083c110	eh_funclets	0
0083c11b	unclassified	0
0083c130	eh_funclets	0
0083c138	unclassified	0
0083c150	eh_funclets	0
0083c158	unclassified	0
0083c170	eh_funclets	0
0083c178	unclassified	0
0083c190	eh_funclets	0
0083c19b	eh_funclets	0
0083c1a6	eh_funclets	0
0083c1b1	eh_funclets	0
0083c1bc	eh_funclets	0
0083c1c7	unclassified	0
0083c1e0	unclassified	0
0083c1f0	eh_funclets	0
0083c1f8	unclassified	0
0083c210	eh_funclets	0
0083c218	unclassified	0
0083c230	eh_funclets	0
0083c238	unclassified	0
0083c250	unclassified	0
0083c260	eh_funclets	0
0083c268	unclassified	0
0083c280	eh_funclets	0
0083c288	unclassified	0
0083c2a0	eh_funclets	0
0083c2a8	unclassified	0
0083c2c0	eh_funclets	0
0083c2c8	unclassified	0
0083c2e0	eh_funclets	0
0083c2e8	unclassified	0
0083c300	eh_funclets	0
0083c308	unclassified	0
0083c320	eh_funclets	0
0083c328	unclassified	0
0083c340	eh_funclets	0
0083c348	unclassified	0
0083c360	eh_funclets	0
0083c368	unclassified	0
0083c380	eh_funclets	0
0083c388	unclassified	0
0083c3a0	eh_funclets	0
0083c3a8	unclassified	0
0083c3c0	eh_funclets	0
0083c3c8	unclassified	0
0083c3e0	eh_funclets	0
0083c3e8	unclassified	0
0083c400	eh_funclets	0
0083c408	unclassified	0
0083c420	eh_funclets	0
0083c428	unclassified	0
0083c440	eh_funclets	0
0083c448	unclassified	0
0083c460	eh_funclets	0
0083c468	unclassified	0
0083c480	eh_funclets	0
0083c488	unclassified	0
0083c4a0	eh_funclets	0
0083c4a8	unclassified	0
0083c4c0	eh_funclets	0
0083c4c8	unclassified	0
0083c4e0	eh_funclets	0
0083c4e8	unclassified	0
0083c500	eh_funclets	0
0083c508	unclassified	0
0083c520	eh_funclets	0
0083c528	unclassified	0
0083c540	eh_funclets	0
0083c548	unclassified	0
0083c560	eh_funclets	0
0083c568	eh_funclets	0
0083c576	unclassified	0
0083c580	eh_funclets	0
0083c588	eh_funclets	0
0083c596	unclassified	0
0083c5a0	eh_funclets	0
0083c5a8	unclassified	0
0083c5c0	eh_funclets	0
0083c5ce	eh_funclets	0
0083c5dc	eh_funclets	0
0083c5ea	eh_funclets	0
0083c5f8	unclassified	0
0083c610	eh_funclets	0
0083c618	eh_funclets	0
0083c623	unclassified	0
0083c630	eh_funclets	0
0083c63e	eh_funclets	0
0083c64c	eh_funclets	0
0083c65a	unclassified	0
0083c670	eh_funclets	0
0083c67b	unclassified	0
0083c690	eh_funclets	0
0083c698	unclassified	0
0083c6b0	eh_funclets	0
0083c6b8	eh_funclets	0
0083c6d3	eh_funclets	0
0083c6eb	eh_funclets	0
0083c6f9	eh_funclets	0
0083c707	eh_funclets	0
0083c715	eh_funclets	0
0083c723	eh_funclets	0
0083c731	eh_funclets	0
0083c73f	unclassified	0
0083c750	eh_funclets	0
0083c758	unclassified	0
0083c770	eh_funclets	0
0083c778	unclassified	0
0083c790	eh_funclets	0
0083c798	unclassified	0
0083c7b0	eh_funclets	0
0083c7b8	eh_funclets	0
0083c7d3	eh_funclets	0
0083c7eb	eh_funclets	0
0083c7f9	eh_funclets	0
0083c807	eh_funclets	0
0083c815	eh_funclets	0
0083c823	eh_funclets	0
0083c831	eh_funclets	0
0083c83f	eh_funclets	0
0083c857	unclassified	0
0083c870	eh_funclets	0
0083c87e	unclassified	0
0083c890	eh_funclets	0
0083c898	unclassified	0
0083c8b0	eh_funclets	0
0083c8b8	unclassified	0
0083c8d0	eh_funclets	0
0083c8d8	unclassified	0
0083c8f0	eh_funclets	0
0083c8fb	unclassified	0
0083c910	eh_funclets	0
0083c91b	eh_funclets	0
0083c926	eh_funclets	0
0083c931	unclassified	0
0083c940	eh_funclets	0
0083c94b	unclassified	0
0083c960	eh_funclets	0
0083c968	eh_funclets	0
0083c976	unclassified	0
0083c980	eh_funclets	0
0083c988	eh_funclets	0
0083c996	unclassified	0
0083c9a0	eh_funclets	0
0083c9a8	eh_funclets	0
0083c9b3	unclassified	0
0083c9c0	eh_funclets	0
0083c9cb	unclassified	0
0083c9e0	eh_funclets	0
0083c9eb	eh_funclets	0
0083c9f6	eh_funclets	0
0083ca01	eh_funclets	0
0083ca09	unclassified	0
0083ca20	eh_funclets	0
0083ca2b	eh_funclets	0
0083ca33	unclassified	0
0083ca40	eh_funclets	0
0083ca4b	eh_funclets	0
0083ca56	unclassified	0
0083ca60	eh_funclets	0
0083ca68	unclassified	0
0083ca80	eh_funclets	0
0083ca88	unclassified	0
0083caa0	eh_funclets	0
0083caa8	unclassified	0
0083cac0	eh_funclets	0
0083cac8	eh_funclets	0
0083cad3	eh_funclets	0
0083cae1	eh_funclets	0
0083caef	eh_funclets	0
0083cafd	unclassified	0
0083cb10	eh_funclets	0
0083cb1b	unclassified	0
0083cb30	eh_funclets	0
0083cb3b	unclassified	0
0083cb50	eh_funclets	0
0083cb5b	eh_funclets	0
0083cb66	eh_funclets	0
0083cb71	eh_funclets	0
0083cb7c	eh_funclets	0
0083cb87	eh_funclets	0
0083cb90	unclassified	0
0083cb92	eh_funclets	0
0083cb9d	eh_funclets	0
0083cba8	eh_funclets	0
0083cbb3	eh_funclets	0
0083cbbe	eh_funclets	0
0083cbc9	eh_funclets	0
0083cbd4	eh_funclets	0
0083cbdf	eh_funclets	0
0083cbea	eh_funclets	0
0083cbf5	eh_funclets	0
0083cc00	eh_funclets	0
0083cc0b	unclassified	0
0083cc20	eh_funclets	0
0083cc2b	unclassified	0
0083cc40	eh_funclets	0
0083cc4b	unclassified	0
0083cc60	eh_funclets	0
0083cc6b	unclassified	0
0083cc80	eh_funclets	0
0083cc88	unclassified	0
0083cca0	eh_funclets	0
0083cca8	unclassified	0
0083ccc0	eh_funclets	0
0083cccb	eh_funclets	0
0083ccd3	unclassified	0
0083cce0	eh_funclets	0
0083cce8	eh_funclets	0
0083ccf3	unclassified	0
0083cd00	eh_funclets	0
0083cd0b	unclassified	0
0083cd20	eh_funclets	0
0083cd28	eh_funclets	0
0083cd33	eh_funclets	0
0083cd3e	eh_funclets	0
0083cd49	eh_funclets	0
0083cd54	unclassified	0
0083cd60	eh_funclets	0
0083cd6b	unclassified	0
0083cd80	eh_funclets	0
0083cd8b	eh_funclets	0
0083cd96	eh_funclets	0
0083cda1	eh_funclets	0
0083cda9	eh_funclets	0
0083cdb4	eh_funclets	0
0083cdbf	eh_funclets	0
0083cdca	eh_funclets	0
0083cdd5	unclassified	0
0083cde0	eh_funclets	0
0083cdeb	unclassified	0
0083ce00	eh_funclets	0
0083ce18	unclassified	0
0083ce30	eh_funclets	0
0083ce48	unclassified	0
0083ce60	eh_funclets	0
0083ce76	unclassified	0
0083ce80	eh_funclets	0
0083ce88	unclassified	0
0083cea0	eh_funclets	0
0083cea8	unclassified	0
0083cec0	eh_funclets	0
0083ced3	eh_funclets	0
0083ceec	unclassified	0
0083cf00	eh_funclets	0
0083cf13	eh_funclets	0
0083cf2c	unclassified	0
0083cf40	eh_funclets	0
0083cf48	unclassified	0
0083cf60	eh_funclets	0
0083cf68	unclassified	0
0083cf80	eh_funclets	0
0083cf8b	eh_funclets	0
0083cf96	eh_funclets	0
0083cfa1	eh_funclets	0
0083cfac	eh_funclets	0
0083cfb4	eh_funclets	0
0083cfbf	eh_funclets	0
0083cfca	eh_funclets	0
0083cfd5	eh_funclets	0
0083cfe0	eh_funclets	0
0083cfeb	eh_funclets	0
0083cff3	eh_funclets	0
0083d001	unclassified	0
0083d010	eh_funclets	0
0083d01b	eh_funclets	0
0083d026	eh_funclets	0
0083d031	eh_funclets	0
0083d039	eh_funclets	0
0083d047	unclassified	0
0083d060	eh_funclets	0
0083d068	unclassified	0
0083d080	eh_funclets	0
0083d08b	eh_funclets	0
0083d096	unclassified	0
0083d0a0	eh_funclets	0
0083d0ab	unclassified	0
0083d0c0	eh_funclets	0
0083d0cb	unclassified	0
0083d0e0	eh_funclets	0
0083d0f6	eh_funclets	0
0083d104	eh_funclets	0
0083d11f	eh_funclets	0
0083d12d	unclassified	0
0083d140	eh_funclets	0
0083d156	eh_funclets	0
0083d164	eh_funclets	0
0083d17f	eh_funclets	0
0083d18d	unclassified	0
0083d1a0	eh_funclets	0
0083d1a8	unclassified	0
0083d1c0	eh_funclets	0
0083d1c8	unclassified	0
0083d1e0	eh_funclets	0
0083d1e8	unclassified	0
0083d200	eh_funclets	0
0083d208	unclassified	0
0083d220	eh_funclets	0
0083d228	unclassified	0
0083d240	eh_funclets	0
0083d248	unclassified	0
0083d260	eh_funclets	0
0083d26b	unclassified	0
0083d280	eh_funclets	0
0083d288	unclassified	0
0083d2a0	eh_funclets	0
0083d2a8	unclassified	0
0083d2c0	eh_funclets	0
0083d2c8	unclassified	0
0083d2e0	eh_funclets	0
0083d2e8	unclassified	0
0083d300	eh_funclets	0
0083d30b	eh_funclets	0
0083d313	eh_funclets	0
0083d31e	eh_funclets	0
0083d326	unclassified	0
0083d330	eh_funclets	0
0083d33b	eh_funclets	0
0083d346	unclassified	0
0083d350	eh_funclets	0
0083d369	eh_funclets	0
0083d384	unclassified	0
0083d390	eh_funclets	0
0083d39e	eh_funclets	0
0083d3ac	eh_funclets	0
0083d3b7	eh_funclets	0
0083d3bf	unclassified	0
0083d3d0	eh_funclets	0
0083d3e9	eh_funclets	0
0083d404	unclassified	0
0083d410	eh_funclets	0
0083d418	unclassified	0
0083d430	eh_funclets	0
0083d43b	unclassified	0
0083d450	eh_funclets	0
0083d45b	unclassified	0
0083d470	eh_funclets	0
0083d478	unclassified	0
0083d490	eh_funclets	0
0083d498	eh_funclets	0
0083d4a0	unclassified	0
0083d4b0	eh_funclets	0
0083d4bb	eh_funclets	0
0083d4c3	unclassified	0
0083d4d0	eh_funclets	0
0083d4db	unclassified	0
0083d4f0	eh_funclets	0
0083d4fb	unclassified	0
0083d510	eh_funclets	0
0083d51b	unclassified	0
0083d530	eh_funclets	0
0083d53b	unclassified	0
0083d550	eh_funclets	0
0083d55b	unclassified	0
0083d570	eh_funclets	0
0083d57b	unclassified	0
0083d590	eh_funclets	0
0083d59e	unclassified	0
0083d5b0	eh_funclets	0
0083d5be	unclassified	0
0083d5d0	eh_funclets	0
0083d5d8	unclassified	0
0083d5f0	eh_funclets	0
0083d601	eh_funclets	0
0083d612	eh_funclets	0
0083d623	eh_funclets	0
0083d634	eh_funclets	0
0083d645	eh_funclets	0
0083d656	eh_funclets	0
0083d667	eh_funclets	0
0083d678	eh_funclets	0
0083d689	eh_funclets	0
0083d69a	unclassified	0
0083d6b0	eh_funclets	0
0083d6c1	unclassified	0
0083d6d0	eh_funclets	0
0083d6db	unclassified	0
0083d6f0	eh_funclets	0
0083d6f8	unclassified	0
0083d710	eh_funclets	0
0083d71b	unclassified	0
0083d730	eh_funclets	0
0083d73b	eh_funclets	0
0083d746	eh_funclets	0
0083d751	unclassified	0
0083d760	eh_funclets	0
0083d768	unclassified	0
0083d780	eh_funclets	0
0083d788	unclassified	0
0083d7a0	eh_funclets	0
0083d7a8	unclassified	0
0083d7c0	eh_funclets	0
0083d7c8	unclassified	0
0083d7e0	eh_funclets	0
0083d7e8	unclassified	0
0083d800	eh_funclets	0
0083d808	unclassified	0
0083d820	eh_funclets	0
0083d82b	eh_funclets	0
0083d836	eh_funclets	0
0083d83e	eh_funclets	0
0083d849	eh_funclets	0
0083d854	eh_funclets	0
0083d85f	eh_funclets	0
0083d86a	eh_funclets	0
0083d875	unclassified	0
0083d880	eh_funclets	0
0083d888	eh_funclets	0
0083d893	unclassified	0
0083d8a0	eh_funclets	0
0083d8ab	eh_funclets	0
0083d8b3	unclassified	0
0083d8c0	eh_funclets	0
0083d8c8	unclassified	0
0083d8e0	eh_funclets	0
0083d8eb	unclassified	0
0083d900	eh_funclets	0
0083d908	eh_funclets	0
0083d910	unclassified	0
0083d920	eh_funclets	0
0083d928	eh_funclets	0
0083d933	eh_funclets	0
0083d93b	eh_funclets	0
0083d946	unclassified	0
0083d950	eh_funclets	0
0083d95b	eh_funclets	0
0083d966	unclassified	0
0083d970	eh_funclets	0
0083d978	unclassified	0
0083d990	eh_funclets	0
0083d998	eh_funclets	0
0083d9a6	eh_funclets	0
0083d9b4	eh_funclets	0
0083d9c2	eh_funclets	0
0083d9da	eh_funclets	0
0083d9e5	eh_funclets	0
0083d9f0	eh_funclets	0
0083d9fb	eh_funclets	0
0083da03	unclassified	0
0083da10	eh_funclets	0
0083da18	eh_funclets	0
0083da26	eh_funclets	0
0083da34	eh_funclets	0
0083da42	eh_funclets	0
0083da5a	unclassified	0
0083da70	eh_funclets	0
0083da78	unclassified	0
0083da90	eh_funclets	0
0083da9b	eh_funclets	0
0083daa6	eh_funclets	0
0083dab1	unclassified	0
0083dac0	eh_funclets	0
0083dac8	unclassified	0
0083dae0	eh_funclets	0
0083dae8	unclassified	0
0083db00	eh_funclets	0
0083db08	unclassified	0
0083db20	eh_funclets	0
0083db28	unclassified	0
0083db40	eh_funclets	0
0083db48	unclassified	0
0083db60	unclassified	0
0083db70	unclassified	0
0083db80	unclassified	0
0083db90	unclassified	0
0083dba0	unclassified	0
0083dbb0	eh_funclets	0
0083dbbb	eh_funclets	0
0083dbc9	eh_funclets	0
0083dbd7	eh_funclets	0
0083dbe5	eh_funclets	0
0083dbf3	eh_funclets	0
0083dc01	eh_funclets	0
0083dc0f	eh_funclets	0
0083dc1d	eh_funclets	0
0083dc2e	unclassified	0
0083dc40	eh_funclets	0
0083dc4b	eh_funclets	0
0083dc56	eh_funclets	0
0083dc61	eh_funclets	0
0083dc69	unclassified	0
0083dc80	eh_funclets	0
0083dc8b	unclassified	0
0083dca0	eh_funclets	0
0083dcab	unclassified	0
0083dcc0	eh_funclets	0
0083dccb	eh_funclets	0
0083dcd6	eh_funclets	0
0083dce1	eh_funclets	0
0083dcec	unclassified	0
0083dd00	eh_funclets	0
0083dd0b	eh_funclets	0
0083dd16	eh_funclets	0
0083dd21	eh_funclets	0
0083dd2c	unclassified	0
0083dd40	eh_funclets	0
0083dd4b	unclassified	0
0083dd60	eh_funclets	0
0083dd6b	eh_funclets	0
0083dd76	eh_funclets	0
0083dd81	eh_funclets	0
0083dd8c	eh_funclets	0
0083dd97	eh_funclets	0
0083dda2	eh_funclets	0
0083ddad	eh_funclets	0
0083ddb8	eh_funclets	0
0083ddc3	eh_funclets	0
0083ddce	unclassified	0
0083dde0	eh_funclets	0
0083dde8	eh_funclets	0
0083ddf0	eh_funclets	0
0083ddf8	eh_funclets	0
0083de00	unclassified	0
0083de10	eh_funclets	0
0083de18	unclassified	0
0083de30	eh_funclets	0
0083de38	unclassified	0
0083de50	eh_funclets	0
0083de5b	unclassified	0
0083de70	eh_funclets	0
0083de7b	unclassified	0
0083de90	eh_funclets	0
0083de9b	unclassified	0
0083deb0	eh_funclets	0
0083debb	unclassified	0
0083ded0	eh_funclets	0
0083dedb	unclassified	0
0083def0	eh_funclets	0
0083defb	unclassified	0
0083df10	eh_funclets	0
0083df1b	eh_funclets	0
0083df26	unclassified	0
0083df30	eh_funclets	0
0083df3b	eh_funclets	0
0083df46	unclassified	0
0083df50	eh_funclets	0
0083df5b	eh_funclets	0
0083df66	unclassified	0
0083df70	eh_funclets	0
0083df7b	eh_funclets	0
0083df86	unclassified	0
0083df90	eh_funclets	0
0083df9b	eh_funclets	0
0083dfa6	eh_funclets	0
0083dfb1	eh_funclets	0
0083dfbc	eh_funclets	0
0083dfc7	eh_funclets	0
0083dfd2	unclassified	0
0083dfe0	eh_funclets	0
0083dfeb	unclassified	0
0083e000	eh_funclets	0
0083e008	unclassified	0
0083e020	eh_funclets	0
0083e02b	eh_funclets	0
0083e033	unclassified	0
0083e040	eh_funclets	0
0083e056	eh_funclets	0
0083e064	eh_funclets	0
0083e072	eh_funclets	0
0083e080	eh_funclets	0
0083e08e	unclassified	0
0083e0a0	eh_funclets	0
0083e0a8	eh_funclets	0
0083e0b6	eh_funclets	0
0083e0c4	eh_funclets	0
0083e0cf	eh_funclets	0
0083e0da	eh_funclets	0
0083e0e5	eh_funclets	0
0083e0f0	eh_funclets	0
0083e0fe	eh_funclets	0
0083e109	eh_funclets	0
0083e114	eh_funclets	0
0083e11f	eh_funclets	0
0083e12d	unclassified	0
0083e140	eh_funclets	0
0083e14b	eh_funclets	0
0083e159	eh_funclets	0
0083e167	eh_funclets	0
0083e172	eh_funclets	0
0083e17a	eh_funclets	0
0083e185	eh_funclets	0
0083e18d	eh_funclets	0
0083e19b	eh_funclets	0
0083e1a9	eh_funclets	0
0083e1b4	eh_funclets	0
0083e1bf	eh_funclets	0
0083e1ca	unclassified	0
0083e1e0	eh_funclets	0
0083e1e8	eh_funclets	0
0083e1f3	eh_funclets	0
0083e1fb	eh_funclets	0
0083e203	unclassified	0
0083e210	eh_funclets	0
0083e218	eh_funclets	0
0083e220	unclassified	0
0083e230	eh_funclets	0
0083e238	eh_funclets	0
0083e243	eh_funclets	0
0083e24e	eh_funclets	0
0083e259	eh_funclets	0
0083e261	unclassified	0
0083e270	eh_funclets	0
0083e278	eh_funclets	0
0083e280	eh_funclets	0
0083e288	eh_funclets	0
0083e290	unclassified	0
0083e2a0	eh_funclets	0
0083e2a8	eh_funclets	0
0083e2b0	unclassified	0
0083e2c0	eh_funclets	0
0083e2c8	eh_funclets	0
0083e2d0	unclassified	0
0083e2e0	eh_funclets	0
0083e2e8	eh_funclets	0
0083e2f3	eh_funclets	0
0083e2fb	eh_funclets	0
0083e306	eh_funclets	0
0083e30e	eh_funclets	0
0083e319	unclassified	0
0083e330	eh_funclets	0
0083e338	eh_funclets	0
0083e340	unclassified	0
0083e350	eh_funclets	0
0083e358	eh_funclets	0
0083e360	unclassified	0
0083e370	eh_funclets	0
0083e378	eh_funclets	0
0083e383	eh_funclets	0
0083e38e	unclassified	0
0083e3a0	eh_funclets	0
0083e3ab	eh_funclets	0
0083e3b6	eh_funclets	0
0083e3c1	unclassified	0
0083e3d0	eh_funclets	0
0083e3d8	eh_funclets	0
0083e3e0	unclassified	0
0083e3f0	eh_funclets	0
0083e3f8	eh_funclets	0
0083e400	unclassified	0
0083e410	eh_funclets	0
0083e418	unclassified	0
0083e430	eh_funclets	0
0083e438	eh_funclets	0
0083e443	unclassified	0
0083e450	eh_funclets	0
0083e45b	unclassified	0
0083e470	eh_funclets	0
0083e47b	eh_funclets	0
0083e486	unclassified	0
0083e490	eh_funclets	0
0083e498	eh_funclets	0
0083e4a0	unclassified	0
0083e4b0	eh_funclets	0
0083e4bb	unclassified	0
0083e4d0	eh_funclets	0
0083e4db	eh_funclets	0
0083e4e6	unclassified	0
0083e4f0	eh_funclets	0
0083e4fb	eh_funclets	0
0083e506	unclassified	0
0083e510	eh_funclets	0
0083e51b	eh_funclets	0
0083e526	unclassified	0
0083e530	eh_funclets	0
0083e538	eh_funclets	0
0083e543	eh_funclets	0
0083e54e	eh_funclets	0
0083e556	unclassified	0
0083e560	eh_funclets	0
0083e56b	unclassified	0
0083e580	eh_funclets	0
0083e58b	unclassified	0
0083e5a0	eh_funclets	0
0083e5ab	unclassified	0
0083e5c0	eh_funclets	0
0083e5cb	unclassified	0
0083e5e0	eh_funclets	0
0083e5eb	unclassified	0
0083e600	eh_funclets	0
0083e60b	unclassified	0
0083e620	eh_funclets	0
0083e62b	unclassified	0
0083e640	eh_funclets	0
0083e64b	unclassified	0
0083e660	eh_funclets	0
0083e66b	unclassified	0
0083e680	eh_funclets	0
0083e68b	unclassified	0
0083e6a0	eh_funclets	0
0083e6ab	unclassified	0
0083e6c0	eh_funclets	0
0083e6cb	unclassified	0
0083e6e0	eh_funclets	0
0083e6eb	unclassified	0
0083e700	eh_funclets	0
0083e708	unclassified	0
0083e720	eh_funclets	0
0083e728	eh_funclets	0
0083e730	eh_funclets	0
0083e738	eh_funclets	0
0083e740	eh_funclets	0
0083e748	eh_funclets	0
0083e750	eh_funclets	0
0083e758	eh_funclets	0
0083e760	eh_funclets	0
0083e768	unclassified	0
0083e780	eh_funclets	0
0083e788	unclassified	0
0083e7a0	eh_funclets	0
0083e7ab	unclassified	0
0083e7c0	eh_funclets	0
0083e7cb	eh_funclets	0
0083e7d3	eh_funclets	0
0083e7de	eh_funclets	0
0083e7e6	eh_funclets	0
0083e7f1	eh_funclets	0
0083e7f9	unclassified	0
0083e810	eh_funclets	0
0083e81b	eh_funclets	0
0083e826	unclassified	0
0083e830	eh_funclets	0
0083e83b	unclassified	0
0083e850	eh_funclets	0
0083e858	unclassified	0
0083e870	eh_funclets	0
0083e878	unclassified	0
0083e890	eh_funclets	0
0083e898	unclassified	0
0083e8b0	eh_funclets	0
0083e8b8	unclassified	0
0083e8d0	eh_funclets	0
0083e8d8	eh_funclets	0
0083e8e0	unclassified	0
0083e8f0	eh_funclets	0
0083e8fb	eh_funclets	0
0083e906	eh_funclets	0
0083e911	eh_funclets	0
0083e91c	eh_funclets	0
0083e927	eh_funclets	0
0083e932	eh_funclets	0
0083e93d	eh_funclets	0
0083e948	eh_funclets	0
0083e953	eh_funclets	0
0083e95e	eh_funclets	0
0083e969	eh_funclets	0
0083e974	eh_funclets	0
0083e97f	eh_funclets	0
0083e98a	eh_funclets	0
0083e995	eh_funclets	0
0083e99d	unclassified	0
0083e9b0	eh_funclets	0
0083e9b8	eh_funclets	0
0083e9c0	unclassified	0
0083e9d0	eh_funclets	0
0083e9d8	unclassified	0
0083e9f0	eh_funclets	0
0083e9f8	eh_funclets	0
0083ea03	unclassified	0
0083ea10	eh_funclets	0
0083ea18	eh_funclets	0
0083ea20	eh_funclets	0
0083ea28	eh_funclets	0
0083ea30	eh_funclets	0
0083ea38	eh_funclets	0
0083ea40	eh_funclets	0
0083ea48	unclassified	0
0083ea60	eh_funclets	0
0083ea6b	eh_funclets	0
0083ea76	unclassified	0
0083ea80	eh_funclets	0
0083ea8b	eh_funclets	0
0083ea96	eh_funclets	0
0083eaa1	eh_funclets	0
0083eaaf	eh_funclets	0
0083eabd	unclassified	0
0083ead0	eh_funclets	0
0083ead8	eh_funclets	0
0083eae0	eh_funclets	0
0083eae8	eh_funclets	0
0083eaf0	eh_funclets	0
0083eaf8	eh_funclets	0
0083eb00	unclassified	0
0083eb10	eh_funclets	0
0083eb1b	unclassified	0
0083eb30	eh_funclets	0
0083eb38	unclassified	0
0083eb50	eh_funclets	0
0083eb5b	unclassified	0
0083eb70	eh_funclets	0
0083eb78	unclassified	0
0083eb90	eh_funclets	0
0083eb98	unclassified	0
0083ebb0	eh_funclets	0
0083ebb8	unclassified	0
0083ebd0	eh_funclets	0
0083ebdb	unclassified	0
0083ebf0	eh_funclets	0
0083ebfb	unclassified	0
0083ec10	eh_funclets	0
0083ec18	unclassified	0
0083ec30	eh_funclets	0
0083ec38	unclassified	0
0083ec50	eh_funclets	0
0083ec58	eh_funclets	0
0083ec63	eh_funclets	0
0083ec6b	unclassified	0
0083ec80	eh_funclets	0
0083ec8b	eh_funclets	0
0083ec93	eh_funclets	0
0083ec9b	unclassified	0
0083ecb0	eh_funclets	0
0083ecbb	eh_funclets	0
0083ecc3	unclassified	0
0083ecd0	eh_funclets	0
0083ecdb	eh_funclets	0
0083ece3	eh_funclets	0
0083ecee	eh_funclets	0
0083ecf6	eh_funclets	0
0083ecfe	unclassified	0
0083ed10	eh_funclets	0
0083ed1b	eh_funclets	0
0083ed26	eh_funclets	0
0083ed2e	eh_funclets	0
0083ed39	eh_funclets	0
0083ed41	unclassified	0
0083ed50	eh_funclets	0
0083ed58	unclassified	0
0083ed70	eh_funclets	0
0083ed7b	unclassified	0
0083ed90	eh_funclets	0
0083ed9b	eh_funclets	0
0083eda3	eh_funclets	0
0083edab	unclassified	0
0083edc0	eh_funclets	0
0083edcb	eh_funclets	0
0083edd6	eh_funclets	0
0083ede1	eh_funclets	0
0083edec	eh_funclets	0
0083edf7	eh_funclets	0
0083ee02	eh_funclets	0
0083ee0d	eh_funclets	0
0083ee18	eh_funclets	0
0083ee20	eh_funclets	0
0083ee28	unclassified	0
0083ee40	eh_funclets	0
0083ee4e	eh_funclets	0
0083ee59	unclassified	0
0083ee70	eh_funclets	0
0083ee7b	eh_funclets	0
0083ee86	eh_funclets	0
0083ee91	eh_funclets	0
0083ee99	unclassified	0
0083eeb0	eh_funclets	0
0083eebb	eh_funclets	0
0083eec6	eh_funclets	0
0083eed1	eh_funclets	0
0083eedc	unclassified	0
0083eef0	eh_funclets	0
0083eef8	unclassified	0
0083ef10	eh_funclets	0
0083ef1e	eh_funclets	0
0083ef2c	eh_funclets	0
0083ef3a	eh_funclets	0
0083ef48	eh_funclets	0
0083ef56	eh_funclets	0
0083ef64	eh_funclets	0
0083ef72	eh_funclets	0
0083ef80	eh_funclets	0
0083ef8e	unclassified	0
0083efa0	eh_funclets	0
0083efa8	unclassified	0
0083efc0	eh_funclets	0
0083efc8	unclassified	0
0083efe0	eh_funclets	0
0083eff9	unclassified	0
0083f010	eh_funclets	0
0083f029	unclassified	0
0083f040	eh_funclets	0
0083f053	eh_funclets	0
0083f061	unclassified	0
0083f070	eh_funclets	0
0083f083	eh_funclets	0
0083f091	unclassified	0
0083f0a0	eh_funclets	0
0083f0ab	eh_funclets	0
0083f0b6	unclassified	0
0083f0c0	eh_funclets	0
0083f0cb	eh_funclets	0
0083f0d6	unclassified	0
0083f0e0	eh_funclets	0
0083f0e8	unclassified	0
0083f100	eh_funclets	0
0083f108	unclassified	0
0083f120	eh_funclets	0
0083f128	unclassified	0
0083f140	eh_funclets	0
0083f148	unclassified	0
0083f160	eh_funclets	0
0083f168	unclassified	0
0083f180	eh_funclets	0
0083f18b	eh_funclets	0
0083f196	eh_funclets	0
0083f1a1	eh_funclets	0
0083f1ac	eh_funclets	0
0083f1b7	eh_funclets	0
0083f1c2	unclassified	0
0083f1d0	eh_funclets	0
0083f1db	eh_funclets	0
0083f1e6	eh_funclets	0
0083f1f1	eh_funclets	0
0083f1fc	unclassified	0
0083f210	eh_funclets	0
0083f21b	unclassified	0
0083f230	eh_funclets	0
0083f23b	unclassified	0
0083f250	eh_funclets	0
0083f25b	unclassified	0
0083f270	eh_funclets	0
0083f27b	eh_funclets	0
0083f286	unclassified	0
0083f290	eh_funclets	0
0083f29b	unclassified	0
0083f2b0	eh_funclets	0
0083f2bb	unclassified	0
0083f2d0	eh_funclets	0
0083f2d8	unclassified	0
0083f2f0	eh_funclets	0
0083f2fb	unclassified	0
0083f310	eh_funclets	0
0083f318	unclassified	0
0083f330	eh_funclets	0
0083f338	unclassified	0
0083f350	eh_funclets	0
0083f358	unclassified	0
0083f370	eh_funclets	0
0083f378	eh_funclets	0
0083f380	unclassified	0
0083f390	eh_funclets	0
0083f398	unclassified	0
0083f3b0	eh_funclets	0
0083f3b8	unclassified	0
0083f3d0	eh_funclets	0
0083f3d8	unclassified	0
0083f3f0	eh_funclets	0
0083f3f8	unclassified	0
0083f410	eh_funclets	0
0083f418	unclassified	0
0083f430	eh_funclets	0
0083f438	unclassified	0
0083f450	eh_funclets	0
0083f458	unclassified	0
0083f470	eh_funclets	0
0083f478	unclassified	0
0083f490	eh_funclets	0
0083f498	unclassified	0
0083f4b0	eh_funclets	0
0083f4b8	unclassified	0
0083f4d0	eh_funclets	0
0083f4db	unclassified	0
0083f4f0	eh_funclets	0
0083f4f8	unclassified	0
0083f510	eh_funclets	0
0083f518	unclassified	0
0083f530	eh_funclets	0
0083f538	unclassified	0
0083f550	eh_funclets	0
0083f558	unclassified	0
0083f570	eh_funclets	0
0083f578	unclassified	0
0083f590	eh_funclets	0
0083f598	unclassified	0
0083f5b0	eh_funclets	0
0083f5b8	unclassified	0
0083f5d0	eh_funclets	0
0083f5d8	unclassified	0
0083f5f0	eh_funclets	0
0083f5fb	eh_funclets	0
0083f606	eh_funclets	0
0083f611	eh_funclets	0
0083f61c	eh_funclets	0
0083f627	unclassified	0
0083f640	eh_funclets	0
0083f648	unclassified	0
0083f660	eh_funclets	0
0083f668	unclassified	0
0083f680	eh_funclets	0
0083f688	unclassified	0
0083f6a0	eh_funclets	0
0083f6a8	unclassified	0
0083f6c0	eh_funclets	0
0083f6c8	unclassified	0
0083f6e0	eh_funclets	0
0083f6e8	unclassified	0
0083f700	eh_funclets	0
0083f708	unclassified	0
0083f720	eh_funclets	0
0083f728	unclassified	0
0083f740	eh_funclets	0
0083f748	unclassified	0
0083f760	eh_funclets	0
0083f768	unclassified	0
0083f780	eh_funclets	0
0083f788	unclassified	0
0083f7a0	eh_funclets	0
0083f7a8	unclassified	0
0083f7c0	eh_funclets	0
0083f7c8	unclassified	0
0083f7e0	eh_funclets	0
0083f7e8	unclassified	0
0083f800	eh_funclets	0
0083f808	unclassified	0
0083f820	eh_funclets	0
0083f828	unclassified	0
0083f840	eh_funclets	0
0083f848	unclassified	0
0083f860	eh_funclets	0
0083f868	unclassified	0
0083f880	eh_funclets	0
0083f88b	eh_funclets	0
0083f896	eh_funclets	0
0083f8a1	unclassified	0
0083f8b0	eh_funclets	0
0083f8b8	unclassified	0
0083f8d0	eh_funclets	0
0083f8d8	unclassified	0
0083f8f0	eh_funclets	0
0083f8f8	unclassified	0
0083f910	eh_funclets	0
0083f918	unclassified	0
0083f930	eh_funclets	0
0083f93b	unclassified	0
0083f950	eh_funclets	0
0083f95b	unclassified	0
0083f970	eh_funclets	0
0083f97b	eh_funclets	0
0083f986	unclassified	0
0083f990	eh_funclets	0
0083f998	unclassified	0
0083f9b0	eh_funclets	0
0083f9b8	unclassified	0
0083f9d0	eh_funclets	0
0083f9db	unclassified	0
0083f9f0	eh_funclets	0
0083f9fb	unclassified	0
0083fa10	eh_funclets	0
0083fa1b	unclassified	0
0083fa30	eh_funclets	0
0083fa3b	unclassified	0
0083fa50	eh_funclets	0
0083fa5b	unclassified	0
0083fa70	eh_funclets	0
0083fa7b	unclassified	0
0083fa90	eh_funclets	0
0083fa9b	unclassified	0
0083fab0	eh_funclets	0
0083fabb	unclassified	0
0083fad0	eh_funclets	0
0083fadb	unclassified	0
0083faf0	eh_funclets	0
0083fafb	unclassified	0
0083fb10	eh_funclets	0
0083fb1b	unclassified	0
0083fb30	eh_funclets	0
0083fb3b	unclassified	0
0083fb50	eh_funclets	0
0083fb5b	unclassified	0
0083fb70	eh_funclets	0
0083fb7b	unclassified	0
0083fb90	eh_funclets	0
0083fb9b	unclassified	0
0083fbb0	eh_funclets	0
0083fbbb	unclassified	0
0083fbd0	eh_funclets	0
0083fbdb	unclassified	0
0083fbf0	eh_funclets	0
0083fbfb	unclassified	0
0083fc10	eh_funclets	0
0083fc1b	unclassified	0
0083fc30	eh_funclets	0
0083fc3b	unclassified	0
0083fc50	eh_funclets	0
0083fc5b	unclassified	0
0083fc70	eh_funclets	0
0083fc7b	unclassified	0
0083fc90	eh_funclets	0
0083fc9b	unclassified	0
0083fcb0	eh_funclets	0
0083fcbb	unclassified	0
0083fcd0	eh_funclets	0
0083fcdb	eh_funclets	0
0083fce6	unclassified	0
0083fcf0	eh_funclets	0
0083fcfb	eh_funclets	0
0083fd06	eh_funclets	0
0083fd11	unclassified	0
0083fd20	eh_funclets	0
0083fd2b	unclassified	0
0083fd40	eh_funclets	0
0083fd48	eh_funclets	0
0083fd53	eh_funclets	0
0083fd5e	eh_funclets	0
0083fd69	eh_funclets	0
0083fd74	eh_funclets	0
0083fd7f	eh_funclets	0
0083fd8a	eh_funclets	0
0083fd95	eh_funclets	0
0083fda0	eh_funclets	0
0083fdab	eh_funclets	0
0083fdb6	eh_funclets	0
0083fdc1	unclassified	0
0083fdd0	eh_funclets	0
0083fddb	eh_funclets	0
0083fde6	eh_funclets	0
0083fdee	unclassified	0
0083fe00	eh_funclets	0
0083fe0b	eh_funclets	0
0083fe16	eh_funclets	0
0083fe21	eh_funclets	0
0083fe2c	eh_funclets	0
0083fe34	eh_funclets	0
0083fe3f	eh_funclets	0
0083fe4a	eh_funclets	0
0083fe55	unclassified	0
0083fe60	eh_funclets	0
0083fe6b	eh_funclets	0
0083fe76	eh_funclets	0
0083fe7e	eh_funclets	0
0083fe89	eh_funclets	0
0083fe94	eh_funclets	0
0083fe9f	eh_funclets	0
0083feaa	eh_funclets	0
0083feb5	eh_funclets	0
0083fec0	eh_funclets	0
0083fecb	eh_funclets	0
0083fed6	unclassified	0
0083fee0	eh_funclets	0
0083feeb	eh_funclets	0
0083fef6	eh_funclets	0
0083ff01	unclassified	0
0083ff10	eh_funclets	0
0083ff1b	eh_funclets	0
0083ff23	eh_funclets	0
0083ff2e	eh_funclets	0
0083ff39	eh_funclets	0
0083ff44	unclassified	0
0083ff50	eh_funclets	0
0083ff5b	eh_funclets	0
0083ff66	eh_funclets	0
0083ff71	eh_funclets	0
0083ff7c	eh_funclets	0
0083ff87	unclassified	0
0083ffa0	eh_funclets	0
0083ffab	eh_funclets	0
0083ffb6	eh_funclets	0
0083ffc1	eh_funclets	0
0083ffcc	eh_funclets	0
0083ffd7	eh_funclets	0
0083ffe2	eh_funclets	0
0083ffed	eh_funclets	0
0083fff8	eh_funclets	0
00840003	unclassified	0
00840010	eh_funclets	0
0084001b	unclassified	0
00840030	eh_funclets	0
0084003b	eh_funclets	0
00840046	unclassified	0
00840050	eh_funclets	0
00840058	eh_funclets	0
00840060	unclassified	0
00840070	eh_funclets	0
0084007b	unclassified	0
00840090	eh_funclets	0
00840098	unclassified	0
008400b0	eh_funclets	0
008400bb	eh_funclets	0
008400c6	eh_funclets	0
008400d1	eh_funclets	0
008400dc	eh_funclets	0
008400e7	unclassified	0
00840100	eh_funclets	0
0084010b	unclassified	0
00840120	eh_funclets	0
0084012b	eh_funclets	0
00840136	eh_funclets	0
00840141	eh_funclets	0
0084014c	eh_funclets	0
00840157	eh_funclets	0
00840162	unclassified	0
00840170	eh_funclets	0
0084017b	eh_funclets	0
00840186	eh_funclets	0
0084018e	eh_funclets	0
00840199	eh_funclets	0
008401a4	unclassified	0
008401b0	eh_funclets	0
008401bb	eh_funclets	0
008401c6	eh_funclets	0
008401d1	eh_funclets	0
008401dc	eh_funclets	0
008401e4	eh_funclets	0
008401ef	eh_funclets	0
008401fa	unclassified	0
00840210	eh_funclets	0
0084021b	unclassified	0
00840230	eh_funclets	0
0084023b	unclassified	0
00840250	eh_funclets	0
0084025b	unclassified	0
00840270	eh_funclets	0
0084027b	unclassified	0
00840290	eh_funclets	0
0084029b	unclassified	0
008402b0	eh_funclets	0
008402bb	unclassified	0
008402d0	eh_funclets	0
008402db	unclassified	0
008402f0	eh_funclets	0
008402fb	unclassified	0
00840310	eh_funclets	0
0084031b	eh_funclets	0
00840326	unclassified	0
00840330	eh_funclets	0
0084033b	eh_funclets	0
00840346	unclassified	0
00840350	eh_funclets	0
00840358	unclassified	0
00840370	eh_funclets	0
00840378	unclassified	0
00840390	eh_funclets	0
0084039b	eh_funclets	0
008403a6	eh_funclets	0
008403b1	eh_funclets	0
008403bc	unclassified	0
008403d0	eh_funclets	0
008403d8	unclassified	0
008403f0	eh_funclets	0
008403fb	unclassified	0
00840410	eh_funclets	0
0084041b	eh_funclets	0
00840426	eh_funclets	0
00840431	eh_funclets	0
0084043c	eh_funclets	0
00840447	unclassified	0
00840460	eh_funclets	0
00840468	unclassified	0
00840480	eh_funclets	0
00840488	unclassified	0
008404a0	eh_funclets	0
008404a8	unclassified	0
008404c0	eh_funclets	0
008404c8	unclassified	0
008404e0	eh_funclets	0
008404eb	eh_funclets	0
008404f6	eh_funclets	0
00840501	unclassified	0
00840510	eh_funclets	0
0084051b	unclassified	0
00840530	eh_funclets	0
0084053b	eh_funclets	0
00840546	unclassified	0
00840550	eh_funclets	0
0084055b	eh_funclets	0
00840566	unclassified	0
00840570	eh_funclets	0
0084057b	eh_funclets	0
00840586	unclassified	0
00840590	eh_funclets	0
00840598	unclassified	0
008405b0	eh_funclets	0
008405bb	eh_funclets	0
008405c6	eh_funclets	0
008405d1	eh_funclets	0
008405dc	unclassified	0
008405f0	eh_funclets	0
008405f8	unclassified	0
00840610	eh_funclets	0
00840618	unclassified	0
00840630	eh_funclets	0
00840638	unclassified	0
00840650	eh_funclets	0
00840658	unclassified	0
00840670	eh_funclets	0
0084067b	unclassified	0
00840690	eh_funclets	0
0084069b	unclassified	0
008406b0	eh_funclets	0
008406bb	unclassified	0
008406d0	eh_funclets	0
008406db	unclassified	0
008406f0	eh_funclets	0
008406f8	unclassified	0
00840710	eh_funclets	0
0084071b	eh_funclets	0
00840726	unclassified	0
00840730	eh_funclets	0
00840738	unclassified	0
00840750	eh_funclets	0
00840758	unclassified	0
00840770	eh_funclets	0
00840778	unclassified	0
00840790	eh_funclets	0
00840798	unclassified	0
008407b0	eh_funclets	0
008407bb	unclassified	0
008407d0	eh_funclets	0
008407d8	unclassified	0
008407f0	eh_funclets	0
008407fb	unclassified	0
00840810	eh_funclets	0
00840818	unclassified	0
00840830	eh_funclets	0
0084083b	unclassified	0
00840850	eh_funclets	0
00840858	unclassified	0
00840870	eh_funclets	0
00840878	unclassified	0
00840890	eh_funclets	0
0084089b	unclassified	0
008408b0	eh_funclets	0
008408b8	unclassified	0
008408d0	eh_funclets	0
008408db	eh_funclets	0
008408e6	eh_funclets	0
008408f1	unclassified	0
00840900	eh_funclets	0
00840908	eh_funclets	0
00840913	unclassified	0
00840920	eh_funclets	0
0084092b	unclassified	0
00840940	eh_funclets	0
0084094b	eh_funclets	0
00840956	unclassified	0
00840960	eh_funclets	0
0084096b	unclassified	0
00840980	eh_funclets	0
0084098b	eh_funclets	0
00840996	eh_funclets	0
008409a1	eh_funclets	0
008409ac	eh_funclets	0
008409b7	unclassified	0
008409d0	eh_funclets	0
008409d8	unclassified	0
008409f0	eh_funclets	0
008409f8	unclassified	0
00840a10	eh_funclets	0
00840a18	unclassified	0
00840a30	eh_funclets	0
00840a3b	unclassified	0
00840a50	eh_funclets	0
00840a5b	unclassified	0
00840a70	eh_funclets	0
00840a7b	unclassified	0
00840a90	eh_funclets	0
00840a9b	unclassified	0
00840ab0	eh_funclets	0
00840abb	unclassified	0
00840ad0	eh_funclets	0
00840adb	unclassified	0
00840af0	eh_funclets	0
00840afb	eh_funclets	0
00840b06	unclassified	0
00840b10	eh_funclets	0
00840b1b	unclassified	0
00840b30	eh_funclets	0
00840b3b	unclassified	0
00840b50	eh_funclets	0
00840b5b	unclassified	0
00840b70	eh_funclets	0
00840b7b	unclassified	0
00840b90	eh_funclets	0
00840b9b	unclassified	0
00840bb0	eh_funclets	0
00840bbb	unclassified	0
00840bd0	eh_funclets	0
00840bdb	unclassified	0
00840bf0	eh_funclets	0
00840bfb	unclassified	0
00840c10	eh_funclets	0
00840c1b	unclassified	0
00840c30	eh_funclets	0
00840c3b	unclassified	0
00840c50	eh_funclets	0
00840c5b	unclassified	0
00840c70	eh_funclets	0
00840c7b	unclassified	0
00840c90	eh_funclets	0
00840c9b	unclassified	0
00840cb0	eh_funclets	0
00840cbb	unclassified	0
00840cd0	eh_funclets	0
00840cdb	unclassified	0
00840cf0	eh_funclets	0
00840cfb	unclassified	0
00840d10	eh_funclets	0
00840d1b	unclassified	0
00840d30	eh_funclets	0
00840d3b	unclassified	0
00840d50	eh_funclets	0
00840d5b	unclassified	0
00840d70	eh_funclets	0
00840d7b	unclassified	0
00840d90	eh_funclets	0
00840d9b	unclassified	0
00840db0	eh_funclets	0
00840dbb	unclassified	0
00840dd0	eh_funclets	0
00840ddb	unclassified	0
00840df0	eh_funclets	0
00840dfb	unclassified	0
00840e10	eh_funclets	0
00840e1b	unclassified	0
00840e30	eh_funclets	0
00840e3b	unclassified	0
00840e50	eh_funclets	0
00840e5b	unclassified	0
00840e70	eh_funclets	0
00840e7b	unclassified	0
00840e90	eh_funclets	0
00840e9b	unclassified	0
00840eb0	eh_funclets	0
00840ebb	unclassified	0
00840ed0	eh_funclets	0
00840edb	unclassified	0
00840ef0	eh_funclets	0
00840efb	unclassified	0
00840f10	eh_funclets	0
00840f1b	unclassified	0
00840f30	eh_funclets	0
00840f3b	unclassified	0
00840f50	eh_funclets	0
00840f5b	unclassified	0
00840f70	eh_funclets	0
00840f7b	unclassified	0
00840f90	eh_funclets	0
00840f9b	unclassified	0
00840fb0	eh_funclets	0
00840fbb	unclassified	0
00840fd0	eh_funclets	0
00840fdb	unclassified	0
00840ff0	eh_funclets	0
00840ffb	unclassified	0
00841010	eh_funclets	0
0084101b	unclassified	0
00841030	eh_funclets	0
0084103b	unclassified	0
00841050	eh_funclets	0
0084105b	unclassified	0
00841070	eh_funclets	0
0084107b	eh_funclets	0
00841086	eh_funclets	0
00841091	eh_funclets	0
0084109c	unclassified	0
008410b0	eh_funclets	0
008410bb	eh_funclets	0
008410c6	eh_funclets	0
008410d1	eh_funclets	0
008410dc	unclassified	0
008410f0	eh_funclets	0
008410fb	eh_funclets	0
00841106	eh_funclets	0
00841111	eh_funclets	0
0084111c	eh_funclets	0
00841127	eh_funclets	0
00841132	unclassified	0
00841140	eh_funclets	0
0084114b	eh_funclets	0
00841156	eh_funclets	0
00841161	eh_funclets	0
0084116c	eh_funclets	0
00841177	eh_funclets	0
00841182	eh_funclets	0
0084118d	eh_funclets	0
00841198	eh_funclets	0
008411a3	unclassified	0
008411b0	eh_funclets	0
008411bb	unclassified	0
008411d0	eh_funclets	0
008411d8	unclassified	0
008411f0	eh_funclets	0
008411fb	eh_funclets	0
00841206	eh_funclets	0
00841211	eh_funclets	0
0084121c	eh_funclets	0
00841227	unclassified	0
00841240	eh_funclets	0
0084124b	unclassified	0
00841260	eh_funclets	0
0084126b	unclassified	0
00841280	eh_funclets	0
0084128b	unclassified	0
008412a0	eh_funclets	0
008412ab	unclassified	0
008412c0	eh_funclets	0
008412cb	eh_funclets	0
008412d6	eh_funclets	0
008412e1	eh_funclets	0
008412ec	unclassified	0
00841300	eh_funclets	0
00841308	unclassified	0
00841320	eh_funclets	0
00841328	unclassified	0
00841340	eh_funclets	0
0084134b	unclassified	0
00841360	eh_funclets	0
00841368	unclassified	0
00841380	eh_funclets	0
00841388	eh_funclets	0
00841390	eh_funclets	0
00841398	unclassified	0
008413b0	eh_funclets	0
008413bb	eh_funclets	0
008413c3	eh_funclets	0
008413ce	eh_funclets	0
008413d6	unclassified	0
008413e0	eh_funclets	0
008413eb	unclassified	0
00841400	eh_funclets	0
00841408	unclassified	0
00841420	eh_funclets	0
00841428	unclassified	0
00841440	eh_funclets	0
0084144b	unclassified	0
00841460	eh_funclets	0
00841468	unclassified	0
00841480	eh_funclets	0
00841488	unclassified	0
008414a0	eh_funclets	0
008414ab	unclassified	0
008414c0	eh_funclets	0
008414c8	unclassified	0
008414e0	eh_funclets	0
008414e8	unclassified	0
00841500	eh_funclets	0
00841508	unclassified	0
00841520	eh_funclets	0
00841528	unclassified	0
00841540	eh_funclets	0
00841548	eh_funclets	0
00841550	unclassified	0
00841560	eh_funclets	0
00841568	unclassified	0
00841580	eh_funclets	0
00841588	unclassified	0
008415a0	eh_funclets	0
008415ab	eh_funclets	0
008415b6	eh_funclets	0
008415c1	unclassified	0
008415d0	eh_funclets	0
008415d8	unclassified	0
008415f0	eh_funclets	0
008415f8	unclassified	0
00841610	eh_funclets	0
00841618	unclassified	0
00841630	eh_funclets	0
00841638	unclassified	0
00841650	eh_funclets	0
0084165b	unclassified	0
00841670	eh_funclets	0
00841678	unclassified	0
00841690	eh_funclets	0
00841698	unclassified	0
008416b0	eh_funclets	0
008416bb	unclassified	0
008416d0	eh_funclets	0
008416db	eh_funclets	0
008416e6	unclassified	0
008416f0	eh_funclets	0
008416f8	unclassified	0
00841710	eh_funclets	0
00841718	unclassified	0
00841730	eh_funclets	0
0084173b	eh_funclets	0
00841746	unclassified	0
00841750	eh_funclets	0
00841758	unclassified	0
00841770	eh_funclets	0
00841778	unclassified	0
00841790	eh_funclets	0
0084179b	eh_funclets	0
008417a6	eh_funclets	0
008417b1	eh_funclets	0
008417bc	unclassified	0
008417d0	eh_funclets	0
008417d8	unclassified	0
008417f0	eh_funclets	0
008417f8	unclassified	0
00841810	eh_funclets	0
00841818	eh_funclets	0
00841823	unclassified	0
00841830	eh_funclets	0
00841838	unclassified	0
00841850	eh_funclets	0
00841858	unclassified	0
00841870	eh_funclets	0
00841878	unclassified	0
00841890	eh_funclets	0
00841898	unclassified	0
008418b0	eh_funclets	0
008418b8	unclassified	0
008418d0	eh_funclets	0
008418d8	unclassified	0
008418f0	eh_funclets	0
008418f8	unclassified	0
00841910	eh_funclets	0
0084191b	unclassified	0
00841930	eh_funclets	0
0084193b	unclassified	0
00841950	eh_funclets	0
0084195b	unclassified	0
00841970	eh_funclets	0
00841978	unclassified	0
00841990	eh_funclets	0
00841998	unclassified	0
008419b0	eh_funclets	0
008419bb	eh_funclets	0
008419c6	eh_funclets	0
008419d1	eh_funclets	0
008419dc	unclassified	0
008419f0	eh_funclets	0
008419fb	unclassified	0
00841a10	eh_funclets	0
00841a1b	unclassified	0
00841a30	eh_funclets	0
00841a3b	unclassified	0
00841a50	eh_funclets	0
00841a5b	unclassified	0
00841a70	eh_funclets	0
00841a7b	unclassified	0
00841a90	eh_funclets	0
00841a9b	unclassified	0
00841ab0	eh_funclets	0
00841abb	unclassified	0
00841ad0	eh_funclets	0
00841adb	unclassified	0
00841af0	eh_funclets	0
00841afb	unclassified	0
00841b10	eh_funclets	0
00841b1b	unclassified	0
00841b30	eh_funclets	0
00841b3b	unclassified	0
00841b50	eh_funclets	0
00841b5b	unclassified	0
00841b70	eh_funclets	0
00841b7b	unclassified	0
00841b90	eh_funclets	0
00841b9b	unclassified	0
00841bb0	eh_funclets	0
00841bbb	unclassified	0
00841bd0	eh_funclets	0
00841bdb	unclassified	0
00841bf0	eh_funclets	0
00841bfb	unclassified	0
00841c10	eh_funclets	0
00841c1b	unclassified	0
00841c30	eh_funclets	0
00841c3b	unclassified	0
00841c50	eh_funclets	0
00841c5b	unclassified	0
00841c70	eh_funclets	0
00841c78	unclassified	0
00841c90	eh_funclets	0
00841c9b	eh_funclets	0
00841ca6	eh_funclets	0
00841cb1	eh_funclets	0
00841cbc	eh_funclets	0
00841cc7	eh_funclets	0
00841cd2	eh_funclets	0
00841cdd	eh_funclets	0
00841ce8	eh_funclets	0
00841cf3	eh_funclets	0
00841cfe	eh_funclets	0
00841d09	eh_funclets	0
00841d14	eh_funclets	0
00841d1f	eh_funclets	0
00841d2a	eh_funclets	0
00841d35	eh_funclets	0
00841d40	eh_funclets	0
00841d4b	eh_funclets	0
00841d56	eh_funclets	0
00841d61	eh_funclets	0
00841d6c	eh_funclets	0
00841d74	eh_funclets	0
00841d7f	eh_funclets	0
00841d87	eh_funclets	0
00841d92	eh_funclets	0
00841d9d	unclassified	0
00841db0	eh_funclets	0
00841dbb	eh_funclets	0
00841dc3	eh_funclets	0
00841dce	eh_funclets	0
00841dd6	eh_funclets	0
00841de1	eh_funclets	0
00841de9	eh_funclets	0
00841df1	eh_funclets	0
00841dfc	eh_funclets	0
00841e07	eh_funclets	0
00841e0f	eh_funclets	0
00841e1a	eh_funclets	0
00841e25	unclassified	0
00841e30	eh_funclets	0
00841e3b	eh_funclets	0
00841e43	eh_funclets	0
00841e4e	eh_funclets	0
00841e56	eh_funclets	0
00841e61	eh_funclets	0
00841e69	eh_funclets	0
00841e74	eh_funclets	0
00841e7c	eh_funclets	0
00841e87	eh_funclets	0
00841e92	eh_funclets	0
00841e9d	eh_funclets	0
00841ea5	unclassified	0
00841eb0	eh_funclets	0
00841eb8	unclassified	0
00841ed0	eh_funclets	0
00841ed8	unclassified	0
00841ef0	eh_funclets	0
00841efb	unclassified	0
00841f10	eh_funclets	0
00841f1b	unclassified	0
00841f30	eh_funclets	0
00841f3b	eh_funclets	0
00841f46	eh_funclets	0
00841f51	eh_funclets	0
00841f5c	eh_funclets	0
00841f67	eh_funclets	0
00841f72	eh_funclets	0
00841f7d	eh_funclets	0
00841f88	eh_funclets	0
00841f93	unclassified	0
00841fa0	eh_funclets	0
00841fab	eh_funclets	0
00841fb6	eh_funclets	0
00841fc1	unclassified	0
00841fd0	eh_funclets	0
00841fdb	eh_funclets	0
00841fe6	eh_funclets	0
00841ff1	eh_funclets	0
00841ffc	unclassified	0
00842010	eh_funclets	0
00842018	eh_funclets	0
00842020	unclassified	0
00842030	eh_funclets	0
0084203b	eh_funclets	0
00842046	eh_funclets	0
00842051	eh_funclets	0
0084205c	eh_funclets	0
00842067	eh_funclets	0
00842072	eh_funclets	0
0084207d	eh_funclets	0
00842088	eh_funclets	0
00842093	eh_funclets	0
0084209e	eh_funclets	0
008420a9	eh_funclets	0
008420b4	eh_funclets	0
008420bf	eh_funclets	0
008420ca	eh_funclets	0
008420d5	eh_funclets	0
008420e0	unclassified	0
008420f0	eh_funclets	0
008420fb	eh_funclets	0
00842106	eh_funclets	0
00842111	eh_funclets	0
00842119	eh_funclets	0
00842124	eh_funclets	0
0084212f	unclassified	0
00842140	eh_funclets	0
0084214b	eh_funclets	0
00842156	eh_funclets	0
00842161	eh_funclets	0
0084216c	unclassified	0
00842180	eh_funclets	0
0084218b	eh_funclets	0
00842196	eh_funclets	0
008421a1	eh_funclets	0
008421ac	eh_funclets	0
008421b7	eh_funclets	0
008421c2	unclassified	0
008421d0	eh_funclets	0
008421d8	unclassified	0
008421f0	eh_funclets	0
008421f8	unclassified	0
00842210	eh_funclets	0
0084221b	eh_funclets	0
00842226	eh_funclets	0
00842231	unclassified	0
00842240	eh_funclets	0
0084224b	unclassified	0
00842260	eh_funclets	0
0084226b	unclassified	0
00842280	eh_funclets	0
0084228b	unclassified	0
008422a0	eh_funclets	0
008422ab	unclassified	0
008422c0	eh_funclets	0
008422cb	unclassified	0
008422e0	eh_funclets	0
008422eb	unclassified	0
00842300	eh_funclets	0
0084230b	eh_funclets	0
00842313	unclassified	0
00842320	eh_funclets	0
00842328	eh_funclets	0
00842330	eh_funclets	0
0084233b	eh_funclets	0
00842343	eh_funclets	0
0084234e	eh_funclets	0
00842356	eh_funclets	0
00842361	eh_funclets	0
0084236c	eh_funclets	0
00842377	eh_funclets	0
0084237f	unclassified	0
00842390	eh_funclets	0
00842398	unclassified	0
008423b0	eh_funclets	0
008423b8	unclassified	0
008423d0	eh_funclets	0
008423d8	unclassified	0
008423f0	eh_funclets	0
008423f8	unclassified	0
00842410	eh_funclets	0
00842418	unclassified	0
00842430	eh_funclets	0
00842438	unclassified	0
00842450	eh_funclets	0
00842458	unclassified	0
00842470	eh_funclets	0
00842478	unclassified	0
00842490	eh_funclets	0
00842498	unclassified	0
008424b0	eh_funclets	0
008424b8	unclassified	0
008424d0	eh_funclets	0
008424d8	unclassified	0
008424f0	eh_funclets	0
008424f8	unclassified	0
00842510	eh_funclets	0
00842518	unclassified	0
00842530	eh_funclets	0
00842538	unclassified	0
00842550	eh_funclets	0
00842558	unclassified	0
00842570	eh_funclets	0
00842578	unclassified	0
00842590	eh_funclets	0
00842598	unclassified	0
008425b0	eh_funclets	0
008425b8	unclassified	0
008425d0	eh_funclets	0
008425d8	unclassified	0
008425f0	eh_funclets	0
008425f8	unclassified	0
00842610	eh_funclets	0
00842618	unclassified	0
00842630	eh_funclets	0
00842638	eh_funclets	0
00842643	eh_funclets	0
0084264e	unclassified	0
00842660	eh_funclets	0
00842668	unclassified	0
00842680	eh_funclets	0
0084268b	unclassified	0
008426a0	eh_funclets	0
008426a8	unclassified	0
008426c0	eh_funclets	0
008426c8	unclassified	0
008426e0	eh_funclets	0
008426e8	unclassified	0
00842700	eh_funclets	0
00842708	unclassified	0
00842720	eh_funclets	0
00842728	unclassified	0
00842740	eh_funclets	0
00842748	unclassified	0
00842760	eh_funclets	0
00842768	unclassified	0
00842780	eh_funclets	0
00842788	unclassified	0
008427a0	eh_funclets	0
008427a8	unclassified	0
008427c0	eh_funclets	0
008427c8	unclassified	0
008427e0	eh_funclets	0
008427e8	unclassified	0
00842800	eh_funclets	0
0084280b	eh_funclets	0
00842816	unclassified	0
00842820	eh_funclets	0
00842828	unclassified	0
00842840	eh_funclets	0
00842848	unclassified	0
00842860	eh_funclets	0
00842868	unclassified	0
00842880	eh_funclets	0
00842888	unclassified	0
008428a0	eh_funclets	0
008428a8	unclassified	0
008428c0	eh_funclets	0
008428c8	unclassified	0
008428e0	eh_funclets	0
008428e8	unclassified	0
00842900	eh_funclets	0
0084290b	unclassified	0
00842920	eh_funclets	0
00842928	unclassified	0
00842940	eh_funclets	0
00842948	unclassified	0
00842960	eh_funclets	0
0084296b	eh_funclets	0
00842976	eh_funclets	0
00842981	eh_funclets	0
0084298c	eh_funclets	0
00842997	eh_funclets	0
008429a2	unclassified	0
008429b0	eh_funclets	0
008429bb	eh_funclets	0
008429c3	unclassified	0
008429d0	eh_funclets	0
008429d8	unclassified	0
008429f0	eh_funclets	0
008429f8	unclassified	0
00842a10	eh_funclets	0
00842a18	unclassified	0
00842a30	eh_funclets	0
00842a38	unclassified	0
00842a50	eh_funclets	0
00842a58	unclassified	0
00842a70	eh_funclets	0
00842a78	unclassified	0
00842a90	eh_funclets	0
00842a98	unclassified	0
00842ab0	eh_funclets	0
00842ab8	unclassified	0
00842ad0	eh_funclets	0
00842ad8	unclassified	0
00842af0	eh_funclets	0
00842af8	unclassified	0
00842b10	eh_funclets	0
00842b1b	eh_funclets	0
00842b26	unclassified	0
00842b30	eh_funclets	0
00842b38	unclassified	0
00842b50	eh_funclets	0
00842b58	unclassified	0
00842b70	eh_funclets	0
00842b78	unclassified	0
00842b90	eh_funclets	0
00842b98	unclassified	0
00842bb0	eh_funclets	0
00842bb8	unclassified	0
00842bd0	eh_funclets	0
00842bdb	unclassified	0
00842bf0	eh_funclets	0
00842bfb	unclassified	0
00842c10	eh_funclets	0
00842c1b	unclassified	0
00842c30	eh_funclets	0
00842c3b	unclassified	0
00842c50	eh_funclets	0
00842c5b	unclassified	0
00842c70	eh_funclets	0
00842c7b	unclassified	0
00842c90	eh_funclets	0
00842c9b	unclassified	0
00842cb0	eh_funclets	0
00842cbb	unclassified	0
00842cd0	eh_funclets	0
00842cdb	unclassified	0
00842cf0	eh_funclets	0
00842cfb	unclassified	0
00842d10	eh_funclets	0
00842d1b	unclassified	0
00842d30	eh_funclets	0
00842d3b	unclassified	0
00842d50	eh_funclets	0
00842d5b	unclassified	0
00842d70	eh_funclets	0
00842d7b	unclassified	0
00842d90	eh_funclets	0
00842d9b	unclassified	0
00842db0	eh_funclets	0
00842dbb	unclassified	0
00842dd0	eh_funclets	0
00842ddb	unclassified	0
00842df0	eh_funclets	0
00842dfb	unclassified	0
00842e10	eh_funclets	0
00842e1b	unclassified	0
00842e30	eh_funclets	0
00842e3b	unclassified	0
00842e50	eh_funclets	0
00842e5b	unclassified	0
00842e70	eh_funclets	0
00842e7b	unclassified	0
00842e90	eh_funclets	0
00842e9b	unclassified	0
00842eb0	eh_funclets	0
00842ebb	unclassified	0
00842ed0	eh_funclets	0
00842edb	unclassified	0
00842ef0	eh_funclets	0
00842efb	unclassified	0
00842f10	eh_funclets	0
00842f1b	unclassified	0
00842f30	eh_funclets	0
00842f3b	unclassified	0
00842f50	eh_funclets	0
00842f5b	unclassified	0
00842f70	eh_funclets	0
00842f78	unclassified	0
00842f90	eh_funclets	0
00842f9b	eh_funclets	0
00842fa6	eh_funclets	0
00842fb1	eh_funclets	0
00842fbc	eh_funclets	0
00842fc7	eh_funclets	0
00842fd2	unclassified	0
00842fe0	eh_funclets	0
00842fe8	unclassified	0
00843000	eh_funclets	0
00843008	eh_funclets	0
00843013	unclassified	0
00843020	eh_funclets	0
00843028	eh_funclets	0
00843033	eh_funclets	0
0084303b	eh_funclets	0
00843046	eh_funclets	0
00843051	eh_funclets	0
00843059	unclassified	0
00843070	eh_funclets	0
00843078	unclassified	0
00843090	eh_funclets	0
0084309b	eh_funclets	0
008430a6	unclassified	0
008430b0	eh_funclets	0
008430b8	unclassified	0
008430d0	eh_funclets	0
008430d8	unclassified	0
008430f0	eh_funclets	0
008430fb	eh_funclets	0
00843106	eh_funclets	0
00843111	eh_funclets	0
0084311c	unclassified	0
00843130	eh_funclets	0
00843138	eh_funclets	0
00843143	unclassified	0
00843150	eh_funclets	0
0084315b	eh_funclets	0
00843166	unclassified	0
00843170	eh_funclets	0
00843178	unclassified	0
00843190	eh_funclets	0
00843198	eh_funclets	0
008431a0	unclassified	0
008431b0	eh_funclets	0
008431bb	unclassified	0
008431d0	eh_funclets	0
008431d8	unclassified	0
008431f0	eh_funclets	0
008431f8	unclassified	0
00843210	eh_funclets	0
00843218	unclassified	0
00843230	eh_funclets	0
00843238	eh_funclets	0
00843243	eh_funclets	0
0084324b	eh_funclets	0
00843256	unclassified	0
00843260	eh_funclets	0
00843268	unclassified	0
00843280	eh_funclets	0
00843288	unclassified	0
008432a0	eh_funclets	0
008432ab	eh_funclets	0
008432b6	eh_funclets	0
008432c1	eh_funclets	0
008432cc	eh_funclets	0
008432d7	eh_funclets	0
008432e2	eh_funclets	0
008432ed	eh_funclets	0
008432f8	unclassified	0
00843310	eh_funclets	0
0084331b	unclassified	0
00843330	eh_funclets	0
0084333b	unclassified	0
00843350	eh_funclets	0
00843358	unclassified	0
00843370	eh_funclets	0
00843378	unclassified	0
00843390	eh_funclets	0
00843398	unclassified	0
008433b0	eh_funclets	0
008433b8	unclassified	0
008433d0	eh_funclets	0
008433d8	unclassified	0
008433f0	eh_funclets	0
008433fb	eh_funclets	0
00843406	unclassified	0
00843410	eh_funclets	0
00843418	unclassified	0
00843430	eh_funclets	0
00843438	unclassified	0
00843450	eh_funclets	0
00843458	unclassified	0
00843470	eh_funclets	0
00843478	unclassified	0
00843490	eh_funclets	0
0084349b	eh_funclets	0
008434a6	eh_funclets	0
008434b1	eh_funclets	0
008434bc	unclassified	0
008434d0	eh_funclets	0
008434d8	unclassified	0
008434f0	eh_funclets	0
008434f8	unclassified	0
00843510	eh_funclets	0
00843518	unclassified	0
00843530	eh_funclets	0
00843538	unclassified	0
00843550	eh_funclets	0
00843558	unclassified	0
00843570	eh_funclets	0
00843578	unclassified	0
00843590	eh_funclets	0
00843598	eh_funclets	0
008435a0	unclassified	0
008435b0	eh_funclets	0
008435b8	unclassified	0
008435d0	eh_funclets	0
008435db	unclassified	0
008435f0	eh_funclets	0
008435f8	unclassified	0
00843610	eh_funclets	0
00843618	unclassified	0
00843630	eh_funclets	0
00843638	unclassified	0
00843650	eh_funclets	0
0084365b	eh_funclets	0
00843666	eh_funclets	0
00843671	unclassified	0
00843680	eh_funclets	0
0084368b	eh_funclets	0
00843696	eh_funclets	0
008436a1	eh_funclets	0
008436ac	eh_funclets	0
008436b7	eh_funclets	0
008436c2	eh_funclets	0
008436cd	unclassified	0
008436e0	eh_funclets	0
008436e8	unclassified	0
00843700	eh_funclets	0
00843708	unclassified	0
00843720	eh_funclets	0
0084372b	unclassified	0
00843740	eh_funclets	0
0084374b	unclassified	0
00843760	eh_funclets	0
0084376b	eh_funclets	0
00843776	unclassified	0
00843780	eh_funclets	0
00843788	unclassified	0
008437a0	eh_funclets	0
008437a8	unclassified	0
008437c0	eh_funclets	0
008437cb	eh_funclets	0
008437d6	unclassified	0
008437e0	eh_funclets	0
008437eb	unclassified	0
00843800	eh_funclets	0
0084380b	unclassified	0
00843820	eh_funclets	0
0084382b	unclassified	0
00843840	eh_funclets	0
0084384b	unclassified	0
00843860	eh_funclets	0
0084386b	unclassified	0
00843880	eh_funclets	0
0084388b	unclassified	0
008438a0	eh_funclets	0
008438ab	unclassified	0
008438c0	eh_funclets	0
008438cb	unclassified	0
008438e0	eh_funclets	0
008438eb	unclassified	0
00843900	eh_funclets	0
0084390b	unclassified	0
00843920	eh_funclets	0
0084392b	unclassified	0
00843940	eh_funclets	0
0084394b	unclassified	0
00843960	eh_funclets	0
0084396b	unclassified	0
00843980	eh_funclets	0
0084398b	unclassified	0
008439a0	eh_funclets	0
008439ab	eh_funclets	0
008439b6	eh_funclets	0
008439c1	eh_funclets	0
008439cc	eh_funclets	0
008439d7	eh_funclets	0
008439e2	unclassified	0
008439f0	eh_funclets	0
008439f8	eh_funclets	0
00843a00	eh_funclets	0
00843a08	unclassified	0
00843a20	eh_funclets	0
00843a28	unclassified	0
00843a40	eh_funclets	0
00843a4b	unclassified	0
00843a60	eh_funclets	0
00843a6b	unclassified	0
00843a80	eh_funclets	0
00843a88	eh_funclets	0
00843a93	unclassified	0
00843aa0	eh_funclets	0
00843aab	unclassified	0
00843ac0	eh_funclets	0
00843acb	unclassified	0
00843ae0	eh_funclets	0
00843aeb	unclassified	0
00843b00	eh_funclets	0
00843b08	unclassified	0
00843b20	eh_funclets	0
00843b28	unclassified	0
00843b40	eh_funclets	0
00843b48	unclassified	0
00843b60	eh_funclets	0
00843b68	unclassified	0
00843b80	eh_funclets	0
00843b8b	eh_funclets	0
00843b96	eh_funclets	0
00843ba1	eh_funclets	0
00843bac	eh_funclets	0
00843bb7	eh_funclets	0
00843bc2	eh_funclets	0
00843bcd	eh_funclets	0
00843bd8	eh_funclets	0
00843be3	eh_funclets	0
00843bee	unclassified	0
00843c00	eh_funclets	0
00843c08	unclassified	0
00843c20	eh_funclets	0
00843c28	unclassified	0
00843c40	eh_funclets	0
00843c48	unclassified	0
00843c60	eh_funclets	0
00843c68	unclassified	0
00843c80	eh_funclets	0
00843c88	unclassified	0
00843ca0	eh_funclets	0
00843ca8	unclassified	0
00843cc0	eh_funclets	0
00843ccb	eh_funclets	0
00843cd6	eh_funclets	0
00843ce1	unclassified	0
00843cf0	eh_funclets	0
00843cfb	unclassified	0
00843d10	eh_funclets	0
00843d1b	unclassified	0
00843d30	eh_funclets	0
00843d3b	unclassified	0
00843d50	eh_funclets	0
00843d5b	unclassified	0
00843d70	eh_funclets	0
00843d7b	unclassified	0
00843d90	eh_funclets	0
00843d9b	unclassified	0
00843db0	eh_funclets	0
00843dbb	unclassified	0
00843dd0	eh_funclets	0
00843ddb	eh_funclets	0
00843de6	unclassified	0
00843df0	eh_funclets	0
00843dfb	unclassified	0
00843e10	eh_funclets	0
00843e1b	unclassified	0
00843e30	eh_funclets	0
00843e3b	eh_funclets	0
00843e46	eh_funclets	0
00843e51	unclassified	0
00843e60	eh_funclets	0
00843e6b	eh_funclets	0
00843e76	unclassified	0
00843e80	eh_funclets	0
00843e8b	eh_funclets	0
00843e96	eh_funclets	0
00843ea1	eh_funclets	0
00843eac	unclassified	0
00843ec0	eh_funclets	0
00843ecb	unclassified	0
00843ee0	eh_funclets	0
00843eeb	unclassified	0
00843f00	eh_funclets	0
00843f0b	eh_funclets	0
00843f16	eh_funclets	0
00843f21	eh_funclets	0
00843f2c	eh_funclets	0
00843f37	eh_funclets	0
00843f42	unclassified	0
00843f50	eh_funclets	0
00843f58	unclassified	0
00843f70	eh_funclets	0
00843f78	unclassified	0
00843f90	eh_funclets	0
00843f9b	unclassified	0
00843fb0	eh_funclets	0
00843fb8	unclassified	0
00843fd0	eh_funclets	0
00843fdb	eh_funclets	0
00843fe6	eh_funclets	0
00843ff1	eh_funclets	0
00843ffc	eh_funclets	0
00844007	eh_funclets	0
00844012	unclassified	0
00844020	eh_funclets	0
00844028	unclassified	0
00844040	eh_funclets	0
00844048	unclassified	0
00844060	eh_funclets	0
0084406b	eh_funclets	0
00844076	unclassified	0
00844080	eh_funclets	0
00844088	unclassified	0
008440a0	eh_funclets	0
008440a8	unclassified	0
008440c0	eh_funclets	0
008440c8	unclassified	0
008440e0	eh_funclets	0
008440eb	unclassified	0
00844100	eh_funclets	0
00844108	unclassified	0
00844120	eh_funclets	0
00844128	unclassified	0
00844140	eh_funclets	0
0084414b	unclassified	0
00844160	eh_funclets	0
0084416b	unclassified	0
00844180	eh_funclets	0
0084418b	unclassified	0
008441a0	eh_funclets	0
008441ab	unclassified	0
008441c0	eh_funclets	0
008441cb	unclassified	0
008441e0	eh_funclets	0
008441eb	unclassified	0
00844200	eh_funclets	0
0084420b	unclassified	0
00844220	eh_funclets	0
0084422b	eh_funclets	0
00844236	eh_funclets	0
00844241	eh_funclets	0
0084424c	eh_funclets	0
00844257	unclassified	0
00844270	eh_funclets	0
00844278	eh_funclets	0
00844280	unclassified	0
00844290	eh_funclets	0
00844298	unclassified	0
008442b0	eh_funclets	0
008442bb	unclassified	0
008442d0	eh_funclets	0
008442d8	unclassified	0
008442f0	eh_funclets	0
008442f8	unclassified	0
00844310	eh_funclets	0
00844318	unclassified	0
00844330	eh_funclets	0
0084433b	unclassified	0
00844350	eh_funclets	0
00844358	unclassified	0
00844370	eh_funclets	0
0084437b	eh_funclets	0
00844386	eh_funclets	0
00844391	unclassified	0
008443a0	eh_funclets	0
008443ab	eh_funclets	0
008443b3	eh_funclets	0
008443be	eh_funclets	0
008443c6	eh_funclets	0
008443ce	eh_funclets	0
008443d6	unclassified	0
008443e0	eh_funclets	0
008443e8	unclassified	0
00844400	eh_funclets	0
00844408	unclassified	0
00844420	eh_funclets	0
0084442b	unclassified	0
00844440	eh_funclets	0
00844448	unclassified	0
00844460	eh_funclets	0
00844468	unclassified	0
00844480	eh_funclets	0
0084448b	unclassified	0
008444a0	eh_funclets	0
008444ab	eh_funclets	0
008444b6	eh_funclets	0
008444c1	unclassified	0
008444d0	eh_funclets	0
008444d8	unclassified	0
008444f0	eh_funclets	0
008444f8	unclassified	0
00844510	eh_funclets	0
0084451b	unclassified	0
00844530	eh_funclets	0
0084453b	eh_funclets	0
00844546	unclassified	0
00844550	eh_funclets	0
00844558	unclassified	0
00844570	eh_funclets	0
00844578	unclassified	0
00844590	eh_funclets	0
0084459b	eh_funclets	0
008445a6	eh_funclets	0
008445b1	unclassified	0
008445c0	eh_funclets	0
008445c8	unclassified	0
008445e0	eh_funclets	0
008445e8	unclassified	0
00844600	eh_funclets	0
0084460b	unclassified	0
00844620	eh_funclets	0
0084462b	eh_funclets	0
00844636	unclassified	0
00844640	eh_funclets	0
0084464b	unclassified	0
00844660	eh_funclets	0
0084466b	unclassified	0
00844680	eh_funclets	0
0084468b	unclassified	0
008446a0	eh_funclets	0
008446ab	unclassified	0
008446c0	eh_funclets	0
008446c8	unclassified	0
008446e0	eh_funclets	0
008446e8	unclassified	0
00844700	eh_funclets	0
0084470b	eh_funclets	0
00844716	eh_funclets	0
00844721	unclassified	0
00844730	eh_funclets	0
0084473b	unclassified	0
00844750	eh_funclets	0
00844758	unclassified	0
00844770	eh_funclets	0
00844778	unclassified	0
00844790	eh_funclets	0
00844798	unclassified	0
008447b0	eh_funclets	0
008447b8	unclassified	0
008447d0	eh_funclets	0
008447db	unclassified	0
008447f0	eh_funclets	0
008447f8	unclassified	0
00844810	eh_funclets	0
00844818	unclassified	0
00844830	eh_funclets	0
0084483b	unclassified	0
00844850	eh_funclets	0
0084485b	unclassified	0
00844870	eh_funclets	0
0084487b	unclassified	0
00844890	eh_funclets	0
00844898	unclassified	0
008448b0	eh_funclets	0
008448bb	eh_funclets	0
008448c6	eh_funclets	0
008448d1	unclassified	0
008448e0	eh_funclets	0
008448eb	unclassified	0
00844900	eh_funclets	0
00844908	unclassified	0
00844920	eh_funclets	0
00844928	unclassified	0
00844940	eh_funclets	0
00844948	eh_funclets	0
00844953	unclassified	0
00844960	eh_funclets	0
00844968	eh_funclets	0
00844973	unclassified	0
00844980	eh_funclets	0
0084498b	unclassified	0
008449a0	eh_funclets	0
008449ab	unclassified	0
008449c0	eh_funclets	0
008449cb	unclassified	0
008449e0	eh_funclets	0
008449eb	unclassified	0
00844a00	eh_funclets	0
00844a0b	unclassified	0
00844a20	eh_funclets	0
00844a2b	unclassified	0
00844a40	eh_funclets	0
00844a4b	unclassified	0
00844a60	eh_funclets	0
00844a6b	unclassified	0
00844a80	eh_funclets	0
00844a8b	eh_funclets	0
00844a93	eh_funclets	0
00844a9e	eh_funclets	0
00844aa9	eh_funclets	0
00844ab4	unclassified	0
00844ac0	eh_funclets	0
00844acb	eh_funclets	0
00844ad3	eh_funclets	0
00844ade	eh_funclets	0
00844ae9	eh_funclets	0
00844af4	unclassified	0
00844b00	eh_funclets	0
00844b0e	eh_funclets	0
00844b1c	eh_funclets	0
00844b2a	eh_funclets	0
00844b38	eh_funclets	0
00844b46	eh_funclets	0
00844b54	eh_funclets	0
00844b62	eh_funclets	0
00844b70	eh_funclets	0
00844b7e	eh_funclets	0
00844b86	eh_funclets	0
00844b8e	unclassified	0
00844ba0	eh_funclets	0
00844bab	unclassified	0
00844bc0	eh_funclets	0
00844bcb	unclassified	0
00844be0	eh_funclets	0
00844beb	eh_funclets	0
00844bf6	eh_funclets	0
00844c01	unclassified	0
00844c10	eh_funclets	0
00844c1b	unclassified	0
00844c30	eh_funclets	0
00844c3b	unclassified	0
00844c50	eh_funclets	0
00844c5b	unclassified	0
00844c70	eh_funclets	0
00844c78	unclassified	0
00844c90	eh_funclets	0
00844c9b	eh_funclets	0
00844ca6	eh_funclets	0
00844cb1	eh_funclets	0
00844cbc	eh_funclets	0
00844cc7	eh_funclets	0
00844cd2	eh_funclets	0
00844cdd	eh_funclets	0
00844ce8	eh_funclets	0
00844cf3	eh_funclets	0
00844cfe	unclassified	0
00844d10	eh_funclets	0
00844d18	eh_funclets	0
00844d26	eh_funclets	0
00844d34	eh_funclets	0
00844d42	unclassified	0
00844d50	eh_funclets	0
00844d5b	eh_funclets	0
00844d66	eh_funclets	0
00844d71	eh_funclets	0
00844d7c	eh_funclets	0
00844d87	eh_funclets	0
00844d92	eh_funclets	0
00844d9d	unclassified	0
00844db0	eh_funclets	0
00844dbb	eh_funclets	0
00844dc6	eh_funclets	0
00844dd1	eh_funclets	0
00844ddc	unclassified	0
00844df0	eh_funclets	0
00844dfe	eh_funclets	0
00844e0c	eh_funclets	0
00844e1a	eh_funclets	0
00844e28	eh_funclets	0
00844e36	eh_funclets	0
00844e3e	eh_funclets	0
00844e4c	unclassified	0
00844e60	eh_funclets	0
00844e68	unclassified	0
00844e80	eh_funclets	0
00844e8b	eh_funclets	0
00844e96	eh_funclets	0
00844ea1	eh_funclets	0
00844eac	eh_funclets	0
00844eb7	unclassified	0
00844ed0	eh_funclets	0
00844ed8	unclassified	0
00844ef0	eh_funclets	0
00844ef8	unclassified	0
00844f10	eh_funclets	0
00844f1b	eh_funclets	0
00844f26	eh_funclets	0
00844f31	unclassified	0
00844f40	eh_funclets	0
00844f4b	unclassified	0
00844f60	eh_funclets	0
00844f6b	eh_funclets	0
00844f76	eh_funclets	0
00844f81	unclassified	0
00844f90	eh_funclets	0
00844f9b	eh_funclets	0
00844fa6	eh_funclets	0
00844fb1	eh_funclets	0
00844fbc	eh_funclets	0
00844fc7	eh_funclets	0
00844fd2	unclassified	0
00844fe0	eh_funclets	0
00844feb	eh_funclets	0
00844ff6	eh_funclets	0
00845001	eh_funclets	0
0084500c	eh_funclets	0
00845017	unclassified	0
00845030	eh_funclets	0
00845038	unclassified	0
00845050	eh_funclets	0
00845058	unclassified	0
00845070	eh_funclets	0
00845078	unclassified	0
00845090	eh_funclets	0
00845098	unclassified	0
008450b0	eh_funclets	0
008450b8	unclassified	0
008450d0	eh_funclets	0
008450d8	eh_funclets	0
008450e0	unclassified	0
008450f0	eh_funclets	0
008450f8	unclassified	0
00845110	eh_funclets	0
00845118	unclassified	0
00845130	eh_funclets	0
00845138	unclassified	0
00845150	eh_funclets	0
00845158	unclassified	0
00845170	eh_funclets	0
00845178	unclassified	0
00845190	eh_funclets	0
00845198	unclassified	0
008451b0	eh_funclets	0
008451b8	unclassified	0
008451d0	eh_funclets	0
008451db	eh_funclets	0
008451e6	unclassified	0
008451f0	eh_funclets	0
008451f8	eh_funclets	0
00845203	eh_funclets	0
0084520e	unclassified	0
00845220	eh_funclets	0
0084522b	eh_funclets	0
00845236	unclassified	0
00845240	eh_funclets	0
0084524b	unclassified	0
00845260	eh_funclets	0
00845268	unclassified	0
00845280	eh_funclets	0
00845288	unclassified	0
008452a0	eh_funclets	0
008452a8	unclassified	0
008452c0	eh_funclets	0
008452cb	eh_funclets	0
008452d6	unclassified	0
008452e0	eh_funclets	0
008452e8	eh_funclets	0
008452f3	unclassified	0
00845300	eh_funclets	0
00845308	eh_funclets	0
00845313	unclassified	0
00845320	eh_funclets	0
0084532b	unclassified	0
00845340	eh_funclets	0
0084534b	unclassified	0
00845360	eh_funclets	0
0084536b	unclassified	0
00845380	eh_funclets	0
0084538b	unclassified	0
008453a0	eh_funclets	0
008453ab	unclassified	0
008453c0	eh_funclets	0
008453cb	unclassified	0
008453e0	eh_funclets	0
008453eb	unclassified	0
00845400	eh_funclets	0
0084540b	unclassified	0
00845420	eh_funclets	0
0084542b	unclassified	0
00845440	eh_funclets	0
0084544b	unclassified	0
00845460	eh_funclets	0
0084546b	unclassified	0
00845480	eh_funclets	0
0084548b	eh_funclets	0
00845496	unclassified	0
008454a0	eh_funclets	0
008454ab	eh_funclets	0
008454b6	unclassified	0
008454c0	eh_funclets	0
008454cb	unclassified	0
008454e0	eh_funclets	0
008454eb	eh_funclets	0
008454f6	eh_funclets	0
00845501	eh_funclets	0
0084550c	unclassified	0
00845520	eh_funclets	0
00845528	unclassified	0
00845540	eh_funclets	0
00845548	unclassified	0
00845560	eh_funclets	0
00845568	unclassified	0
00845580	eh_funclets	0
00845588	eh_funclets	0
00845590	unclassified	0
008455a0	eh_funclets	0
008455a8	unclassified	0
008455c0	eh_funclets	0
008455cb	eh_funclets	0
008455d6	eh_funclets	0
008455e1	eh_funclets	0
008455ec	unclassified	0
00845600	eh_funclets	0
0084560b	eh_funclets	0
00845616	eh_funclets	0
00845621	eh_funclets	0
0084562c	eh_funclets	0
00845637	eh_funclets	0
00845642	unclassified	0
00845650	eh_funclets	0
0084565b	unclassified	0
00845670	eh_funclets	0
00845678	unclassified	0
00845690	eh_funclets	0
0084569b	eh_funclets	0
008456a6	eh_funclets	0
008456b1	eh_funclets	0
008456bc	eh_funclets	0
008456c7	unclassified	0
008456e0	eh_funclets	0
008456eb	unclassified	0
00845700	eh_funclets	0
0084570b	unclassified	0
00845720	eh_funclets	0
0084572b	unclassified	0
00845740	eh_funclets	0
0084574b	unclassified	0
00845760	eh_funclets	0
00845768	unclassified	0
00845780	eh_funclets	0
0084578b	eh_funclets	0
00845796	eh_funclets	0
008457a1	eh_funclets	0
008457ac	eh_funclets	0
008457b7	eh_funclets	0
008457c2	unclassified	0
008457d0	eh_funclets	0
008457db	unclassified	0
008457f0	eh_funclets	0
008457fb	unclassified	0
00845810	eh_funclets	0
00845818	unclassified	0
00845830	eh_funclets	0
0084583b	unclassified	0
00845850	eh_funclets	0
00845858	unclassified	0
00845870	eh_funclets	0
0084587b	eh_funclets	0
00845886	eh_funclets	0
00845891	eh_funclets	0
0084589c	eh_funclets	0
008458a7	eh_funclets	0
008458b2	eh_funclets	0
008458bd	eh_funclets	0
008458c8	eh_funclets	0
008458d3	eh_funclets	0
008458de	unclassified	0
008458f0	eh_funclets	0
008458f8	eh_funclets	0
00845906	eh_funclets	0
00845914	eh_funclets	0
00845922	unclassified	0
00845930	eh_funclets	0
0084593b	unclassified	0
00845950	eh_funclets	0
0084595b	unclassified	0
00845970	eh_funclets	0
0084597b	eh_funclets	0
00845986	eh_funclets	0
00845991	eh_funclets	0
0084599c	eh_funclets	0
008459a7	unclassified	0
008459c0	eh_funclets	0
008459cb	eh_funclets	0
008459d6	eh_funclets	0
008459e1	eh_funclets	0
008459ec	eh_funclets	0
008459f7	unclassified	0
00845a10	eh_funclets	0
00845a1b	eh_funclets	0
00845a26	eh_funclets	0
00845a31	eh_funclets	0
00845a3c	eh_funclets	0
00845a47	eh_funclets	0
00845a52	eh_funclets	0
00845a5d	eh_funclets	0
00845a68	eh_funclets	0
00845a73	eh_funclets	0
00845a7e	unclassified	0
00845a90	eh_funclets	0
00845a9b	unclassified	0
00845ab0	eh_funclets	0
00845abb	eh_funclets	0
00845ac6	unclassified	0
00845ad0	eh_funclets	0
00845ad8	eh_funclets	0
00845ae3	unclassified	0
00845af0	eh_funclets	0
00845afb	eh_funclets	0
00845b06	eh_funclets	0
00845b11	eh_funclets	0
00845b1c	unclassified	0
00845b30	eh_funclets	0
00845b3b	unclassified	0
00845b50	eh_funclets	0
00845b5b	unclassified	0
00845b70	eh_funclets	0
00845b7b	unclassified	0
00845b90	eh_funclets	0
00845b9b	unclassified	0
00845bb0	eh_funclets	0
00845bbb	unclassified	0
00845bd0	eh_funclets	0
00845bdb	unclassified	0
00845bf0	eh_funclets	0
00845bf8	eh_funclets	0
00845c00	unclassified	0
00845c10	eh_funclets	0
00845c1b	unclassified	0
00845c30	eh_funclets	0
00845c3b	unclassified	0
00845c50	eh_funclets	0
00845c5b	unclassified	0
00845c70	eh_funclets	0
00845c7b	eh_funclets	0
00845c86	unclassified	0
00845c90	eh_funclets	0
00845c9b	unclassified	0
00845cb0	eh_funclets	0
00845cbb	unclassified	0
00845cd0	eh_funclets	0
00845cd8	unclassified	0
00845cf0	eh_funclets	0
00845cfb	unclassified	0
00845d10	eh_funclets	0
00845d18	unclassified	0
00845d30	eh_funclets	0
00845d3b	unclassified	0
00845d50	eh_funclets	0
00845d58	unclassified	0
00845d70	eh_funclets	0
00845d7b	unclassified	0
00845d90	eh_funclets	0
00845d9b	unclassified	0
00845db0	eh_funclets	0
00845dbb	unclassified	0
00845dd0	eh_funclets	0
00845ddb	unclassified	0
00845df0	eh_funclets	0
00845dfb	unclassified	0
00845e10	eh_funclets	0
00845e1b	unclassified	0
00845e30	eh_funclets	0
00845e3b	eh_funclets	0
00845e46	unclassified	0
00845e50	eh_funclets	0
00845e5b	eh_funclets	0
00845e66	unclassified	0
00845e70	eh_funclets	0
00845e7b	eh_funclets	0
00845e86	eh_funclets	0
00845e91	eh_funclets	0
00845e9c	eh_funclets	0
00845ea7	eh_funclets	0
00845eb2	eh_funclets	0
00845ebd	eh_funclets	0
00845ec8	eh_funclets	0
00845ed3	eh_funclets	0
00845ede	eh_funclets	0
00845ee9	unclassified	0
00845f00	eh_funclets	0
00845f08	unclassified	0
00845f20	eh_funclets	0
00845f2b	eh_funclets	0
00845f36	unclassified	0
00845f40	eh_funclets	0
00845f48	unclassified	0
00845f60	eh_funclets	0
00845f6b	unclassified	0
00845f80	eh_funclets	0
00845f8b	eh_funclets	0
00845f96	unclassified	0
00845fa0	eh_funclets	0
00845fab	unclassified	0
00845fc0	eh_funclets	0
00845fcb	unclassified	0
00845fe0	eh_funclets	0
00845fe8	unclassified	0
00846000	eh_funclets	0
00846008	unclassified	0
00846020	eh_funclets	0
0084602b	unclassified	0
00846040	eh_funclets	0
0084604b	eh_funclets	0
00846056	eh_funclets	0
00846061	eh_funclets	0
0084606c	unclassified	0
00846080	eh_funclets	0
0084608b	eh_funclets	0
00846096	unclassified	0
008460a0	eh_funclets	0
008460a8	unclassified	0
008460c0	eh_funclets	0
008460c8	unclassified	0
008460e0	eh_funclets	0
008460e8	unclassified	0
00846100	eh_funclets	0
00846108	unclassified	0
00846120	eh_funclets	0
0084612b	eh_funclets	0
00846136	eh_funclets	0
00846141	eh_funclets	0
0084614c	unclassified	0
00846160	eh_funclets	0
0084616b	unclassified	0
00846180	eh_funclets	0
0084618b	unclassified	0
008461a0	eh_funclets	0
008461ab	unclassified	0
008461c0	eh_funclets	0
008461cb	unclassified	0
008461e0	eh_funclets	0
008461eb	unclassified	0
00846200	eh_funclets	0
0084620b	unclassified	0
00846220	eh_funclets	0
0084622b	unclassified	0
00846240	eh_funclets	0
0084624b	unclassified	0
00846260	eh_funclets	0
0084626b	unclassified	0
00846280	eh_funclets	0
0084628b	unclassified	0
008462a0	eh_funclets	0
008462ab	unclassified	0
008462c0	eh_funclets	0
008462cb	unclassified	0
008462e0	eh_funclets	0
008462eb	unclassified	0
00846300	eh_funclets	0
0084630b	unclassified	0
00846320	eh_funclets	0
00846328	eh_funclets	0
00846330	unclassified	0
00846340	eh_funclets	0
0084634b	unclassified	0
00846360	eh_funclets	0
0084636b	eh_funclets	0
00846376	eh_funclets	0
00846381	eh_funclets	0
0084638c	eh_funclets	0
00846394	eh_funclets	0
0084639f	eh_funclets	0
008463aa	eh_funclets	0
008463b5	eh_funclets	0
008463c0	eh_funclets	0
008463c8	eh_funclets	0
008463d3	unclassified	0
008463e0	eh_funclets	0
008463eb	unclassified	0
00846400	eh_funclets	0
0084640b	eh_funclets	0
00846416	eh_funclets	0
00846421	eh_funclets	0
0084642c	eh_funclets	0
00846437	unclassified	0
00846450	eh_funclets	0
00846458	unclassified	0
00846470	eh_funclets	0
00846478	unclassified	0
00846490	eh_funclets	0
00846498	unclassified	0
008464b0	eh_funclets	0
008464b8	unclassified	0
008464d0	eh_funclets	0
008464d8	unclassified	0
008464f0	eh_funclets	0
008464fb	unclassified	0
00846510	eh_funclets	0
0084651b	eh_funclets	0
00846526	eh_funclets	0
00846531	eh_funclets	0
0084653c	eh_funclets	0
00846547	unclassified	0
00846560	eh_funclets	0
0084656b	eh_funclets	0
00846576	eh_funclets	0
00846581	eh_funclets	0
0084658c	eh_funclets	0
00846597	eh_funclets	0
008465a2	eh_funclets	0
008465ad	eh_funclets	0
008465b8	eh_funclets	0
008465c3	eh_funclets	0
008465ce	eh_funclets	0
008465d9	eh_funclets	0
008465e4	eh_funclets	0
008465ef	eh_funclets	0
008465fa	eh_funclets	0
00846605	eh_funclets	0
00846610	eh_funclets	0
0084661b	eh_funclets	0
00846626	eh_funclets	0
00846631	eh_funclets	0
0084663c	eh_funclets	0
00846647	unclassified	0
00846660	eh_funclets	0
00846668	unclassified	0
00846680	eh_funclets	0
00846688	unclassified	0
008466a0	eh_funclets	0
008466ab	unclassified	0
008466c0	eh_funclets	0
008466cb	eh_funclets	0
008466d6	eh_funclets	0
008466e1	eh_funclets	0
008466ec	eh_funclets	0
008466f7	eh_funclets	0
00846702	unclassified	0
00846710	eh_funclets	0
0084671b	eh_funclets	0
00846726	eh_funclets	0
00846731	eh_funclets	0
0084673c	unclassified	0
00846750	eh_funclets	0
00846758	unclassified	0
00846770	eh_funclets	0
00846778	unclassified	0
00846790	eh_funclets	0
00846798	unclassified	0
008467b0	eh_funclets	0
008467b8	unclassified	0
008467d0	eh_funclets	0
008467db	unclassified	0
008467f0	eh_funclets	0
008467f8	unclassified	0
00846810	eh_funclets	0
00846818	unclassified	0
00846830	eh_funclets	0
00846838	unclassified	0
00846850	eh_funclets	0
0084685b	unclassified	0
00846870	eh_funclets	0
0084687b	unclassified	0
00846890	eh_funclets	0
0084689b	unclassified	0
008468b0	eh_funclets	0
008468b8	unclassified	0
008468d0	eh_funclets	0
008468db	eh_funclets	0
008468e6	eh_funclets	0
008468f1	eh_funclets	0
008468fc	eh_funclets	0
00846907	eh_funclets	0
00846912	eh_funclets	0
0084691d	eh_funclets	0
00846928	eh_funclets	0
00846933	eh_funclets	0
0084693e	eh_funclets	0
00846949	eh_funclets	0
00846954	eh_funclets	0
0084695f	eh_funclets	0
0084696a	unclassified	0
00846980	eh_funclets	0
00846988	unclassified	0
008469a0	eh_funclets	0
008469ab	eh_funclets	0
008469b6	eh_funclets	0
008469c1	eh_funclets	0
008469cc	eh_funclets	0
008469d7	eh_funclets	0
008469e2	eh_funclets	0
008469ed	eh_funclets	0
008469f8	eh_funclets	0
00846a03	eh_funclets	0
00846a0e	unclassified	0
00846a20	eh_funclets	0
00846a2b	eh_funclets	0
00846a36	unclassified	0
00846a40	eh_funclets	0
00846a4b	unclassified	0
00846a60	eh_funclets	0
00846a6b	unclassified	0
00846a80	eh_funclets	0
00846a8b	unclassified	0
00846aa0	eh_funclets	0
00846aab	unclassified	0
00846ac0	eh_funclets	0
00846acb	unclassified	0
00846ae0	eh_funclets	0
00846aeb	eh_funclets	0
00846af6	eh_funclets	0
00846b01	unclassified	0
00846b10	eh_funclets	0
00846b18	unclassified	0
00846b30	eh_funclets	0
00846b3e	eh_funclets	0
00846b4c	eh_funclets	0
00846b54	eh_funclets	0
00846b5c	eh_funclets	0
00846b6a	eh_funclets	0
00846b78	eh_funclets	0
00846b86	eh_funclets	0
00846b94	eh_funclets	0
00846ba2	eh_funclets	0
00846baa	eh_funclets	0
00846bb2	eh_funclets	0
00846bc0	eh_funclets	0
00846bce	unclassified	0
00846be0	eh_funclets	0
00846beb	unclassified	0
00846c00	eh_funclets	0
00846c08	unclassified	0
00846c20	eh_funclets	0
00846c28	unclassified	0
00846c40	eh_funclets	0
00846c48	eh_funclets	0
00846c53	unclassified	0
00846c60	eh_funclets	0
00846c6e	unclassified	0
00846c80	eh_funclets	0
00846c8b	unclassified	0
00846ca0	eh_funclets	0
00846cab	unclassified	0
00846cc0	eh_funclets	0
00846cc8	eh_funclets	0
00846cd0	unclassified	0
00846ce0	eh_funclets	0
00846ce8	unclassified	0
00846d00	eh_funclets	0
00846d08	unclassified	0
00846d20	eh_funclets	0
00846d28	unclassified	0
00846d40	eh_funclets	0
00846d48	unclassified	0
00846d60	eh_funclets	0
00846d68	unclassified	0
00846d80	eh_funclets	0
00846d88	unclassified	0
00846da0	eh_funclets	0
00846dab	eh_funclets	0
00846db6	eh_funclets	0
00846dc1	eh_funclets	0
00846dcc	eh_funclets	0
00846dd7	eh_funclets	0
00846de2	eh_funclets	0
00846ded	eh_funclets	0
00846df8	eh_funclets	0
00846e03	unclassified	0
00846e10	eh_funclets	0
00846e18	unclassified	0
00846e30	eh_funclets	0
00846e38	unclassified	0
00846e50	eh_funclets	0
00846e5b	eh_funclets	0
00846e66	eh_funclets	0
00846e71	eh_funclets	0
00846e7c	eh_funclets	0
00846e87	eh_funclets	0
00846e92	eh_funclets	0
00846e9d	eh_funclets	0
00846ea8	unclassified	0
00846ec0	eh_funclets	0
00846ecb	unclassified	0
00846ee0	eh_funclets	0
00846eeb	unclassified	0
00846f00	eh_funclets	0
00846f0b	unclassified	0
00846f20	eh_funclets	0
00846f2b	unclassified	0
00846f40	eh_funclets	0
00846f4b	unclassified	0
00846f60	eh_funclets	0
00846f6b	eh_funclets	0
00846f76	eh_funclets	0
00846f81	eh_funclets	0
00846f8c	eh_funclets	0
00846f97	eh_funclets	0
00846fa2	eh_funclets	0
00846fad	eh_funclets	0
00846fb8	unclassified	0
00846fd0	eh_funclets	0
00846fd8	unclassified	0
00846ff0	eh_funclets	0
00846ffb	eh_funclets	0
00847006	eh_funclets	0
00847011	eh_funclets	0
0084701c	unclassified	0
00847030	eh_funclets	0
00847038	eh_funclets	0
00847040	eh_funclets	0
0084704b	eh_funclets	0
00847056	eh_funclets	0
00847061	eh_funclets	0
0084706c	eh_funclets	0
00847077	eh_funclets	0
00847082	eh_funclets	0
0084708d	eh_funclets	0
00847095	unclassified	0
008470a0	eh_funclets	0
008470a8	eh_funclets	0
008470b3	eh_funclets	0
008470be	eh_funclets	0
008470c9	eh_funclets	0
008470d4	eh_funclets	0
008470df	eh_funclets	0
008470ea	eh_funclets	0
008470f5	eh_funclets	0
00847100	eh_funclets	0
0084710b	eh_funclets	0
00847116	unclassified	0
00847120	eh_funclets	0
00847128	eh_funclets	0
00847133	unclassified	0
00847140	eh_funclets	0
00847148	unclassified	0
00847160	eh_funclets	0
0084716b	eh_funclets	0
00847176	eh_funclets	0
00847181	eh_funclets	0
0084718c	eh_funclets	0
00847197	unclassified	0
008471b0	eh_funclets	0
008471bb	unclassified	0
008471d0	eh_funclets	0
008471db	eh_funclets	0
008471e6	eh_funclets	0
008471f1	eh_funclets	0
008471fc	eh_funclets	0
00847207	unclassified	0
00847220	eh_funclets	0
00847228	unclassified	0
00847240	eh_funclets	0
00847248	unclassified	0
00847260	eh_funclets	0
00847268	unclassified	0
00847280	eh_funclets	0
00847288	unclassified	0
008472a0	eh_funclets	0
008472a8	unclassified	0
008472c0	eh_funclets	0
008472c8	unclassified	0
008472e0	eh_funclets	0
008472e8	unclassified	0
00847300	eh_funclets	0
0084730b	eh_funclets	0
00847316	eh_funclets	0
00847321	unclassified	0
00847330	eh_funclets	0
00847338	unclassified	0
00847350	eh_funclets	0
0084735b	unclassified	0
00847370	eh_funclets	0
0084737b	unclassified	0
00847390	eh_funclets	0
0084739b	unclassified	0
008473b0	eh_funclets	0
008473bb	unclassified	0
008473d0	eh_funclets	0
008473db	eh_funclets	0
008473e6	unclassified	0
008473f0	eh_funclets	0
008473fb	eh_funclets	0
00847406	unclassified	0
00847410	eh_funclets	0
0084741b	eh_funclets	0
00847426	unclassified	0
00847430	eh_funclets	0
0084743b	unclassified	0
00847450	eh_funclets	0
0084745b	unclassified	0
00847470	eh_funclets	0
0084747b	unclassified	0
00847490	eh_funclets	0
00847498	unclassified	0
008474b0	eh_funclets	0
008474bb	unclassified	0
008474d0	eh_funclets	0
008474db	eh_funclets	0
008474e3	unclassified	0
008474f0	eh_funclets	0
008474f8	unclassified	0
00847510	eh_funclets	0
00847518	unclassified	0
00847530	eh_funclets	0
00847538	unclassified	0
00847550	eh_funclets	0
00847558	unclassified	0
00847570	eh_funclets	0
00847578	unclassified	0
00847590	eh_funclets	0
00847598	unclassified	0
008475b0	eh_funclets	0
008475b8	unclassified	0
008475d0	eh_funclets	0
008475db	unclassified	0
008475f0	eh_funclets	0
008475f8	unclassified	0
00847610	eh_funclets	0
00847618	eh_funclets	0
00847623	unclassified	0
00847630	eh_funclets	0
00847638	eh_funclets	0
00847643	unclassified	0
00847650	eh_funclets	0
0084765b	unclassified	0
00847670	eh_funclets	0
0084767b	unclassified	0
00847690	eh_funclets	0
0084769b	unclassified	0
008476b0	eh_funclets	0
008476bb	unclassified	0
008476d0	eh_funclets	0
008476d8	unclassified	0
008476f0	eh_funclets	0
008476fb	eh_funclets	0
00847706	unclassified	0
00847710	eh_funclets	0
0084771b	unclassified	0
00847730	eh_funclets	0
00847738	unclassified	0
00847750	eh_funclets	0
0084775b	eh_funclets	0
00847766	eh_funclets	0
00847771	eh_funclets	0
0084777c	unclassified	0
00847790	eh_funclets	0
0084779b	unclassified	0
008477b0	eh_funclets	0
008477bb	unclassified	0
008477d0	eh_funclets	0
008477db	unclassified	0
008477f0	eh_funclets	0
008477fb	eh_funclets	0
00847806	eh_funclets	0
00847811	eh_funclets	0
0084781c	eh_funclets	0
00847827	eh_funclets	0
00847832	eh_funclets	0
0084783d	eh_funclets	0
00847848	unclassified	0
00847860	eh_funclets	0
0084786b	eh_funclets	0
00847876	eh_funclets	0
00847881	eh_funclets	0
0084788c	unclassified	0
008478a0	eh_funclets	0
008478a8	eh_funclets	0
008478b3	eh_funclets	0
008478be	unclassified	0
008478d0	eh_funclets	0
008478d8	unclassified	0
008478f0	eh_funclets	0
008478f8	unclassified	0
00847910	eh_funclets	0
0084791b	eh_funclets	0
00847926	eh_funclets	0
00847931	eh_funclets	0
0084793c	eh_funclets	0
00847947	eh_funclets	0
00847952	unclassified	0
00847960	eh_funclets	0
00847968	unclassified	0
00847980	eh_funclets	0
00847988	unclassified	0
008479a0	eh_funclets	0
008479a8	unclassified	0
008479c0	eh_funclets	0
008479c8	unclassified	0
008479e0	eh_funclets	0
008479eb	eh_funclets	0
008479f6	eh_funclets	0
00847a01	eh_funclets	0
00847a0c	unclassified	0
00847a20	eh_funclets	0
00847a2b	unclassified	0
00847a40	eh_funclets	0
00847a4b	unclassified	0
00847a60	eh_funclets	0
00847a6b	unclassified	0
00847a80	eh_funclets	0
00847a8b	unclassified	0
00847aa0	eh_funclets	0
00847aab	eh_funclets	0
00847ab6	eh_funclets	0
00847ac1	eh_funclets	0
00847acc	eh_funclets	0
00847ad7	eh_funclets	0
00847ae2	eh_funclets	0
00847aed	unclassified	0
00847b00	eh_funclets	0
00847b0b	eh_funclets	0
00847b16	unclassified	0
00847b20	eh_funclets	0
00847b2b	unclassified	0
00847b40	eh_funclets	0
00847b48	unclassified	0
00847b60	eh_funclets	0
00847b68	unclassified	0
00847b80	eh_funclets	0
00847b8b	eh_funclets	0
00847b99	eh_funclets	0
00847ba7	eh_funclets	0
00847bb5	eh_funclets	0
00847bc3	eh_funclets	0
00847bce	eh_funclets	0
00847bd9	eh_funclets	0
00847be7	eh_funclets	0
00847bf5	eh_funclets	0
00847c03	unclassified	0
00847c10	eh_funclets	0
00847c18	unclassified	0
00847c30	eh_funclets	0
00847c38	unclassified	0
00847c50	eh_funclets	0
00847c58	unclassified	0
00847c70	eh_funclets	0
00847c7b	eh_funclets	0
00847c89	eh_funclets	0
00847c97	eh_funclets	0
00847ca5	unclassified	0
00847cb0	eh_funclets	0
00847cb8	unclassified	0
00847cd0	eh_funclets	0
00847cd8	unclassified	0
00847cf0	eh_funclets	0
00847cf8	unclassified	0
00847d10	eh_funclets	0
00847d18	unclassified	0
00847d30	eh_funclets	0
00847d3b	eh_funclets	0
00847d46	eh_funclets	0
00847d51	eh_funclets	0
00847d5c	eh_funclets	0
00847d67	eh_funclets	0
00847d72	eh_funclets	0
00847d7a	eh_funclets	0
00847d88	eh_funclets	0
00847d96	eh_funclets	0
00847da1	unclassified	0
00847db0	eh_funclets	0
00847dbb	eh_funclets	0
00847dc6	eh_funclets	0
00847dce	eh_funclets	0
00847ddc	eh_funclets	0
00847dea	eh_funclets	0
00847df5	unclassified	0
00847e00	eh_funclets	0
00847e0b	eh_funclets	0
00847e16	eh_funclets	0
00847e21	eh_funclets	0
00847e2c	eh_funclets	0
00847e37	eh_funclets	0
00847e42	eh_funclets	0
00847e4a	eh_funclets	0
00847e58	eh_funclets	0
00847e66	eh_funclets	0
00847e71	unclassified	0
00847e80	eh_funclets	0
00847e8b	unclassified	0
00847ea0	eh_funclets	0
00847ea8	unclassified	0
00847ec0	eh_funclets	0
00847ec8	unclassified	0
00847ee0	eh_funclets	0
00847ee8	unclassified	0
00847f00	eh_funclets	0
00847f08	unclassified	0
00847f20	eh_funclets	0
00847f28	unclassified	0
00847f40	eh_funclets	0
00847f48	unclassified	0
00847f60	eh_funclets	0
00847f68	unclassified	0
00847f80	eh_funclets	0
00847f88	eh_funclets	0
00847f90	eh_funclets	0
00847f98	unclassified	0
00847fb0	eh_funclets	0
00847fb8	unclassified	0
00847fd0	eh_funclets	0
00847fd8	unclassified	0
00847ff0	eh_funclets	0
00847ffb	unclassified	0
00848010	eh_funclets	0
0084801b	eh_funclets	0
00848026	eh_funclets	0
00848031	eh_funclets	0
0084803c	eh_funclets	0
00848047	eh_funclets	0
0084804f	unclassified	0
00848060	eh_funclets	0
0084806b	unclassified	0
00848080	eh_funclets	0
00848088	eh_funclets	0
00848093	unclassified	0
008480a0	eh_funclets	0
008480ab	unclassified	0
008480c0	eh_funclets	0
008480cb	eh_funclets	0
008480d6	unclassified	0
008480e0	eh_funclets	0
008480e8	unclassified	0
00848100	eh_funclets	0
00848108	unclassified	0
00848120	eh_funclets	0
00848128	unclassified	0
00848140	eh_funclets	0
0084814b	eh_funclets	0
00848153	eh_funclets	0
0084815e	unclassified	0
00848170	eh_funclets	0
00848178	unclassified	0
00848190	eh_funclets	0
00848198	eh_funclets	0
008481a6	eh_funclets	0
008481b4	unclassified	0
008481c0	eh_funclets	0
008481cb	eh_funclets	0
008481d3	unclassified	0
008481e0	eh_funclets	0
008481eb	eh_funclets	0
008481f6	eh_funclets	0
00848201	eh_funclets	0
00848209	eh_funclets	0
00848214	eh_funclets	0
0084821f	unclassified	0
00848230	eh_funclets	0
00848238	unclassified	0
00848250	eh_funclets	0
00848258	unclassified	0
00848270	eh_funclets	0
0084827b	eh_funclets	0
00848286	eh_funclets	0
0084828e	eh_funclets	0
00848299	unclassified	0
008482b0	eh_funclets	0
008482bb	eh_funclets	0
008482c6	eh_funclets	0
008482ce	unclassified	0
008482e0	eh_funclets	0
008482eb	unclassified	0
00848300	eh_funclets	0
0084830b	eh_funclets	0
00848316	eh_funclets	0
00848321	unclassified	0
00848330	eh_funclets	0
0084833e	eh_funclets	0
00848346	unclassified	0
00848350	eh_funclets	0
00848358	eh_funclets	0
00848363	unclassified	0
00848370	eh_funclets	0
00848378	eh_funclets	0
00848386	eh_funclets	0
00848394	unclassified	0
008483a0	eh_funclets	0
008483a8	unclassified	0
008483c0	eh_funclets	0
008483c8	unclassified	0
008483e0	eh_funclets	0
008483eb	eh_funclets	0
008483f6	eh_funclets	0
00848401	unclassified	0
00848410	eh_funclets	0
00848418	unclassified	0
00848430	eh_funclets	0
00848438	unclassified	0
00848450	eh_funclets	0
0084845b	eh_funclets	0
00848466	eh_funclets	0
0084846e	unclassified	0
00848480	eh_funclets	0
00848488	unclassified	0
008484a0	eh_funclets	0
008484ab	eh_funclets	0
008484b6	unclassified	0
008484c0	eh_funclets	0
008484c8	eh_funclets	0
008484d6	eh_funclets	0
008484e4	eh_funclets	0
008484f2	unclassified	0
00848500	eh_funclets	0
00848508	unclassified	0
00848520	eh_funclets	0
00848528	unclassified	0
00848540	eh_funclets	0
00848548	unclassified	0
00848560	eh_funclets	0
00848568	unclassified	0
00848580	eh_funclets	0
0084858b	eh_funclets	0
00848593	eh_funclets	0
0084859b	eh_funclets	0
008485a3	eh_funclets	0
008485ab	unclassified	0
008485c0	eh_funclets	0
008485c8	unclassified	0
008485e0	eh_funclets	0
008485eb	eh_funclets	0
008485f3	eh_funclets	0
008485fb	eh_funclets	0
00848606	unclassified	0
00848610	eh_funclets	0
00848618	unclassified	0
00848630	eh_funclets	0
00848638	eh_funclets	0
00848646	unclassified	0
00848650	eh_funclets	0
00848658	unclassified	0
00848670	eh_funclets	0
00848678	unclassified	0
00848690	eh_funclets	0
00848698	unclassified	0
008486b0	eh_funclets	0
008486b8	eh_funclets	0
008486c6	unclassified	0
008486d0	eh_funclets	0
008486d8	eh_funclets	0
008486e0	unclassified	0
008486f0	eh_funclets	0
008486f8	eh_funclets	0
00848706	unclassified	0
00848710	eh_funclets	0
00848718	unclassified	0
00848730	eh_funclets	0
00848738	eh_funclets	0
00848740	unclassified	0
00848750	eh_funclets	0
00848758	eh_funclets	0
00848760	unclassified	0
00848770	eh_funclets	0
00848778	eh_funclets	0
00848780	unclassified	0
00848790	eh_funclets	0
00848798	unclassified	0
008487b0	eh_funclets	0
008487b8	unclassified	0
008487d0	eh_funclets	0
008487db	eh_funclets	0
008487e3	unclassified	0
008487f0	eh_funclets	0
008487f8	unclassified	0
00848810	eh_funclets	0
00848818	eh_funclets	0
00848826	unclassified	0
00848830	eh_funclets	0
00848846	eh_funclets	0
00848854	unclassified	0
00848860	eh_funclets	0
00848876	eh_funclets	0
00848884	unclassified	0
00848890	eh_funclets	0
0084889b	unclassified	0
008488b0	eh_funclets	0
008488b8	unclassified	0
008488d0	eh_funclets	0
008488db	unclassified	0
008488f0	eh_funclets	0
008488f8	unclassified	0
00848910	eh_funclets	0
00848918	unclassified	0
00848930	eh_funclets	0
00848938	unclassified	0
00848950	eh_funclets	0
0084895b	unclassified	0
00848970	eh_funclets	0
00848978	unclassified	0
00848990	eh_funclets	0
0084899b	eh_funclets	0
008489a6	eh_funclets	0
008489b1	eh_funclets	0
008489bc	eh_funclets	0
008489c7	eh_funclets	0
008489d2	eh_funclets	0
008489dd	eh_funclets	0
008489e8	eh_funclets	0
008489f3	eh_funclets	0
008489fe	eh_funclets	0
00848a09	eh_funclets	0
00848a14	unclassified	0
00848a20	eh_funclets	0
00848a28	unclassified	0
00848a40	eh_funclets	0
00848a48	unclassified	0
00848a60	eh_funclets	0
00848a68	unclassified	0
00848a80	eh_funclets	0
00848a88	unclassified	0
00848aa0	eh_funclets	0
00848aab	unclassified	0
00848ac0	eh_funclets	0
00848ac8	unclassified	0
00848ae0	eh_funclets	0
00848ae8	eh_funclets	0
00848af0	eh_funclets	0
00848af8	unclassified	0
00848b10	eh_funclets	0
00848b1b	unclassified	0
00848b30	eh_funclets	0
00848b3b	unclassified	0
00848b50	eh_funclets	0
00848b58	eh_funclets	0
00848b66	eh_funclets	0
00848b6e	eh_funclets	0
00848b7c	eh_funclets	0
00848b8a	eh_funclets	0
00848b98	unclassified	0
00848bb0	eh_funclets	0
00848bb8	unclassified	0
00848bd0	eh_funclets	0
00848bd8	unclassified	0
00848bf0	eh_funclets	0
00848bf8	unclassified	0
00848c10	eh_funclets	0
00848c1b	eh_funclets	0
00848c26	unclassified	0
00848c30	eh_funclets	0
00848c3b	eh_funclets	0
00848c46	eh_funclets	0
00848c51	eh_funclets	0
00848c5c	eh_funclets	0
00848c64	eh_funclets	0
00848c6f	unclassified	0
00848c80	eh_funclets	0
00848c8b	eh_funclets	0
00848c96	eh_funclets	0
00848ca1	eh_funclets	0
00848ca9	unclassified	0
00848cc0	eh_funclets	0
00848cc8	eh_funclets	0
00848cd3	unclassified	0
00848ce0	eh_funclets	0
00848ce8	eh_funclets	0
00848cf0	eh_funclets	0
00848cf8	unclassified	0
00848d10	eh_funclets	0
00848d18	unclassified	0
00848d30	eh_funclets	0
00848d38	unclassified	0
00848d50	eh_funclets	0
00848d58	unclassified	0
00848d70	eh_funclets	0
00848d7b	unclassified	0
00848d90	eh_funclets	0
00848d9b	unclassified	0
00848db0	eh_funclets	0
00848dbb	eh_funclets	0
00848dc9	eh_funclets	0
00848dd7	eh_funclets	0
00848de5	eh_funclets	0
00848df3	unclassified	0
00848e00	eh_funclets	0
00848e08	eh_funclets	0
00848e10	unclassified	0
00848e20	eh_funclets	0
00848e28	eh_funclets	0
00848e30	unclassified	0
00848e40	eh_funclets	0
00848e48	eh_funclets	0
00848e50	unclassified	0
00848e60	eh_funclets	0
00848e68	unclassified	0
00848e80	eh_funclets	0
00848e8b	unclassified	0
00848ea0	eh_funclets	0
00848ea8	eh_funclets	0
00848eb0	eh_funclets	0
00848ebb	unclassified	0
00848ed0	eh_funclets	0
00848ed8	unclassified	0
00848ee2	unclassified	0
00848eec	eh_funclets	0
00848ef4	unclassified	0
00848efe	eh_funclets	0
00848f06	unclassified	0
00848f10	unclassified	0
00848f30	unclassified	0
00848f50	unclassified	0
00848f70	unclassified	0
00848f90	unclassified	0
00848fb0	unclassified	0
00848fd0	unclassified	0
00848ff0	unclassified	0
00849010	unclassified	0
00849030	unclassified	0
00849050	unclassified	0
00849070	unclassified	0
00849090	unclassified	0
008490b0	unclassified	0
008490d0	unclassified	0
008490f0	unclassified	0
00849110	unclassified	0
00849130	unclassified	0
00849150	unclassified	0
00849170	unclassified	0
00849190	unclassified	0
008491b0	unclassified	0
008491d0	unclassified	0
008491f0	unclassified	0
00849210	unclassified	0
00849230	unclassified	0
00849250	unclassified	0
00849270	unclassified	0
00849290	unclassified	0
008492b0	unclassified	0
008492d0	unclassified	0
008492f0	unclassified	0
00849310	unclassified	0
00849330	unclassified	0
00849350	unclassified	0
00849370	unclassified	0
00849390	unclassified	0
008493b0	unclassified	0
008493d0	unclassified	0
008493f0	unclassified	0
00849410	unclassified	0
00849430	unclassified	0
00849450	unclassified	0
00849470	unclassified	0
00849490	unclassified	0
008494c0	unclassified	0
008494e0	unclassified	0
00849500	unclassified	0
00849520	unclassified	0
00849540	unclassified	0
00849560	unclassified	0
00849580	unclassified	0
008495a0	unclassified	0
008495c0	unclassified	0
008495e0	unclassified	0
00849600	unclassified	0
00849620	unclassified	0
00849640	unclassified	0
00849660	unclassified	0
00849680	unclassified	0
008496a0	unclassified	0
008496c0	unclassified	0
008496e0	unclassified	0
00849700	unclassified	0
00849720	unclassified	0
00849740	unclassified	0
00849760	unclassified	0
00849780	unclassified	0
008497a0	unclassified	0
008497c0	unclassified	0
008497e0	unclassified	0
00849800	unclassified	0
00849820	unclassified	0
00849840	unclassified	0
00849860	unclassified	0
00849880	unclassified	0
008498a0	unclassified	0
008498c0	unclassified	0
008498e0	unclassified	0
00849900	unclassified	0
00849920	unclassified	0
00849940	unclassified	0
00849960	unclassified	0
00849980	unclassified	0
008499a0	unclassified	0
008499c0	unclassified	0
008499e0	unclassified	0
00849a00	unclassified	0
00849a20	unclassified	0
00849a40	unclassified	0
00849a60	unclassified	0
00849a80	unclassified	0
00849aa0	unclassified	0
00849ac0	unclassified	0
00849ae0	unclassified	0
00849b00	unclassified	0
00849b20	unclassified	0
00849b40	unclassified	0
00849b60	unclassified	0
00849b80	unclassified	0
00849ba0	unclassified	0
00849bc0	unclassified	0
00849be0	unclassified	0
00849c00	unclassified	0
00849c20	unclassified	0
00849c40	unclassified	0
00849c60	unclassified	0
00849c80	unclassified	0
00849ca0	unclassified	0
00849cc0	unclassified	0
00849ce0	unclassified	0
00849d10	unclassified	0
00849d30	unclassified	0
00849d50	unclassified	0
00849d70	unclassified	0
00849d90	unclassified	0
00849db0	unclassified	0
00849dd0	unclassified	0
00849df0	unclassified	0
00849e10	unclassified	0
00849e30	unclassified	0
00849e50	unclassified	0
00849e70	unclassified	0
00849e90	unclassified	0
00849ec0	unclassified	0
00849ee0	unclassified	0
00849f00	unclassified	0
00849f20	unclassified	0
00849f40	unclassified	0
00849f60	unclassified	0
00849f80	unclassified	0
00849fa0	unclassified	0
00849fc0	unclassified	0
00849fe0	unclassified	0
0084a000	unclassified	0
0084a020	unclassified	0
0084a040	unclassified	0
0084a060	unclassified	0
0084a080	unclassified	0
0084a0a0	unclassified	0
0084a0c0	unclassified	0
0084a0e0	unclassified	0
0084a100	unclassified	0
0084a120	unclassified	0
0084a140	unclassified	0
0084a160	unclassified	0
0084a180	unclassified	0
0084a1a0	unclassified	0
0084a1c0	unclassified	0
0084a1e0	unclassified	0
0084a200	unclassified	0
0084a220	unclassified	0
0084a240	unclassified	0
0084a260	unclassified	0
0084a280	unclassified	0
0084a2a0	unclassified	0
0084a2c0	unclassified	0
0084a2e0	unclassified	0
0084a300	unclassified	0
0084a320	unclassified	0
0084a340	unclassified	0
0084a360	unclassified	0
0084a380	unclassified	0
0084a3a0	unclassified	0
0084a3c0	unclassified	0
0084a3e0	unclassified	0
0084a400	unclassified	0
0084a420	unclassified	0
0084a440	unclassified	0
0084a460	unclassified	0
0084a480	unclassified	0
0084a4a0	unclassified	0
0084a4c0	unclassified	0
0084a4e0	unclassified	0
0084a500	unclassified	0
0084a520	unclassified	0
0084a540	unclassified	0
0084a560	unclassified	0
0084a580	unclassified	0
0084a5a0	unclassified	0
0084a5c0	unclassified	0
0084a5e0	unclassified	0
0084a600	unclassified	0
0084a620	unclassified	0
0084a640	unclassified	0
0084a660	unclassified	0
0084a680	unclassified	0
0084a6a0	unclassified	0
0084a6c0	unclassified	0
0084a6e0	unclassified	0
0084a700	unclassified	0
0084a720	unclassified	0
0084a740	unclassified	0
0084a750	unclassified	0
0084a780	unclassified	0
0084a7b0	unclassified	0
0084a7e0	unclassified	0
0084a800	unclassified	0
0084a820	unclassified	0
0084a840	unclassified	0
0084a860	unclassified	0
0084a880	unclassified	0
0084a8a0	unclassified	0
0084a8c0	unclassified	0
0084a8e0	unclassified	0
0084a900	unclassified	0
0084a920	unclassified	0
0084a940	unclassified	0
0084a960	unclassified	0
0084a980	unclassified	0
0084a9a0	unclassified	0
0084a9c0	unclassified	0
0084a9e0	unclassified	0
0084aa00	unclassified	0
0084aa20	unclassified	0
0084aa40	unclassified	0
0084aa60	unclassified	0
0084aa80	unclassified	0
0084aaa0	unclassified	0
0084aac0	unclassified	0
0084aae0	unclassified	0
0084ab00	unclassified	0
0084ab20	unclassified	0
0084ab40	unclassified	0
0084ab60	unclassified	0
0084ab80	unclassified	0
0084aba0	unclassified	0
0084abc0	unclassified	0
0084abe0	unclassified	0
0084ac00	unclassified	0
0084ac20	unclassified	0
0084ac40	unclassified	0
0084ac60	unclassified	0
0084ac80	unclassified	0
0084aca0	unclassified	0
0084acc0	unclassified	0
0084ace0	unclassified	0
0084ad00	unclassified	0
0084ad20	unclassified	0
0084ad40	unclassified	0
0084ad60	unclassified	0
0084ad80	unclassified	0
0084ada0	unclassified	0
0084adc0	unclassified	0
0084ade0	unclassified	0
0084ae00	unclassified	0
0084ae20	unclassified	0
0084ae40	unclassified	0
0084ae60	unclassified	0
0084ae80	unclassified	0
0084aea0	unclassified	0
0084aec0	unclassified	0
0084aee0	unclassified	0
0084af00	unclassified	0
0084af20	unclassified	0
0084af40	unclassified	0
0084af60	unclassified	0
0084af80	unclassified	0
0084afa0	unclassified	0
0084afc0	unclassified	0
0084afe0	unclassified	0
0084b000	unclassified	0
0084b020	unclassified	0
0084b040	unclassified	0
0084b060	unclassified	0
0084b080	unclassified	0
0084b0a0	unclassified	0
0084b0c0	unclassified	0
0084b0e0	unclassified	0
0084b100	unclassified	0
0084b120	unclassified	0
0084b140	unclassified	0
0084b160	unclassified	0
0084b180	unclassified	0
0084b1a0	unclassified	0
0084b1c0	unclassified	0
0084b1e0	unclassified	0
0084b200	unclassified	0
0084b220	unclassified	0
0084b240	unclassified	0
0084b260	unclassified	0
0084b280	unclassified	0
0084b2a0	unclassified	0
0084b2b0	unclassified	0
0084b2d0	unclassified	0
0084b2f0	unclassified	0
0084b310	unclassified	0
0084b330	unclassified	0
0084b350	unclassified	0
0084b370	unclassified	0
0084b390	unclassified	0
0084b3b0	unclassified	0
0084b3d0	unclassified	0
0084b3f0	unclassified	0
0084b410	unclassified	0
0084b430	unclassified	0
0084b450	unclassified	0
0084b470	unclassified	0
0084b490	unclassified	0
0084b4b0	unclassified	0
0084b4d0	unclassified	0
0084b4f0	unclassified	0
0084b510	unclassified	0
0084b530	unclassified	0
0084b550	unclassified	0
0084b570	unclassified	0
0084b590	unclassified	0
0084b5b0	unclassified	0
0084b5d0	unclassified	0
0084b5f0	unclassified	0
0084b610	unclassified	0
0084b630	unclassified	0
0084b650	unclassified	0
0084b670	unclassified	0
0084b690	unclassified	0
0084b6b0	unclassified	0
0084b6d0	unclassified	0
0084b6f0	unclassified	0
0084b710	unclassified	0
0084b730	unclassified	0
0084b750	unclassified	0
0084b770	unclassified	0
0084b790	unclassified	0
0084b7b0	unclassified	0
0084b7d0	unclassified	0
0084b7f0	unclassified	0
0084b810	unclassified	0
0084b830	unclassified	0
0084b850	unclassified	0
0084b870	unclassified	0
0084b890	unclassified	0
0084b8b0	unclassified	0
0084b8d0	unclassified	0
0084b8f0	unclassified	0
0084b910	unclassified	0
0084b930	unclassified	0
0084b950	unclassified	0
0084b970	unclassified	0
0084b990	unclassified	0
0084b9b0	unclassified	0
0084b9d0	unclassified	0
0084b9f0	unclassified	0
0084ba10	unclassified	0
0084ba30	unclassified	0
0084ba60	unclassified	0
0084ba90	unclassified	0
0084bab0	unclassified	0
0084bad0	unclassified	0
0084baf0	unclassified	0
0084bb10	unclassified	0
0084bb30	unclassified	0
0084bb50	unclassified	0
0084bb70	unclassified	0
0084bb90	unclassified	0
0084bbb0	unclassified	0
0084bbd0	unclassified	0
0084bbf0	unclassified	0
0084bc10	unclassified	0
0084bc30	unclassified	0
0084bc50	unclassified	0
0084bc70	unclassified	0
0084bc90	unclassified	0
0084bcb0	unclassified	0
0084bcd0	unclassified	0
0084bcf0	unclassified	0
0084bd10	unclassified	0
0084bd30	unclassified	0
0084bd50	unclassified	0
0084bd70	unclassified	0
0084bd90	unclassified	0
0084bdb0	unclassified	0
0084bdd0	unclassified	0
0084bdf0	unclassified	0
0084be10	unclassified	0
0084be30	unclassified	0
0084be50	unclassified	0
0084be70	unclassified	0
0084be90	unclassified	0
0084beb0	unclassified	0
0084bed0	unclassified	0
0084bef0	unclassified	0
0084bf10	unclassified	0
0084bf30	unclassified	0
0084bf50	unclassified	0
0084bf70	unclassified	0
0084bf90	unclassified	0
0084bfb0	unclassified	0
0084bfd0	unclassified	0
0084c000	unclassified	0
0084c020	unclassified	0
0084c040	unclassified	0
0084c060	unclassified	0
0084c080	unclassified	0
0084c0a0	unclassified	0
0084c0c0	unclassified	0
0084c0e0	unclassified	0
0084c100	unclassified	0
0084c120	unclassified	0
0084c140	unclassified	0
0084c160	unclassified	0
0084c180	unclassified	0
0084c1a0	unclassified	0
0084c1b0	unclassified	0
0084c1d0	unclassified	0
0084c1f0	unclassified	0
0084c210	unclassified	0
0084c230	unclassified	0
0084c250	unclassified	0
0084c270	unclassified	0
0084c290	unclassified	0
0084c2b0	unclassified	0
0084c2d0	unclassified	0
0084c2f0	unclassified	0
0084c310	unclassified	0
0084c330	unclassified	0
0084c350	unclassified	0
0084c370	unclassified	0
0084c390	unclassified	0
0084c3b0	unclassified	0
0084c3d0	unclassified	0
0084c3f0	unclassified	0
0084c410	unclassified	0
0084c430	unclassified	0
0084c450	unclassified	0
0084c470	unclassified	0
0084c490	unclassified	0
0084c4b0	unclassified	0
0084c4d0	unclassified	0
0084c4f0	unclassified	0
0084c500	unclassified	0
0084c520	unclassified	0
0084c540	unclassified	0
0084c560	unclassified	0
0084c580	unclassified	0
0084c5a0	unclassified	0
0084c5c0	unclassified	0
0084c5e0	unclassified	0
0084c600	unclassified	0
0084c620	unclassified	0
0084c640	unclassified	0
0084c660	unclassified	0
0084c680	unclassified	0
0084c6a0	unclassified	0
0084c6c0	unclassified	0
0084c6e0	unclassified	0
0084c700	unclassified	0
0084c720	unclassified	0
0084c740	unclassified	0
0084c760	unclassified	0
0084c780	unclassified	0
0084c7a0	unclassified	0
0084c7c0	unclassified	0
0084c7e0	unclassified	0
0084c800	unclassified	0
0084c820	unclassified	0
0084c840	unclassified	0
0084c860	unclassified	0
0084c880	unclassified	0
0084c8a0	unclassified	0
0084c8c0	unclassified	0
0084c8e0	unclassified	0
0084c900	unclassified	0
0084c920	unclassified	0
0084c940	unclassified	0
0084c960	unclassified	0
0084c980	unclassified	0
0084c9a0	unclassified	0
0084c9d0	unclassified	0
0084c9f0	unclassified	0
0084ca10	unclassified	0
0084ca30	unclassified	0
0084ca50	unclassified	0
0084ca70	unclassified	0
0084ca90	unclassified	0
0084cab0	unclassified	0
0084cad0	unclassified	0
0084caf0	unclassified	0
0084cb10	unclassified	0
0084cb30	unclassified	0
0084cb50	unclassified	0
0084cb70	unclassified	0
0084cb90	unclassified	0
0084cbb0	unclassified	0
0084cbd0	unclassified	0
0084cbf0	unclassified	0
0084cc10	unclassified	0
0084cc30	unclassified	0
0084cc40	unclassified	0
0084cc60	unclassified	0
0084cc80	unclassified	0
0084cca0	unclassified	0
0084ccc0	unclassified	0
0084cce0	unclassified	0
0084cd00	unclassified	0
0084cd20	unclassified	0
0084cd40	unclassified	0
0084cd60	unclassified	0
0084cd70	unclassified	0
0084cd90	unclassified	0
0084cdb0	unclassified	0
0084cdd0	unclassified	0
0084cdf0	unclassified	0
0084ce10	unclassified	0
0084ce30	unclassified	0
0084ce50	unclassified	0
0084ce70	unclassified	0
0084ce90	unclassified	0
0084ceb0	unclassified	0
0084ced0	unclassified	0
0084cef0	unclassified	0
0084cf10	unclassified	0
0084cf20	unclassified	0
0084cf40	unclassified	0
0084cf60	unclassified	0
0084cf80	unclassified	0
0084cfa0	unclassified	0
0084cfc0	unclassified	0
0084cfe0	unclassified	0
0084cff0	unclassified	0
0084d010	unclassified	0
0084d030	unclassified	0
0084d050	unclassified	0
0084d070	unclassified	0
0084d090	unclassified	0
0084d0b0	unclassified	0
0084d0d0	unclassified	0
0084d0f0	unclassified	0
0084d110	unclassified	0
0084d130	unclassified	0
0084d150	unclassified	0
0084d170	unclassified	0
0084d190	unclassified	0
0084d1b0	unclassified	0
0084d1d0	unclassified	0
0084d1f0	unclassified	0
0084d210	unclassified	0
0084d230	unclassified	0
0084d250	unclassified	0
0084d270	unclassified	0
0084d290	unclassified	0
0084d2b0	unclassified	0
0084d2d0	unclassified	0
0084d2f0	unclassified	0
0084d310	unclassified	0
0084d330	unclassified	0
0084d350	unclassified	0
0084d370	unclassified	0
0084d390	unclassified	0
0084d3b0	unclassified	0
0084d3d0	unclassified	0
0084d3f0	unclassified	0
0084d410	unclassified	0
0084d430	unclassified	0
0084d450	unclassified	0
0084d470	unclassified	0
0084d490	unclassified	0
0084d4b0	unclassified	0
0084d4d0	unclassified	0
0084d4f0	unclassified	0
0084d510	unclassified	0
0084d530	unclassified	0
0084d550	unclassified	0
0084d570	unclassified	0
0084d590	unclassified	0
0084d5b0	unclassified	0
0084d5d0	unclassified	0
0084d5f0	unclassified	0
0084d610	unclassified	0
0084d630	unclassified	0
0084d650	unclassified	0
0084d670	unclassified	0
0084d690	unclassified	0
0084d6b0	unclassified	0
0084d6d0	unclassified	0
0084d700	unclassified	0
0084d720	unclassified	0
0084d740	unclassified	0
0084d750	unclassified	0
0084d770	unclassified	0
0084d7a0	unclassified	0
0084d7c0	unclassified	0
0084d7e0	unclassified	0
0084d800	unclassified	0
0084d820	unclassified	0
0084d840	unclassified	0
0084d860	unclassified	0
0084d880	unclassified	0
0084d8a0	unclassified	0
0084d8c0	unclassified	0
0084d8e0	unclassified	0
0084d900	unclassified	0
0084d920	platform_os	1
0084d930	platform_os	1
0084d950	platform_os	1
0084d970	platform_os	1
0084d990	platform_os	1
0084d9b0	platform_os	1
0084d9d0	platform_os	1
0084d9f0	platform_os	1
0084da10	platform_os	1
0084da30	platform_os	1
0084da50	platform_os	1
0084da70	platform_os	1
0084da90	platform_os	1
0084dab0	platform_os	1
0084dad0	platform_os	1
0084daf0	platform_os	1
0084db10	platform_os	1
0084db30	platform_os	1
0084db50	platform_os	1
0084db70	platform_os	1
0084db90	platform_os	1
0084dbb0	platform_os	1
0084dbd0	platform_os	1
0084dbf0	platform_os	1
0084dc10	platform_os	1
0084dc30	platform_os	1
0084dc50	platform_os	1
0084dc70	platform_os	1
0084dc90	platform_os	1
0084dcb0	platform_os	1
0084dcd0	platform_os	1
0084dcf0	platform_os	1
0084dd10	platform_os	1
0084dd30	platform_os	1
0084dd50	platform_os	1
0084dd70	platform_os	1
0084dd90	platform_os	1
0084ddb0	platform_os	1
0084ddd0	platform_os	1
0084ddf0	platform_os	1
0084de10	platform_os	1
0084de30	platform_os	1
0084de50	platform_os	1
0084de70	platform_os	1
0084de90	platform_os	1
0084deb0	platform_os	1
0084ded0	platform_os	1
0084def0	platform_os	1
0084df10	platform_os	1
0084df30	platform_os	1
0084df50	platform_os	1
0084df70	platform_os	1
0084df90	platform_os	1
0084dfb0	platform_os	1
0084dfd0	platform_os	1
0084dff0	platform_os	1
0084e010	platform_os	1
0084e030	unclassified	0
0084e050	unclassified	0
0084e070	unclassified	0
0084e090	unclassified	0
0084e0b0	unclassified	0
0084e0d0	unclassified	0
0084e0f0	unclassified	0
0084e100	unclassified	0
0084e110	unclassified	0
0084e130	unclassified	0
0084e150	unclassified	0
0084e170	unclassified	0
0084e190	unclassified	0
0084e1b0	unclassified	0
0084e1d0	unclassified	0
0084e1f0	unclassified	0
0084e220	unclassified	0
0084e240	unclassified	0
0084e260	unclassified	0
0084e280	unclassified	0
0084e2a0	unclassified	0
0084e2c0	unclassified	0
0084e2e0	unclassified	0
0084e300	unclassified	0
0084e320	unclassified	0
0084e340	unclassified	0
0084e360	unclassified	0
0084e380	unclassified	0
0084e3a0	unclassified	0
0084e3c0	unclassified	0
0084e3e0	unclassified	0
0084e400	unclassified	0
0084e420	unclassified	0
0084e440	unclassified	0
0084e460	unclassified	0
0084e480	unclassified	0
0084e4a0	unclassified	0
0084e4c0	unclassified	0
0084e4e0	unclassified	0
0084e500	unclassified	0
0084e520	unclassified	0
0084e540	unclassified	0
0084e560	unclassified	0
0084e580	unclassified	0
0084e5a0	unclassified	0
0084e5c0	unclassified	0
0084e5e0	unclassified	0
0084e600	unclassified	0
0084e620	unclassified	0
0084e640	unclassified	0
0084e660	unclassified	0
0084e680	unclassified	0
0084e6a0	unclassified	0
0084e6c0	unclassified	0
0084e6e0	unclassified	0
0084e6f0	unclassified	0
0084e710	unclassified	0
0084e730	unclassified	0
0084e750	unclassified	0
0084e770	unclassified	0
0084e790	unclassified	0
0084e7b0	unclassified	0
0084e7e0	unclassified	0
0084e7f0	unclassified	0
0084e800	unclassified	0
0084e820	unclassified	0
0084e840	unclassified	0
0084e860	unclassified	0
0084e880	unclassified	0
0084e8a0	unclassified	0
0084e8c0	unclassified	0
0084e8e0	unclassified	0
0084e900	unclassified	0
0084e920	unclassified	0
0084e940	unclassified	0
0084e960	unclassified	0
0084e980	unclassified	0
0084e9b0	unclassified	0
0084e9e0	unclassified	0
0084ea10	unclassified	0
0084ea40	unclassified	0
0084ea50	unclassified	0
0084ea60	unclassified	0
0084ea80	unclassified	0
0084eaa0	unclassified	0
0084eac0	unclassified	0
0084eae0	unclassified	0
0084eb00	unclassified	0
0084eb20	unclassified	0
0084eb40	unclassified	0
0084eb60	unclassified	0
0084eb80	unclassified	0
0084eba0	unclassified	0
0084ebc0	unclassified	0
0084ebe0	unclassified	0
0084ec00	unclassified	0
0084ec20	unclassified	0
0084ec40	unclassified	0
0084ec60	unclassified	0
0084ec80	unclassified	0
0084eca0	unclassified	0
0084ecc0	unclassified	0
0084ece0	unclassified	0
0084ed00	unclassified	0
0084ed20	unclassified	0
0084ed40	unclassified	0
0084ed60	unclassified	0
0084ed80	unclassified	0
0084eda0	unclassified	0
0084edc0	unclassified	0
0084ede0	unclassified	0
0084ee00	unclassified	0
0084ee20	unclassified	0
0084ee40	ui_hud_frontend	1
0084ee60	ui_hud_frontend	1
0084ee80	ui_hud_frontend	1
0084eea0	ui_hud_frontend	1
0084eec0	ui_hud_frontend	1
0084eee0	ui_hud_frontend	1
0084ef00	ui_hud_frontend	1
0084ef20	ui_hud_frontend	1
0084ef40	ui_hud_frontend	1
0084ef60	ui_hud_frontend	1
0084ef80	ui_hud_frontend	1
0084efa0	ui_hud_frontend	1
0084efc0	ui_hud_frontend	1
0084efe0	ui_hud_frontend	1
0084f000	ui_hud_frontend	1
0084f020	ui_hud_frontend	1
0084f040	ui_hud_frontend	1
0084f060	ui_hud_frontend	1
0084f080	ui_hud_frontend	1
0084f0a0	ui_hud_frontend	1
0084f0d0	ui_hud_frontend	1
0084f100	ui_hud_frontend	1
0084f120	ui_hud_frontend	1
0084f140	ui_hud_frontend	1
0084f160	ui_hud_frontend	1
0084f180	ui_hud_frontend	1
0084f1a0	ui_hud_frontend	1
0084f1c0	ui_hud_frontend	1
0084f1f0	ui_hud_frontend	1
0084f210	unclassified	0
0084f230	unclassified	0
0084f250	unclassified	0
0084f270	unclassified	0
0084f290	unclassified	0
0084f2b0	unclassified	0
0084f2d0	unclassified	0
0084f300	unclassified	0
0084f320	unclassified	0
0084f350	unclassified	0
0084f380	unclassified	0
0084f3a0	unclassified	0
0084f3c0	unclassified	0
0084f3e0	unclassified	0
0084f400	unclassified	0
0084f420	unclassified	0
0084f440	unclassified	0
0084f460	unclassified	0
0084f480	unclassified	0
0084f4a0	unclassified	0
0084f4c0	unclassified	0
0084f4e0	unclassified	0
0084f500	unclassified	0
0084f520	unclassified	0
0084f540	unclassified	0
0084f560	unclassified	0
0084f580	unclassified	0
0084f5a0	unclassified	0
0084f5c0	unclassified	0
0084f5e0	unclassified	0
0084f600	unclassified	0
0084f620	unclassified	0
0084f640	unclassified	0
0084f660	unclassified	0
0084f680	unclassified	0
0084f6a0	unclassified	0
0084f6c0	unclassified	0
0084f6e0	unclassified	0
0084f700	unclassified	0
0084f720	unclassified	0
0084f740	unclassified	0
0084f760	unclassified	0
0084f780	unclassified	0
0084f7a0	unclassified	0
0084f7c0	unclassified	0
0084f7e0	unclassified	0
0084f800	unclassified	0
0084f820	unclassified	0
0084f840	unclassified	0
0084f860	unclassified	0
0084f880	unclassified	0
0084f8a0	unclassified	0
0084f8c0	unclassified	0
0084f8e0	unclassified	0
0084f900	unclassified	0
0084f920	unclassified	0
0084f940	unclassified	0
0084f960	unclassified	0
0084f980	unclassified	0
0084f9a0	unclassified	0
0084f9c0	unclassified	0
0084f9e0	unclassified	0
0084fa00	unclassified	0
0084fa20	unclassified	0
0084fa40	unclassified	0
0084fa60	unclassified	0
0084fa80	unclassified	0
0084faa0	unclassified	0
0084fac0	unclassified	0
0084fae0	unclassified	0
0084fb00	unclassified	0
0084fb20	unclassified	0
0084fb40	unclassified	0
0084fb60	unclassified	0
0084fb80	unclassified	0
0084fba0	unclassified	0
0084fbc0	unclassified	0
0084fbe0	unclassified	0
0084fc00	unclassified	0
0084fc20	unclassified	0
0084fc40	unclassified	0
0084fc60	unclassified	0
0084fc80	unclassified	0
0084fca0	unclassified	0
0084fcc0	unclassified	0
0084fce0	unclassified	0
0084fd00	unclassified	0
0084fd20	unclassified	0
0084fd40	unclassified	0
0084fd60	unclassified	0
0084fd80	unclassified	0
0084fda0	unclassified	0
0084fdc0	unclassified	0
0084fde0	unclassified	0
0084fe00	unclassified	0
0084fe20	unclassified	0
0084fe40	platform_os	1
0084fe60	platform_os	1
0084fe70	platform_os	1
0084fe90	platform_os	1
0084feb0	platform_os	1
0084fed0	platform_os	1
0084fef0	platform_os	1
0084ff10	platform_os	1
0084ff30	platform_os	1
0084ff60	platform_os	1
0084ff80	platform_os	1
0084ffa0	platform_os	1
0084ffc0	platform_os	1
0084ffe0	platform_os	1
00850000	platform_os	1
00850020	platform_os	1
00850040	platform_os	1
00850060	platform_os	1
00850077	platform_os	1
0085007c	platform_os	1
008500a0	platform_os	1
008500c0	platform_os	1
008500e0	platform_os	1
00850100	platform_os	1
00850120	platform_os	1
00850140	platform_os	1
00850160	platform_os	1
00850180	platform_os	1
008501a0	platform_os	1
008501c0	platform_os	1
008501e0	platform_os	1
00850200	platform_os	1
00850220	platform_os	1
00850240	platform_os	1
00850260	platform_os	1
00850280	platform_os	1
008502a0	platform_os	1
008502c0	platform_os	1
008502e0	platform_os	1
00850300	platform_os	1
00850320	platform_os	1
00850340	platform_os	1
00850360	platform_os	1
00850380	platform_os	1
008503a0	platform_os	1
008503c0	platform_os	1
008503e0	platform_os	1
00850400	platform_os	1
00850420	platform_os	1
00850440	platform_os	1
00850460	platform_os	1
00850480	platform_os	1
008504a0	platform_os	1
008504c0	platform_os	1
008504e0	platform_os	1
00850500	platform_os	1
00850520	platform_os	1
00850540	platform_os	1
00850560	platform_os	1
00850580	platform_os	1
008505a0	platform_os	1
008505c0	platform_os	1
008505e0	platform_os	1
00850600	platform_os	1
00850620	platform_os	1
00850640	platform_os	1
00850660	platform_os	1
00850680	platform_os	1
008506a0	platform_os	1
008506c0	platform_os	1
008506e0	platform_os	1
00850700	platform_os	1
00850720	platform_os	1
00850740	platform_os	1
00850760	platform_os	1
00850780	platform_os	1
008507a0	platform_os	1
008507c0	platform_os	1
008507e0	platform_os	1
00850800	platform_os	1
00850820	platform_os	1
00850840	platform_os	1
00850860	platform_os	1
00850880	platform_os	1
008508a0	platform_os	1
008508c0	platform_os	1
008508f0	platform_os	1
00850910	platform_os	1
00850940	platform_os	1
00850970	platform_os	1
008509a0	platform_os	1
008509c0	platform_os	1
008509e0	platform_os	1
00850a00	platform_os	1
00850a20	platform_os	1
00850a40	platform_os	1
00850a60	platform_os	1
00850a80	platform_os	1
00850aa0	platform_os	1
00850ac0	platform_os	1
00850ae0	platform_os	1
00850b00	platform_os	1
00850b20	platform_os	1
00850b40	platform_os	1
00850b60	platform_os	1
00850b80	platform_os	1
00850ba0	platform_os	1
00850bc0	platform_os	1
00850be0	platform_os	1
00850c00	platform_os	1
00850c20	platform_os	1
00850c40	platform_os	1
00850c60	platform_os	1
00850c80	platform_os	1
00850ca0	platform_os	1
00850cc0	platform_os	1
00850ce0	platform_os	1
00850d10	platform_os	1
00850d30	platform_os	1
00850d50	platform_os	1
00850d70	platform_os	1
00850d90	platform_os	1
00850db0	platform_os	1
00850dd0	platform_os	1
00850df0	platform_os	1
00850e10	platform_os	1
00850e30	platform_os	1
00850e50	platform_os	1
00850e70	platform_os	1
00850e90	platform_os	1
00850eb0	platform_os	1
00850ed0	platform_os	1
00850ef0	platform_os	1
00850f10	platform_os	1
00850f30	platform_os	1
00850f50	platform_os	1
00850f60	platform_os	1
00850f70	platform_os	1
00850f90	platform_os	1
00850fb0	platform_os	1
00850fd0	platform_os	1
00850ff0	platform_os	1
00851010	platform_os	1
00851030	platform_os	1
00851050	platform_os	1
00851070	platform_os	1
00851090	platform_os	1
008510b0	platform_os	1
008510d0	platform_os	1
008510f0	platform_os	1
00851110	platform_os	1
00851130	platform_os	1
00851150	platform_os	1
00851170	platform_os	1
00851190	platform_os	1
008511b0	platform_os	1
008511d0	platform_os	1
008511f0	platform_os	1
00851210	platform_os	1
00851230	platform_os	1
00851250	platform_os	1
00851270	platform_os	1
00851290	platform_os	1
008512b0	platform_os	1
008512d0	platform_os	1
008512f0	platform_os	1
00851310	platform_os	1
00851330	platform_os	1
00851360	platform_os	1
00851380	platform_os	1
008513a0	platform_os	1
008513c0	platform_os	1
008513e0	platform_os	1
00851400	platform_os	1
00851420	platform_os	1
00851440	platform_os	1
00851460	platform_os	1
00851480	platform_os	1
008514a0	platform_os	1
008514c0	platform_os	1
008514e0	platform_os	1
00851500	platform_os	1
00851520	platform_os	1
00851540	platform_os	1
00851560	platform_os	1
00851580	platform_os	1
008515a0	platform_os	1
008515c0	platform_os	1
008515e0	platform_os	1
00851600	platform_os	1
00851620	platform_os	1
00851640	platform_os	1
00851660	platform_os	1
00851680	platform_os	1
008516b0	platform_os	1
008516d0	platform_os	1
008516f0	platform_os	1
00851710	platform_os	1
00851730	platform_os	1
00851750	platform_os	1
00851770	platform_os	1
00851790	platform_os	1
008517b0	platform_os	1
008517d0	platform_os	1
008517f0	platform_os	1
00851810	platform_os	1
00851830	platform_os	1
00851850	platform_os	1
00851870	platform_os	1
00851890	platform_os	1
008518b0	platform_os	1
008518d0	platform_os	1
008518f0	platform_os	1
00851910	platform_os	1
00851930	platform_os	1
00851950	platform_os	1
00851970	platform_os	1
00851990	platform_os	1
008519b0	platform_os	1
008519d0	platform_os	1
008519f0	platform_os	1
00851a10	platform_os	1
00851a30	platform_os	1
00851a50	platform_os	1
00851a70	platform_os	1
00851a90	platform_os	1
00851ab0	platform_os	1
00851ad0	platform_os	1
00851af0	platform_os	1
00851b10	platform_os	1
00851b30	platform_os	1
00851b50	platform_os	1
00851b70	platform_os	1
00851b90	platform_os	1
00851bb0	platform_os	1
00851bd0	platform_os	1
00851bf0	platform_os	1
00851c10	platform_os	1
00851c30	platform_os	1
00851c50	platform_os	1
00851c70	platform_os	1
00851c90	platform_os	1
00851cb0	platform_os	1
00851cd0	platform_os	1
00851cf0	platform_os	1
00851d10	platform_os	1
00851d30	platform_os	1
00851d50	platform_os	1
00851d70	platform_os	1
00851d90	platform_os	1
00851db0	platform_os	1
00851dd0	platform_os	1
00851df0	platform_os	1
00851e10	platform_os	1
00851e30	platform_os	1
00851e50	platform_os	1
00851e70	platform_os	1
00851e90	platform_os	1
00851eb0	platform_os	1
00851ed0	platform_os	1
00851ef0	platform_os	1
00851f10	platform_os	1
00851f30	platform_os	1
00851f50	platform_os	1
00851f70	platform_os	1
00851f90	platform_os	1
00851fb0	platform_os	1
00851fd0	platform_os	1
00851ff0	platform_os	1
00852010	platform_os	1
00852020	platform_os	1
00852040	platform_os	1
00852060	platform_os	1
00852080	platform_os	1
008520a0	platform_os	1
008520c0	platform_os	1
008520e0	platform_os	1
00852110	platform_os	1
00852140	platform_os	1
00852160	platform_os	1
00852180	platform_os	1
008521a0	platform_os	1
008521c0	platform_os	1
008521e0	platform_os	1
00852200	platform_os	1
00852220	platform_os	1
00852240	platform_os	1
00852260	platform_os	1
00852280	platform_os	1
008522a0	platform_os	1
008522c0	platform_os	1
008522e0	platform_os	1
00852300	platform_os	1
00852320	platform_os	1
00852340	platform_os	1
00852360	platform_os	1
00852380	platform_os	1
008523a0	platform_os	1
008523c0	platform_os	1
008523e0	platform_os	1
00852400	platform_os	1
00852420	platform_os	1
00852440	platform_os	1
00852460	platform_os	1
00852480	platform_os	1
008524a0	platform_os	1
008524c0	platform_os	1
008524e0	platform_os	1
00852500	platform_os	1
00852520	platform_os	1
00852540	platform_os	1
00852560	platform_os	1
00852580	platform_os	1
008525a0	platform_os	1
008525c0	platform_os	1
008525e0	platform_os	1
00852600	platform_os	1
00852620	platform_os	1
00852640	platform_os	1
00852660	platform_os	1
00852680	platform_os	1
00852690	platform_os	1
008526a0	platform_os	1
008526b0	platform_os	1
008526c0	platform_os	1
008526e0	platform_os	1
00852700	platform_os	1
00852720	platform_os	1
00852740	platform_os	1
00852760	platform_os	1
00852780	platform_os	1
008527a0	platform_os	1
008527c0	platform_os	1
008527e0	platform_os	1
00852800	platform_os	1
00852820	platform_os	1
00852840	platform_os	1
00852850	platform_os	1
00852860	platform_os	1
00852870	platform_os	1
00852890	platform_os	1
008528b0	platform_os	1
008528d0	platform_os	1
008528f0	platform_os	1
00852910	platform_os	1
00852930	platform_os	1
00852950	platform_os	1
00852970	platform_os	1
00852990	platform_os	1
008529b0	platform_os	1
008529d0	platform_os	1
008529f0	platform_os	1
00852a10	platform_os	1
00852a30	platform_os	1
00852a50	platform_os	1
00852a70	platform_os	1
00852a90	platform_os	1
00852ab0	platform_os	1
00852ad0	platform_os	1
00852af0	platform_os	1
00852b10	platform_os	1
00852b30	platform_os	1
00852b50	platform_os	1
00852b70	platform_os	1
00852b90	platform_os	1
00852bb0	platform_os	1
00852bd0	platform_os	1
00852bf0	platform_os	1
00852c10	platform_os	1
00852c30	platform_os	1
00852c50	platform_os	1
00852c70	platform_os	1
00852c90	platform_os	1
00852cb0	platform_os	1
00852cd0	platform_os	1
00852cf0	platform_os	1
00852d10	platform_os	1
00852d30	platform_os	1
00852d50	platform_os	1
00852d70	platform_os	1
00852d90	platform_os	1
00852db0	platform_os	1
00852dd0	platform_os	1
00852df0	platform_os	1
00852e10	platform_os	1
00852e30	platform_os	1
00852e50	platform_os	1
00852e70	platform_os	1
00852e90	platform_os	1
00852eb0	platform_os	1
00852ed0	platform_os	1
00852ef0	platform_os	1
00852f10	platform_os	1
00852f30	platform_os	1
00852f50	platform_os	1
00852f70	platform_os	1
00852f90	platform_os	1
00852fb0	platform_os	1
00852fd0	platform_os	1
00852ff0	platform_os	1
00853010	platform_os	1
00853030	platform_os	1
00853050	platform_os	1
00853070	platform_os	1
00853090	platform_os	1
008530b0	platform_os	1
008530d0	platform_os	1
008530f0	platform_os	1
00853110	platform_os	1
00853130	platform_os	1
00853150	platform_os	1
00853170	platform_os	1
00853180	platform_os	1
008531a0	platform_os	1
008531c0	platform_os	1
008531e0	platform_os	1
00853200	platform_os	1
00853220	platform_os	1
00853240	platform_os	1
00853260	platform_os	1
00853280	platform_os	1
008532a0	platform_os	1
008532c0	platform_os	1
008532e0	platform_os	1
00853300	platform_os	1
00853320	platform_os	1
00853340	platform_os	1
00853360	platform_os	1
00853380	platform_os	1
008533a0	platform_os	1
008533c0	platform_os	1
008533e0	platform_os	1
00853400	platform_os	1
00853420	platform_os	1
00853440	platform_os	1
00853460	platform_os	1
00853480	platform_os	1
008534a0	platform_os	1
008534c0	platform_os	1
008534e0	platform_os	1
00853500	platform_os	1
00853520	platform_os	1
00853540	platform_os	1
00853580	platform_os	1
008535a0	platform_os	1
008535c0	platform_os	1
008535e0	platform_os	1
00853600	platform_os	1
00853620	platform_os	1
00853640	platform_os	1
00853660	platform_os	1
00853680	platform_os	1
008536a0	platform_os	1
008536c0	platform_os	1
008536e0	platform_os	1
00853700	platform_os	1
00853720	platform_os	1
00853740	platform_os	1
00853760	platform_os	1
00853780	platform_os	1
008537a0	platform_os	1
008537c0	platform_os	1
008537e0	platform_os	1
00853800	platform_os	1
00853820	platform_os	1
00853840	platform_os	1
00853860	platform_os	1
00853880	platform_os	1
008538a0	platform_os	1
008538c0	platform_os	1
008538e0	platform_os	1
00853900	platform_os	1
00853920	platform_os	1
00853940	platform_os	1
00853960	platform_os	1
00853980	platform_os	1
008539a0	platform_os	1
008539c0	platform_os	1
008539e0	platform_os	1
00853a00	platform_os	1
00853a20	platform_os	1
00853a40	platform_os	1
00853a60	platform_os	1
00853a80	platform_os	1
00853aa0	platform_os	1
00853ac0	platform_os	1
00853ae0	platform_os	1
00853b00	platform_os	1
00853b20	platform_os	1
00853b40	platform_os	1
00853b60	platform_os	1
00853b80	platform_os	1
00853ba0	platform_os	1
00853bc0	platform_os	1
00853be0	platform_os	1
00853c00	platform_os	1
00853c20	platform_os	1
00853c40	platform_os	1
00853c60	platform_os	1
00853c80	platform_os	1
00853ca0	platform_os	1
00853cc0	platform_os	1
00853ce0	platform_os	1
00853d00	platform_os	1
00853d20	platform_os	1
00853d40	platform_os	1
00853d60	platform_os	1
00853d80	platform_os	1
00853da0	platform_os	1
00853dc0	platform_os	1
00853df0	platform_os	1
00853e10	platform_os	1
00853e20	platform_os	1
00853e50	platform_os	1
00853e70	platform_os	1
00853e90	platform_os	1
00853eb0	platform_os	1
00853ed0	platform_os	1
00853ef0	platform_os	1
00853f10	platform_os	1
00853f30	platform_os	1
00853f50	platform_os	1
00853f70	platform_os	1
00853f90	platform_os	1
00853fb0	platform_os	1
00853fd0	platform_os	1
00853ff0	platform_os	1
00854010	platform_os	1
00854030	platform_os	1
00854050	platform_os	1
00854070	platform_os	1
00854090	platform_os	1
008540b0	platform_os	1
008540d0	platform_os	1
008540f0	platform_os	1
00854110	platform_os	1
00854130	platform_os	1
00854150	platform_os	1
00854170	platform_os	1
00854190	platform_os	1
008541b0	platform_os	1
008541d0	platform_os	1
008541f0	platform_os	1
00854210	platform_os	1
00854230	platform_os	1
00854250	platform_os	1
00854270	platform_os	1
00854290	platform_os	1
008542b0	platform_os	1
008542d0	platform_os	1
008542f0	platform_os	1
00854310	platform_os	1
00854330	platform_os	1
00854350	platform_os	1
00854370	platform_os	1
00854390	platform_os	1
008543b0	platform_os	1
008543d0	platform_os	1
00854410	platform_os	1
00854430	platform_os	1
00854450	platform_os	1
00854470	platform_os	1
00854490	platform_os	1
008544b0	platform_os	1
008544d0	platform_os	1
008544f0	platform_os	1
00854510	platform_os	1
00854530	platform_os	1
00854550	platform_os	1
00854570	platform_os	1
00854590	platform_os	1
008545b0	platform_os	1
008545e0	platform_os	1
00854610	platform_os	1
00854630	platform_os	1
00854650	platform_os	1
00854670	platform_os	1
00854690	platform_os	1
008546b0	platform_os	1
008546d0	platform_os	1
008546f0	platform_os	1
00854710	platform_os	1
00854730	platform_os	1
00854750	platform_os	1
00854770	platform_os	1
00854790	platform_os	1
008547b0	platform_os	1
008547d0	platform_os	1
008547f0	platform_os	1
00854810	platform_os	1
00854820	platform_os	1
00854840	platform_os	1
00854860	platform_os	1
00854880	platform_os	1
008548a0	platform_os	1
008548b0	platform_os	1
008548c0	platform_os	1
008548e0	platform_os	1
00854900	platform_os	1
00854920	platform_os	1
00854940	platform_os	1
00854960	platform_os	1
00854980	platform_os	1
008549a0	platform_os	1
008549c0	platform_os	1
008549e0	platform_os	1
00854a00	platform_os	1
00854a20	platform_os	1
00854a40	platform_os	1
00854a60	platform_os	1
00854a80	platform_os	1
00854aa0	platform_os	1
00854ac0	platform_os	1
00854ae0	platform_os	1
00854b00	platform_os	1
00854b20	platform_os	1
00854b40	platform_os	1
00854b60	platform_os	1
00854b90	platform_os	1
00854bb0	platform_os	1
00854bd0	platform_os	1
00854bf0	platform_os	1
00854c10	platform_os	1
00854c30	platform_os	1
00854c50	platform_os	1
00854c70	platform_os	1
00854c80	platform_os	1
00854c90	platform_os	1
00854cb0	platform_os	1
00854cd0	platform_os	1
00854cf0	platform_os	1
00854d10	platform_os	1
00854d30	platform_os	1
00854d50	platform_os	1
00854d80	platform_os	1
00854da0	platform_os	1
00854db0	platform_os	1
00854dc0	platform_os	1
00854df0	platform_os	1
00854e20	platform_os	1
00854e40	platform_os	1
00854e60	platform_os	1
00854e80	platform_os	1
00854ea0	platform_os	1
00854ec0	platform_os	1
00854ee0	platform_os	1
00854f10	platform_os	1
00854f30	platform_os	1
00854f50	platform_os	1
00854f70	platform_os	1
00854f90	platform_os	1
00854fb0	platform_os	1
00854fd0	platform_os	1
00854ff0	platform_os	1
00855010	platform_os	1
00855030	platform_os	1
00855050	platform_os	1
00855070	platform_os	1
00855090	platform_os	1
008550b0	platform_os	1
008550d0	platform_os	1
008550f0	platform_os	1
00855110	platform_os	1
00855130	platform_os	1
00855150	platform_os	1
00855170	platform_os	1
00855190	platform_os	1
008551b0	platform_os	1
008551d0	platform_os	1
008551f0	platform_os	1
00855210	platform_os	1
00855230	platform_os	1
00855250	platform_os	1
00855270	platform_os	1
00855290	platform_os	1
008552b0	platform_os	1
008552d0	platform_os	1
008552f0	platform_os	1
00855310	platform_os	1
00855340	platform_os	1
00855360	platform_os	1
00855380	platform_os	1
008553a0	platform_os	1
008553c0	platform_os	1
008553e0	platform_os	1
00855400	platform_os	1
00855420	platform_os	1
00855450	platform_os	1
00855470	platform_os	1
00855490	platform_os	1
008554b0	platform_os	1
008554d0	platform_os	1
008554f0	platform_os	1
00855510	platform_os	1
00855530	platform_os	1
00855550	platform_os	1
00855570	platform_os	1
00855590	platform_os	1
008555b0	platform_os	1
008555d0	platform_os	1
008555f0	platform_os	1
00855610	platform_os	1
00855630	platform_os	1
00855650	platform_os	1
00855670	platform_os	1
00855680	platform_os	1
00855690	platform_os	1
008556a0	platform_os	1
008556c0	platform_os	1
008556e0	platform_os	1
00855700	platform_os	1
00855720	platform_os	1
00855740	platform_os	1
00855760	platform_os	1
00855780	platform_os	1
008557a0	platform_os	1
008557c0	platform_os	1
008557e0	platform_os	1
00855800	platform_os	1
00855820	platform_os	1
00855840	platform_os	1
00855860	platform_os	1
00855880	platform_os	1
008558a0	platform_os	1
008558c0	platform_os	1
008558e0	platform_os	1
00855900	platform_os	1
00855920	platform_os	1
00855940	platform_os	1
00855960	platform_os	1
00855980	platform_os	1
008559a0	platform_os	1
008559c0	platform_os	1
008559e0	platform_os	1
00855a00	platform_os	1
00855a20	platform_os	1
00855a40	platform_os	1
00855a60	platform_os	1
00855a80	platform_os	1
00855aa0	platform_os	1
00855ac0	platform_os	1
00855ae0	platform_os	1
00855b00	platform_os	1
00855b20	platform_os	1
00855b40	platform_os	1
00855b60	platform_os	1
00855b80	platform_os	1
00855ba0	platform_os	1
00855bc0	platform_os	1
00855be0	platform_os	1
00855c00	platform_os	1
00855c20	platform_os	1
00855c40	platform_os	1
00855c60	platform_os	1
00855c80	platform_os	1
00855ca0	platform_os	1
00855cc0	platform_os	1
00855ce0	platform_os	1
00855d00	platform_os	1
00855d20	platform_os	1
00855d50	platform_os	1
00855d70	platform_os	1
00855d90	platform_os	1
00855db0	platform_os	1
00855dd0	platform_os	1
00855df0	platform_os	1
00855e10	platform_os	1
00855e40	platform_os	1
00855e60	platform_os	1
00855e80	platform_os	1
00855ea0	platform_os	1
00855ec0	platform_os	1
00855ee0	platform_os	1
00855f00	platform_os	1
00855f20	platform_os	1
00855f40	platform_os	1
00855f60	platform_os	1
00855f80	platform_os	0
00855fa0	platform_os	0
00855fc0	platform_os	0
00855fd0	platform_os	0
00855ff0	platform_os	0
00856000	platform_os	0
00856010	platform_os	0
00856020	platform_os	0
00856030	platform_os	0
00856040	platform_os	0
00856060	platform_os	0
00856070	platform_os	0
00856080	platform_os	0
00856090	platform_os	0
008560a0	platform_os	0
008560b0	platform_os	0
008560c0	platform_os	0
008560d0	platform_os	0
008560e0	platform_os	0
008560f0	platform_os	0
00856100	platform_os	0
00856110	platform_os	0
00856130	platform_os	0
00856150	platform_os	0
00856160	platform_os	0
00856170	platform_os	0
00856190	platform_os	0
008561b0	platform_os	0
008561d0	platform_os	0
008561e0	platform_os	0
008561f0	platform_os	0
00856210	platform_os	0
00856230	platform_os	0
00856240	platform_os	0
00856250	platform_os	0
00856260	platform_os	0
00856270	platform_os	0
00856280	platform_os	0
00856290	platform_os	0
008562a0	platform_os	0
008562b0	platform_os	0
008562c0	platform_os	0
008562e0	platform_os	0
008562f0	platform_os	0
00856300	platform_os	0
00856310	platform_os	0
00856320	platform_os	0
00856330	platform_os	0
00856350	platform_os	0
00856360	platform_os	0
00856370	platform_os	0
00856380	platform_os	0
00856390	platform_os	0
008563a0	platform_os	0
008563b0	platform_os	0
008563d0	platform_os	0
008563e0	platform_os	0
008563f0	platform_os	0
00856410	platform_os	0
00856420	platform_os	0
00856430	platform_os	0
00856440	platform_os	0
00856450	platform_os	0
00856460	platform_os	0
00856480	platform_os	0
00856490	platform_os	0
008564a0	platform_os	0
008564b0	platform_os	0
008564c0	platform_os	0
008564e0	platform_os	0
008564f0	platform_os	0
00856500	platform_os	0
00856520	platform_os	0
00856540	platform_os	0
00856560	platform_os	0
00856570	platform_os	0
00856590	platform_os	0
008565b0	platform_os	0
008565d0	platform_os	0
008565e0	platform_os	0
00856600	platform_os	0
00856620	platform_os	0
00856640	platform_os	0
00856650	platform_os	0
00856660	peds_ai	0
00856670	peds_ai	0
00856680	peds_ai	0
00856690	peds_ai	0
008566a0	peds_ai	0
008566f0	peds_ai	0
00856700	peds_ai	0
00856710	peds_ai	0
00856720	peds_ai	0
00856740	peds_ai	0
00856760	peds_ai	0
00856780	peds_ai	0
008567c0	peds_ai	0
00856800	peds_ai	0
00856810	peds_ai	0
00856820	peds_ai	0
00856830	peds_ai	0
00856840	peds_ai	0
00856850	peds_ai	0
00856860	peds_ai	0
00856880	peds_ai	0
008568b0	peds_ai	0
008568d0	peds_ai	0
008568e0	peds_ai	0
008568f0	peds_ai	0
00856900	peds_ai	0
00856920	peds_ai	0
00856940	peds_ai	0
00856950	peds_ai	0
00856960	peds_ai	0
00856970	peds_ai	0
00856980	peds_ai	0
00856990	peds_ai	0
008569a0	peds_ai	0
008569b0	peds_ai	0
008569c0	peds_ai	0
008569d0	peds_ai	0
008569e0	peds_ai	0
008569f0	peds_ai	0
00856a00	peds_ai	0
00856a10	peds_ai	0
00856a20	peds_ai	0
00856a30	peds_ai	0
00856a50	peds_ai	0
00856a60	peds_ai	0
00856a80	peds_ai	0
00856a90	peds_ai	0
00856ab0	peds_ai	0
00856ad0	peds_ai	0
00856ae0	peds_ai	0
00856b00	peds_ai	0
00856b10	peds_ai	0
00856b20	peds_ai	0
00856b40	peds_ai	0
00856b60	peds_ai	0
00856b80	peds_ai	0
00856b90	peds_ai	0
00856ba0	peds_ai	0
00856bc0	peds_ai	0
00856bd0	peds_ai	0
00856bf0	peds_ai	0
00856c10	peds_ai	0
00856c20	peds_ai	0
00856c30	peds_ai	0
00856c40	peds_ai	0
00856c60	peds_ai	0
00856c80	peds_ai	0
00856c90	peds_ai	0
00857000	peds_ai	0
0085707f	peds_ai	0
008570ef	peds_ai	0
00857160	peds_ai	0
008572a0	peds_ai	0
00857404	peds_ai	0
0085742b	peds_ai	0
00857432	peds_ai	0
00858ca0	peds_ai	0
00cb73e0	protection	0
00cbe630	protection	0
00cbecb0	protection	0
00cbecc0	protection	0
00cbee60	protection	0
00cbee90	protection	0
00cbef20	protection	0
00cbef80	protection	0
00cbefd0	protection	0
00cbf050	protection	0
00cbf2e0	protection	0
00cbf320	protection	0
00cbf3a0	protection	0
00cbf4f0	protection	0
00cbf530	protection	0
00cbf6d0	protection	0
00cbf750	protection	0
00cbf7f0	protection	0
00cbf860	protection	0
00cbf9d0	protection	0
00cbfa60	protection	0
00cbfaf0	protection	0
00cbfb70	protection	0
00cbfbe0	protection	0
00cbfc50	protection	0
00cbfce0	protection	0
00cbfda0	protection	0
00cbfe00	protection	0
00cc00b0	protection	0
00cc0120	protection	0
00cc0190	protection	0
00cc0260	protection	0
00cc0370	protection	0
00cc03f0	protection	0
00cc0450	protection	0
00cc0490	protection	0
00cc04f0	protection	0
00cc0510	protection	0
00cc0540	protection	0
00cc0570	protection	0
00cc0590	protection	0
00cc05b0	protection	0
00cc05e0	protection	0
00cc0610	protection	0
00cc06d0	protection	0
00cc0750	protection	0
00cc0900	protection	0
00cc0960	protection	0
00cc09f0	protection	0
00cc0a00	protection	0
00cc0aa0	protection	0
00cc0ad0	protection	0
00cc0b10	protection	0
00cc0f70	crt_lib	0
00cc0fa0	crt_lib	0
00cc1000	crt_lib	0
00cc1020	protection	0
00cc1050	crt_lib	0
00cc10b0	protection	0
00cc10d0	protection	0
00cc1100	crt_lib	0
00cc1150	crt_lib	0
00cc1170	protection	0
00cc1190	crt_lib	0
00cc1250	crt_lib	0
00cc1270	crt_lib	0
00cc12f0	crt_lib	0
00cc1320	crt_lib	0
00cc1340	protection	0
00cc1360	protection	0
00cc1380	crt_lib	0
00cc13b0	crt_lib	0
00cc1420	crt_lib	0
00cc1460	crt_lib	0
00cc14f0	crt_lib	0
00cc1510	crt_lib	0
00cc1550	protection	0
00cc1560	crt_lib	0
00cc1600	protection	0
00cc1610	protection	0
00cc1630	protection	0
00cc1de0	crt_lib	0
00cc1e10	protection	0
00cc1e30	protection	0
00cc1e60	protection	0
00cc1ec0	protection	0
00cc1ef0	protection	0
00cc1f80	protection	0
00cc20b0	protection	0
00cc21e0	protection	0
00cc22b0	protection	0
00cc22c0	protection	0
00cc22e0	protection	0
00cc2310	protection	0
00cc2340	crt_lib	0
00cc2370	crt_lib	0
00cc23a0	crt_lib	0
00cc23c0	crt_lib	0
00cc2400	crt_lib	0
00cc2560	protection	0
00cc25e0	protection	0
00cc2620	protection	0
00cc2660	protection	0
00cc26f0	protection	0
00cc2710	protection	0
00cc27f0	protection	0
00cc2810	protection	0
00cc2860	crt_lib	0
00cc28e0	crt_lib	0
00cc2900	crt_lib	0
00cc2930	protection	0
00cc2950	crt_lib	0
00cc2990	protection	0
00cc2a50	protection	0
00cc2a80	protection	0
00cc2ab0	crt_lib	0
00cc2ad0	protection	0
00cc2ae0	protection	0
00cc2b20	protection	0
00cc2b50	protection	0
00cc2b90	protection	0
00cc2c00	protection	0
00cc2c40	protection	0
00cc2db0	protection	0
00cc2de0	protection	0
00cc2e00	protection	0
00cc2e20	protection	0
00cc2ed0	protection	0
00cc2f10	protection	0
00cc3190	protection	0
00cc32c8	protection	0
00cc32ce	protection	0
00cc32d4	protection	0
00cc32e0	protection	0
00cc3330	protection	0
00cc3380	protection	0
00cc3450	protection	0
00cc3500	protection	0
00cc3540	crt_lib	0
00cc35a0	protection	0
00cc3650	protection	0
00cc36e0	protection	0
00cc3770	protection	0
00cc3850	protection	0
00cc3940	protection	0
00cc3a50	protection	0
00cc3b30	protection	0
00cc3c30	protection	0
00cc3cd0	protection	0
00cc3d80	protection	0
00cc3df0	protection	0
00cc3e30	protection	0
00cc4050	protection	0
00cc40b0	protection	0
00cc4110	protection	0
00cc4170	protection	0
00cc41b0	protection	0
00cc4240	protection	0
00cc4270	protection	0
00cc439c	protection	0
00cc71c0	protection	0
00cc9d30	protection	0
00ccaec0	protection	0
00ccc030	protection	0
00d30a89	protection	0
00d3ee1b	protection	0
00d3f904	protection	0
00d42400	protection	0
00d42660	protection	0
00d42820	protection	0
00d43d50	protection	0
00d44440	protection	0
00d446c0	protection	0
00d4ee7e	protection	0
00d4f461	protection	0
00d507e0	protection	0
00d50ad0	protection	0
00d50ba0	protection	0
00d51020	protection	0
00d52550	protection	0
00d52a60	protection	0
00d52a8c	protection	0
00d52bb0	protection	0
00d52ca0	protection	0
00d52d43	protection	0
00d52ece	protection	0
00d53060	protection	0
00d53097	protection	0
00d5311a	protection	0
00d531f0	protection	0
00d53240	protection	0
00d53800	protection	0
00d53a20	protection	0
00d53b90	protection	0
00d53bc2	protection	0
00d53d90	protection	0
00d53e30	protection	0
00d53f60	protection	0
00d54db1	protection	0
00d54e62	protection	0
00d55310	protection	0
00d55360	protection	0
00d55fc0	protection	0
00d560f0	protection	0
00d561b0	protection	0
00d56230	protection	0
00d562a0	protection	0
00d56310	protection	0
00d56380	protection	0
00d56a70	protection	0
00d56ab0	protection	0
00d56ac0	protection	0
00d56b20	protection	0
00d56b90	protection	0
00d56ba0	protection	0
00d57350	protection	0
00d57b00	protection	0
00d582b0	protection	0
00d582d0	protection	0
00d582f0	protection	0
00d58370	protection	0
00d583a8	protection	0
00d9a77e	protection	0
00da4b6c	protection	0
00dafcc6	protection	0
00e38e40	protection	0
00e38fac	protection	0
00e38ff0	protection	0
00e3ab50	protection	0
00e3ab96	protection	0
00e3ad80	protection	0
00e3aee0	protection	0
00e3af27	protection	0
00e3b2c0	protection	0
00e3b520	protection	0
00e3bac0	protection	0
00e3bb50	protection	0
00e3bb70	protection	0
00e3bc00	protection	0
00e3bcb0	protection	0
00e3bd50	protection	0
00e3bd70	protection	0
00e3bdb0	protection	0
00e3be40	protection	0
00e3bed0	protection	0
00e3bf80	protection	0
00e3c020	protection	0
00e3c090	protection	0
00e3c0b0	protection	0
00e3c0e0	protection	0
00e3c170	protection	0
00e3c1b0	protection	0
00e3c240	protection	0
00e3c2e0	protection	0
00e3c300	protection	0
00e3c320	protection	0
00e3c340	protection	0
00e3c360	protection	0
00e3c380	protection	0
00e3c410	protection	0
00e3c4b0	protection	0
00e3c4e0	protection	0
00e3c510	protection	0
00e3c530	protection	0
00e3c540	protection	0
00e3c550	protection	0
00e3c560	protection	0
00e3c580	protection	0
00e3c5f0	protection	0
00e3c620	protection	0
00e3c630	protection	0
00e3c670	protection	0
00e3c6a0	protection	0
00e3c6e0	protection	0
00e3c710	protection	0
00e3c7a0	protection	0
00e3c830	protection	0
00e3c850	protection	0
00e3c870	protection	0
00e3c8b0	protection	0
00e3c8d0	protection	0
00e3c8f0	protection	0
00e3c910	protection	0
00e3c930	protection	0
00e3c9a0	protection	0
00e3c9d0	protection	0
00e3ca60	protection	0
00e3caa0	protection	0
00e3cae0	protection	0
00e3cb60	protection	0
00e3cb90	protection	0
00e3cbb0	protection	0
00e3cc60	protection	0
00e3cc80	protection	0
00e3cca0	protection	0
00e3cdb0	protection	0
00e3cf30	protection	0
00e3d270	protection	0
00e3d290	protection	0
00e3d2c0	crt_lib	0
00e3d320	protection	0
00e3d340	protection	0
00e3d370	protection	0
00e3d3a0	protection	0
00e3d3b0	protection	0
00e3d4f0	crt_lib	0
00e3d520	protection	0
00e3d540	protection	0
00e3d560	protection	0
00e3d5c0	protection	0
00e3d600	protection	0
00e3d640	protection	0
00e3d680	crt_lib	0
00e3d6b0	protection	0
00e3d6e0	protection	0
00e3d720	protection	0
00e3d740	protection	0
00e3d7e0	crt_lib	0
00e3d810	protection	0
00e3d850	protection	0
00e3d890	protection	0
00e3d8b0	protection	0
00e3d960	protection	0
00e3d9b0	protection	0
00e3d9d0	protection	0
00e3da00	protection	0
00e3da80	protection	0
00e3daa0	protection	0
00e3dac0	protection	0
00e42260	protection	0
00e48682	protection	0
00e59675	protection	0
00e771b7	protection	0
00f41a90	protection	0
00f47cf0	protection	0
00f4fc03	protection	0
00f705d0	protection	0
00f70d7d	protection	0
00f71651	protection	0
00f73370	protection	0
00f73538	protection	0
00f73990	protection	0
00f73b60	protection	0
00f73bf0	protection	0
00f7c75d	protection	0
00fe3ba0	protection	0
01015260	protection	0
01015f40	protection	0
01016210	protection	0
010165e0	protection	0
01017120	protection	0
01017173	protection	0
01017ce0	protection	0
0101bee0	protection	0
01020520	protection	0
01020602	protection	0
010207bd	protection	0
01021220	protection	0
01021260	protection	0
010212a0	protection	0
010212e0	protection	0
01021470	protection	0
010214a0	protection	0
010214c0	protection	0
010214e0	crt_lib	0
01021500	protection	0
01021550	protection	0
01021580	protection	0
010215e0	protection	0
01021620	protection	0
010216d0	protection	0
010216f0	protection	0
01021900	protection	0
01021920	protection	0
01021950	protection	0
01021970	protection	0
010219f0	protection	0
01021a10	crt_lib	0
01021a70	protection	0
01022080	protection	0
010220e0	protection	0
01022810	protection	0
01023030	protection	0
01023060	protection	0
01023130	protection	0
01023160	protection	0
01023190	protection	0
01023230	protection	0
010232d0	protection	0
01023300	protection	0
01023330	protection	0
01023360	protection	0
01023390	protection	0
010233c0	protection	0
01023460	protection	0
01023500	protection	0
010235a0	protection	0
010235e0	protection	0
01023690	protection	0
010236d0	protection	0
01023710	protection	0
01023750	protection	0
01023790	protection	0
010237c0	protection	0
01023820	protection	0
01023fc0	protection	0
01024010	protection	0
01024050	protection	0
010240f0	protection	0
01024130	protection	0
01024170	protection	0
010241a0	protection	0
010241d0	protection	0
01024200	protection	0
01024230	protection	0
01024260	protection	0
01024560	protection	0
010245e0	protection	0
01024750	protection	0
01024910	protection	0
01024a40	protection	0
01024a60	protection	0
01024a80	protection	0
01042920	protection	0
0107c1e0	protection	0
0107c7f0	protection	0
0107c850	protection	0
0107d0b0	protection	0
0107d130	protection	0
0107d740	protection	0
0107d7e0	protection	0
0107df40	protection	0
0107e700	protection	0
0107e720	protection	0
0107e930	protection	0
0107ea20	protection	0
0107eae0	protection	0
0107eb80	protection	0
0107eb90	protection	0
0107ebd0	protection	0
0107ebf0	protection	0
0107eca0	protection	0
0107ecd0	protection	0
0107ed20	protection	0
0107fff0	protection	0
01080030	protection	0
01085880	protection	0
01085a10	protection	0
01085cd0	protection	0
01087200	protection	0
01087260	protection	0
010872b0	protection	0
01087e70	protection	0
01087f0b	protection	0
01087f2c	protection	0
01087f96	protection	0
01087fe0	protection	0
01088030	protection	0
01088050	protection	0
01088080	protection	0
01088090	protection	0
010880a0	protection	0
01088210	protection	0
01088250	protection	0
01088420	protection	0
01088470	protection	0
01088560	protection	0
01088580	protection	0
01088730	protection	0
010887d0	protection	0
01088970	protection	0
010889b0	protection	0
01088b10	protection	0
01088c00	protection	0
01088c90	protection	0
01088cf0	protection	0
01088db0	protection	0
01088e10	protection	0
01088e70	protection	0
01088e90	crt_lib	0
01088ec0	crt_lib	0
01088ee0	protection	0
01088f40	protection	0
01089030	protection	0
01089240	protection	0
010892d0	protection	0
010893b0	protection	0
01089620	protection	0
010896e0	protection	0
01089740	protection	0
01089790	protection	0
01089900	protection	0
01089920	protection	0
01089970	protection	0
010899d0	protection	0
01089ad0	protection	0
01089b50	protection	0
01089b70	protection	0
01089bd0	protection	0
01089c00	protection	0
01089da0	protection	0
01089df0	protection	0
01089e50	protection	0
01089e80	protection	0
01089f60	protection	0
0108a030	protection	0
0108a0f0	protection	0
0108a160	protection	0
0108a2d0	protection	0
0108a310	protection	0
0108a350	protection	0
0108a3a0	protection	0
0108a430	protection	0
0108a480	protection	0
0108a500	protection	0
0108a540	protection	0
0108a570	protection	0
0108a6e0	protection	0
0108a710	protection	0
0108a750	protection	0
0108a790	protection	0
0108a800	protection	0
0108a860	protection	0
0108a8e0	protection	0
0108a960	protection	0
0108ac80	crt_lib	0
0108ace0	protection	0
0108ad20	protection	0
0108ad60	protection	0
0108ada0	protection	0
0108ae70	protection	0
0108aee0	protection	0
0108b0b0	protection	0
0108b100	protection	0
0108b4d0	protection	0
0108b520	protection	0
0108b540	protection	0
0108b570	protection	0
0108b590	protection	0
0108b690	crt_lib	0
0108b6c0	crt_lib	0
0108b6f0	protection	0
0108bf80	protection	0
0108f180	protection	0
010921b0	protection	0
010923c0	protection	0
010925d0	protection	0
01093160	protection	0
010931a0	protection	0
010931d0	protection	0
01093260	protection	0
010932f0	protection	0
010933b0	protection	0
01093420	protection	0
01093490	protection	0
01093500	protection	0
010935b0	protection	0
01093600	protection	0
01093820	protection	0
01093850	protection	0
01093860	protection	0
01093950	protection	0
01093a20	protection	0
01093a60	protection	0
01093b30	protection	0
01093c40	protection	0
01093c70	protection	0
01093d10	protection	0
01093d30	protection	0
01093d50	protection	0
01093d70	protection	0
01093ed0	protection	0
01093f20	protection	0
01093f50	protection	0
01093f80	protection	0
01094030	protection	0
01094080	protection	0
010940b0	protection	0
010940e0	protection	0
01094110	protection	0
01094130	protection	0
01094150	crt_lib	0
01094180	protection	0
010942c0	protection	0
01094340	protection	0
01094360	protection	0
01094380	protection	0
010943e0	protection	0
010944a0	protection	0
010944c0	protection	0
010944f0	protection	0
01094540	protection	0
01094560	protection	0
01094590	protection	0
01094660	protection	0
01094690	protection	0
010946c0	protection	0
010946e0	protection	0
01094750	crt_lib	0
010947a0	protection	0
01094830	crt_lib	0
010948a0	protection	0
010948f0	protection	0
01094920	protection	0
010949a0	protection	0
01094a20	protection	0
01094ac0	protection	0
01094b80	protection	0
01094ca0	protection	0
01094d40	protection	0
01094db0	protection	0
01094e30	protection	0
01094e90	protection	0
01094f30	protection	0
01094f40	protection	0
01094f60	protection	0
01094fa0	protection	0
01094fc0	protection	0
01094ff0	protection	0
01095020	protection	0
01095040	protection	0
010950a0	protection	0
01095130	protection	0
01095290	protection	0
01095350	protection	0
010955c0	protection	0
010955d0	protection	0
01095610	protection	0
01095660	protection	0
01095690	protection	0
010956b0	protection	0
010956e0	protection	0
01095730	protection	0
01095970	protection	0
01095a30	protection	0
01095a40	protection	0
01095a70	protection	0
01095ab0	protection	0
01095ad0	protection	0
01095b00	protection	0
01095b40	protection	0
01095bf0	protection	0
01095dc0	protection	0
01095f90	protection	0
01095fe0	protection	0
01096040	protection	0
01096300	protection	0
01096370	protection	0
01096420	protection	0
01096450	protection	0
010964e0	protection	0
010964f0	protection	0
01096620	protection	0
01096640	protection	0
01096660	protection	0
01096900	protection	0
01096a90	protection	0
01096ac0	protection	0
01096ee0	protection	0
01096fc0	protection	0
01097020	protection	0
01097110	protection	0
01097130	protection	0
01097150	protection	0
01097380	protection	0
01097410	crt_lib	0
01097430	protection	0
01097460	protection	0
010974a0	protection	0
01097510	protection	0
01097540	crt_lib	0
01097570	protection	0
010975f0	protection	0
01097670	protection	0
010976e0	protection	0
01097710	protection	0
01097730	crt_lib	0
01097760	crt_lib	0
01097810	protection	0
01097b40	crt_lib	0
01097ba0	crt_lib	0
01097bc0	protection	0
01097bf0	protection	0
01097c10	protection	0
01097c50	protection	0
01097c90	crt_lib	0
01097cc0	protection	0
01097cf0	protection	0
01097d30	protection	0
01097dd0	crt_lib	0
01097e00	protection	0
01097e40	protection	0
01097e80	protection	0
01097ea0	protection	0
01097f50	protection	0
01097f90	protection	0
01098100	protection	0
01098130	protection	0
01098180	protection	0
01098260	protection	0
010982b0	protection	0
01098360	protection	0
01098370	protection	0
01098380	protection	0
01098390	protection	0
010983a0	protection	0
010983b0	protection	0
010b6dd0	protection	0
0110dabe	protection	0
0110dbdd	protection	0
01132a50	protection	0
01132b90	protection	0
01132bd0	protection	0
01132d10	protection	0
01132e50	protection	0
01132eb0	protection	0
01132f40	protection	0
011331d0	protection	0
01133660	protection	0
01133760	protection	0
01133770	protection	0
01133d70	protection	0
01134a70	protection	0
01134ad0	protection	0
01134b30	protection	0
01134b50	protection	0
01134bb0	protection	0
01134c40	protection	0
01134c90	protection	0
01134cb0	protection	0
01134db0	protection	0
01134dd0	protection	0
01134ff0	protection	0
011350d0	protection	0
011352b0	protection	0
01135310	protection	0
01135390	protection	0
011353c0	protection	0
01135460	protection	0
01135500	protection	0
01135550	protection	0
01135580	protection	0
011355a0	protection	0
011355d0	protection	0
01135610	protection	0
01135630	protection	0
011356d0	protection	0
01135700	protection	0
01135840	protection	0
01135980	protection	0
01135a20	protection	0
01135aa0	protection	0
01135ac0	protection	0
01135b20	protection	0
01135c30	protection	0
01135c50	protection	0
01135e10	protection	0
01135e54	protection	0
01135e70	protection	0
01136820	protection	0
01136990	protection	0
01136a90	protection	0
01137070	protection	0
011371b0	protection	0
01137690	protection	0
011376b0	protection	0
011376d0	protection	0
01137710	protection	0
01137b00	protection	0
01137c30	protection	0
01137cd0	protection	0
01137d10	protection	0
01137d70	protection	0
01138840	protection	0
011388b0	protection	0
01138910	protection	0
01138980	protection	0
01138a00	protection	0
01138a60	protection	0
01138b10	protection	0
01138b70	protection	0
01138bd0	protection	0
01138c30	protection	0
01138ca0	protection	0
01138cc0	protection	0
01138d90	protection	0
01139070	protection	0
01139098	protection	0
01139150	protection	0
011393d0	protection	0
011393f8	protection	0
011394c8	protection	0
01139598	protection	0
01139668	protection	0
01139730	protection	0
01139810	protection	0
01139838	protection	0
011398f0	protection	0
01139a48	protection	0
01139b18	protection	0
01139be8	protection	0
01139ca0	protection	0
01139cb0	protection	0
0113a838	protection	0
0113a908	protection	0
0113a9d8	protection	0
0113ab78	protection	0
0113b040	protection	0
0113da00	protection	0
0113da70	protection	0
0113dc50	protection	0
0113e430	protection	0
0113e520	protection	0
0113e5b0	protection	0
0113e610	protection	0
0113e710	protection	0
0113e740	protection	0
0113e780	protection	0
0113eca0	protection	0
0113efb0	protection	0
0113f030	protection	0
0113f050	protection	0
0113f0b0	protection	0
0113f0f0	protection	0
0113f110	protection	0
0113f140	protection	0
0113f160	protection	0
0113f190	protection	0
0113f1c0	protection	0
0113f1d0	protection	0
0113f250	protection	0
0113f330	protection	0
0113f3a0	protection	0
0113f3e0	protection	0
0113f400	protection	0
0113f420	protection	0
0113f430	protection	0
0113f4d0	protection	0
0113f590	protection	0
0113f610	protection	0
0113f630	protection	0
0113f660	protection	0
0113f670	protection	0
0113f690	protection	0
0113f6b0	protection	0
0113f6e0	protection	0
0113f740	protection	0
0113f7d0	crt_lib	0
0113f800	protection	0
0113f850	protection	0
0113f870	protection	0
0113f890	protection	0
0113f8d0	protection	0
0113f8e0	protection	0
0113f910	crt_lib	0
0113f930	protection	0
0113fc00	protection	0
0113fc50	protection	0
0113fcc0	protection	0
0113ff00	protection	0
0113ff40	protection	0
0113ff80	protection	0
011402e0	protection	0
01140380	protection	0
01140430	protection	0
01140490	protection	0
011404e0	protection	0
01140550	protection	0
01140640	protection	0
011406e0	protection	0
01140790	protection	0
01140800	protection	0
01140870	protection	0
01140930	protection	0
01140960	protection	0
01140990	protection	0
011409d0	crt_lib	0
01140a10	protection	0
01140a50	protection	0
01140a60	protection	0
01140ad0	protection	0
01140b00	protection	0
01140b60	protection	0
01140ee0	protection	0
01140f10	protection	0
01140f80	protection	0
01140fa0	protection	0
01140fe0	protection	0
01141060	protection	0
011410e0	protection	0
01141150	protection	0
01141180	protection	0
011411b0	protection	0
011414e0	crt_lib	0
01141540	protection	0
01141560	protection	0
011415a0	protection	0
011415e0	crt_lib	0
01141610	crt_lib	0
01141640	protection	0
01141680	protection	0
011416a0	protection	0
011416c0	protection	0
01141760	crt_lib	0
01141790	protection	0
011417d0	protection	0
01141800	protection	0
01141820	protection	0
01141840	protection	0
011418f0	protection	0
01141960	protection	0
01141980	protection	0
0114bf60	protection	0
0114bf80	protection	0
0114bfb0	protection	0
0114bfd0	protection	0
0114c080	protection	0
0114c1f0	protection	0
0114c210	protection	0
0114c280	protection	0
0114c2c0	protection	0
0114c300	protection	0
0114c380	protection	0
0114c3c0	protection	0
0114c830	protection	0
0114c860	protection	0
0114c890	protection	0
0114c8d0	protection	0
0114c900	protection	0
0114c920	protection	0
0114c960	crt_lib	0
0114c990	protection	0
0114c9c0	protection	0
0114ca00	protection	0
0114ca40	protection	0
0114caf0	protection	0
0114cb30	protection	0
0114cb70	protection	0
0114cb90	protection	0
0114cc40	protection	0
0114ccb0	protection	0
0114cd90	protection	0
0114cdc0	protection	0
0114cee0	protection	0
0114cf00	protection	0
0114cfe0	protection	0
0114d000	protection	0
0114d090	protection	0
0114d190	protection	0
0114d290	protection	0
0114d2c0	protection	0
0114d480	protection	0
0114db30	protection	0
01153b90	protection	0
01153db0	protection	0
01153dc0	protection	0
01153df0	protection	0
01153e60	protection	0
01153f10	protection	0
01153fa0	protection	0
01154030	protection	0
01154220	protection	0
01154320	protection	0
01154342	protection	0
0115435f	protection	0
01154381	protection	0
01154b81	protection	0
01154f9e	protection	0
011555d4	protection	0
011555e6	protection	0
01155601	protection	0
01155615	protection	0
0115568f	protection	0
011556a8	protection	0
01155707	protection	0
01155728	protection	0
01155749	protection	0
011557fd	protection	0
01155804	protection	0
011558a6	protection	0
01155a04	protection	0
01155a7f	protection	0
01155b5e	protection	0
01155c73	protection	0
01155ca2	protection	0
01155d06	protection	0
01155d20	protection	0
01155d70	protection	0
01155d92	protection	0
01155daf	protection	0
01155dd1	protection	0
0115612c	protection	0
01156144	protection	0
0115615e	protection	0
011561b2	protection	0
011561d0	protection	0
011563e0	protection	0
01156440	protection	0
011564d0	protection	0
01156589	protection	0
01156664	protection	0
01156688	protection	0
01156720	protection	0
01156750	protection	0
011567f0	protection	0
01156940	protection	0
011569b0	protection	0
011569c0	protection	0
01156aa0	protection	0
01156ab0	protection	0
01156ac0	protection	0
01156b40	protection	0
01156ba0	protection	0
01156bd0	protection	0
01156c70	protection	0
01156ce0	protection	0
01156d60	protection	0
01156de0	protection	0
01156e30	protection	0
01156ea0	protection	0
01156f50	protection	0
011570c0	protection	0
01157140	protection	0
011572f0	protection	0
01157310	protection	0
01157358	protection	0
01157470	protection	0
01157740	protection	0
011577d0	protection	0
01157940	protection	0
011579f0	protection	0
01157b20	protection	0
01157ca0	protection	0
01157d60	protection	0
01157eb0	protection	0
01157f00	protection	0
01158330	protection	0
01158380	protection	0
011584e0	protection	0
011584f0	protection	0
01158500	protection	0
01158560	protection	0
01158600	protection	0
01158670	protection	0
01158920	protection	0
011589d0	protection	0
01158a20	protection	0
01158a90	protection	0
01158b10	protection	0
01158c50	protection	0
011591b0	protection	0
01159210	protection	0
01159360	protection	0
01159380	protection	0
01159460	protection	0
011594a0	protection	0
011599b0	protection	0
01159a00	protection	0
01159b90	protection	0
01159bf0	protection	0
0115a0c0	protection	0
0115a600	protection	0
0115a850	protection	0
0115a950	protection	0
0115ae00	crt_lib	0
0115ae60	crt_lib	0
0115aefa	crt_lib	0
0115afcc	crt_lib	0
0115affb	crt_lib	0
0115b060	crt_lib	0
0115b39d	crt_lib	0
0115b3d5	crt_lib	0
0115b41b	crt_lib	0
0115b447	crt_lib	0
0115b460	protection	0
0115b470	protection	0
0115b560	protection	0
0115b5f0	crt_lib	0
0115b620	crt_lib	0
0115b6ab	crt_lib	0
0115b864	protection	0
0115b875	crt_lib	0
0115b8bf	crt_lib	0
0115b8e2	protection	0
0115b8fe	protection	0
0115b913	protection	0
0115b92f	crt_lib	0
0115b95f	crt_lib	0
0115b966	crt_lib	0
0115b9b8	crt_lib	0
0115ba29	crt_lib	0
0115baee	crt_lib	0
0115bba0	crt_lib	0
0115bc1a	crt_lib	0
0115bc33	crt_lib	0
0115bc4e	crt_lib	0
0115bc87	crt_lib	0
0115bce0	crt_lib	0
0115bd22	crt_lib	0
0115bd8a	crt_lib	0
0115bdad	crt_lib	0
0115bdb6	protection	0
0115bdce	crt_lib	0
0115be10	crt_lib	0
0115c14d	crt_lib	0
0115c15b	crt_lib	0
0115c1dd	crt_lib	0
0115c217	crt_lib	0
0115c403	crt_lib	0
0115c4d8	crt_lib	0
0115c5b0	crt_lib	0
0115c668	crt_lib	0
0115c6be	protection	0
0115c7a7	crt_lib	0
0115c900	crt_lib	0
0115c98e	crt_lib	0
0115c9b8	protection	0
0115c9cb	protection	0
0115cad2	crt_lib	0
0115cb30	crt_lib	0
0115cc13	crt_lib	0
0115cc27	crt_lib	0
0115cc84	crt_lib	0
0115ccbf	crt_lib	0
0115cd2c	crt_lib	0
0115cd35	crt_lib	0
0115cd67	crt_lib	0
0115cd90	crt_lib	0
0115cdb9	crt_lib	0
0115cde2	crt_lib	0
0115ce10	crt_lib	0
0115ce50	crt_lib	0
0115cf00	protection	0
0115cfbe	crt_lib	0
0115d008	protection	0
0115d020	crt_lib	0
0115d07e	crt_lib	0
0115d0c6	protection	0
0115d0de	crt_lib	0
0115d182	protection	0
0115d18c	protection	0
0115d1af	crt_lib	0
0115d2aa	crt_lib	0
0115d310	crt_lib	0
0115d434	crt_lib	0
0115d489	crt_lib	0
0115d504	crt_lib	0
0115d5b8	protection	0
0115d630	crt_lib	0
0115d6a0	crt_lib	0
0115d930	protection	0
0115d944	protection	0
0115d94d	protection	0
0115d9f0	protection	0
0115dc2e	protection	0
0115dcd1	crt_lib	0
0115dde7	crt_lib	0
0115de1a	crt_lib	0
0115de3e	crt_lib	0
0115de75	crt_lib	0
0115e722	crt_lib	0
0115e74d	crt_lib	0
0115ea65	crt_lib	0
0115eb1c	crt_lib	0
0115ec22	crt_lib	0
0115ef01	crt_lib	0
0115f1fd	crt_lib	0
0115f218	protection	0
0115f22e	crt_lib	0
0115f25f	crt_lib	0
0115f26d	crt_lib	0
0115f2d5	crt_lib	0
0115f382	protection	0
0115f392	crt_lib	0
0115f3d7	crt_lib	0
0115f3f6	crt_lib	0
0115f53a	protection	0
0115f5a0	crt_lib	0
0115f71c	crt_lib	0
0115f783	crt_lib	0
0115f83f	crt_lib	0
0115fa31	crt_lib	0
0115fad3	crt_lib	0
0115fb00	crt_lib	0
0115fb30	crt_lib	0
0115fb7c	protection	0
0115fbdd	protection	0
0115fbea	crt_lib	0
0115fd4c	crt_lib	0
0115fd84	crt_lib	0
0115fefb	crt_lib	0
0115ff34	crt_lib	0
0116016c	crt_lib	0
011602d8	crt_lib	0
01160648	crt_lib	0
01160683	crt_lib	0
01160694	crt_lib	0
01160a50	crt_lib	0
01160ace	crt_lib	0
01160b81	crt_lib	0
01160bac	crt_lib	0
01160c8a	crt_lib	0
01160e78	crt_lib	0
01160f04	crt_lib	0
0116106c	crt_lib	0
011610de	crt_lib	0
011612ce	crt_lib	0
01161326	crt_lib	0
0116137d	crt_lib	0
01161405	crt_lib	0
01161450	crt_lib	0
011614b8	crt_lib	0
01161510	crt_lib	0
01161575	crt_lib	0
011615b3	crt_lib	0
011615d0	crt_lib	0
011616c1	crt_lib	0
0116179e	crt_lib	0
01161848	crt_lib	0
011618ab	crt_lib	0
01161914	crt_lib	0
011619f7	crt_lib	0
01161a90	crt_lib	0
01161ad0	crt_lib	0
01161b31	crt_lib	0
01161dd6	crt_lib	0
01161ffa	crt_lib	0
01162020	crt_lib	0
0116204d	crt_lib	0
011620ed	crt_lib	0
0116213f	crt_lib	0
011621f7	crt_lib	0
01162221	crt_lib	0
0116227c	crt_lib	0
01162338	crt_lib	0
01162343	crt_lib	0
0116234f	crt_lib	0
01162373	protection	0
011624c8	protection	0
011624d6	protection	0
011625a0	protection	0
011625b7	crt_lib	0
01162615	protection	0
0116262c	protection	0
01162645	crt_lib	0
01162688	protection	0
011626ab	crt_lib	0
0116278c	protection	0
011627c1	crt_lib	0
01162890	protection	0
011628a8	protection	0
011628ae	protection	0
01162c5e	protection	0
01162d07	crt_lib	0
01162f30	crt_lib	0
01162f74	crt_lib	0
01162f9b	crt_lib	0
01163010	crt_lib	0
011630a5	crt_lib	0
0116310b	crt_lib	0
01163253	crt_lib	0
0116326f	crt_lib	0
0116328b	crt_lib	0
011632a3	crt_lib	0
011632bb	crt_lib	0
011633b4	crt_lib	0
011633e3	crt_lib	0
0116340c	crt_lib	0
01163598	crt_lib	0
0116377e	crt_lib	0
0116379c	crt_lib	0
011637df	crt_lib	0
011639a8	crt_lib	0
01163b62	crt_lib	0
01163bc1	crt_lib	0
01163c5e	crt_lib	0
01163cd5	crt_lib	0
01163d4f	crt_lib	0
01163d8b	crt_lib	0
0116405b	crt_lib	0
011640fa	crt_lib	0
0116412c	crt_lib	0
01164179	crt_lib	0
011641eb	crt_lib	0
01164206	crt_lib	0
0116421f	crt_lib	0
0116429a	crt_lib	0
011643f2	crt_lib	0
01164408	crt_lib	0
0116441e	crt_lib	0
0116445b	crt_lib	0
01164498	crt_lib	0
0116450f	crt_lib	0
011645c9	crt_lib	0
01164646	crt_lib	0
011646d8	crt_lib	0
01164766	crt_lib	0
011647ae	protection	0
011647b1	crt_lib	0
011648a9	crt_lib	0
01164b35	crt_lib	0
01164ba3	crt_lib	0
01164d10	protection	0
01165501	protection	0
01165a9b	crt_lib	0
01165ad4	crt_lib	0
01165bfd	crt_lib	0
01165d59	crt_lib	0
01165d7a	crt_lib	0
01165dd8	crt_lib	0
01165e06	crt_lib	0
01165e33	crt_lib	0
01165f11	protection	0
01166398	crt_lib	0
01166626	crt_lib	0
01166637	crt_lib	0
011666d3	crt_lib	0
01166755	crt_lib	0
01166987	crt_lib	0
01166a0d	protection	0
01166a4d	protection	0
01166a8e	protection	0
01166a9a	protection	0
01166aa0	protection	0
01166aa6	protection	0
01166aac	protection	0
01166ab2	protection	0
01166ab8	protection	0
01166abe	protection	0
01166ac4	protection	0
01166aca	protection	0
01166ad0	protection	0
01166ad6	protection	0
01166adc	protection	0
01166ae2	protection	0
01166ae8	protection	0
01166aee	protection	0
01166af4	protection	0
01166afa	protection	0
01166b00	protection	0
01166b06	protection	0
01166b0c	protection	0
01166b18	protection	0
01166b1e	protection	0
01166b30	protection	0
011670e0	protection	0
01167130	protection	0
011671c0	protection	0
01167200	protection	0
01167330	protection	0
01167420	protection	0
01168290	protection	0
01168320	protection	0
011683c0	protection	0
01168480	protection	0
01168520	protection	0
01168550	protection	0
01168580	protection	0
011685a0	protection	0
01168630	protection	0
011686c0	protection	0
01168720	protection	0
01168740	protection	0
01168760	protection	0
011689e0	protection	0
01168a00	protection	0
01168b00	protection	0
01168b30	protection	0
01168b60	protection	0
01168bb0	protection	0
01168cb0	protection	0
01168ce0	protection	0
01168d10	protection	0
01168d50	protection	0
01168fb0	protection	0
01169330	protection	0
011695e0	protection	0
01169680	protection	0
011696c0	protection	0
011696e0	protection	0
01169700	protection	0
01169770	protection	0
011697b0	protection	0
01169830	protection	0
01169b50	crt_lib	0
01169b80	protection	0
01169bb0	protection	0
01169bc0	protection	0
01169bf0	protection	0
01169c50	protection	0
01169c90	protection	0
01169f00	protection	0
0116a160	protection	0
0116a210	protection	0
0116a2d0	protection	0
0116a320	protection	0
0116a360	protection	0
0116afd0	protection	0
0116b000	protection	0
0116b030	protection	0
0116b050	protection	0
0116b070	protection	0
0116b230	protection	0
0116b260	protection	0
0116b290	protection	0
0116b2e0	protection	0
0116b320	protection	0
0116b350	protection	0
0116b390	protection	0
0116b520	protection	0
01170e8c	protection	0
01171079	protection	0
011710b7	protection	0
01178ac9	protection	0
0117a8b0	protection	0
0117aad0	protection	0
011d1dc0	protection	0
011d1ea0	protection	0
011d1f50	protection	0
011d1fa0	protection	0
011d1fc0	protection	0
011d1ff0	protection	0
011d2020	protection	0
011d20d0	protection	0
011d2170	protection	0
011d21c0	protection	0
011d22f0	protection	0
011d23b0	protection	0
011d25e0	protection	0
011d2800	protection	0
011d2850	protection	0
011d2bb0	protection	0
011d2da0	protection	0
011d2f10	protection	0
011d3380	protection	0
011d33c0	protection	0
011d3420	protection	0
011d34d0	protection	0
011d3c50	protection	0
011d9690	protection	0
011da800	protection	0
011dd410	protection	0
011dd4c9	protection	0
011e0860	protection	0
011e4a00	protection	0
011e4d80	protection	0
011e7879	protection	0
011f68a0	protection	0
012063c0	protection	0
01207840	protection	0
01207c50	protection	0
01227a50	protection	0
01227a9b	protection	0
01231ca0	protection	0
012363d0	protection	0
0123c1c0	protection	0
012419a0	protection	0
01241a00	protection	0
01241a30	protection	0
01241ac0	protection	0
01241ae0	protection	0
01241b30	protection	0
01241b50	protection	0
01241be0	protection	0
01241c10	protection	0
01241c30	protection	0
01241cd0	protection	0
01241d00	protection	0
01241d50	protection	0
01241ef0	protection	0
01241f40	protection	0
01241f60	protection	0
01241f80	protection	0
01242050	protection	0
012422d0	protection	0
01242300	protection	0
01242750	protection	0
01242770	protection	0
01242860	protection	0
012428a0	protection	0
012428e0	protection	0
01242960	protection	0
012429b0	protection	0
01242a00	protection	0
01242a50	protection	0
01242b00	protection	0
01242b30	protection	0
01242b50	protection	0
01242b80	protection	0
01242d30	protection	0
01242d70	protection	0
01242d90	protection	0
01242dc0	protection	0
01242df0	protection	0
01242e80	protection	0
01242ec0	protection	0
01242f50	protection	0
01242ff0	protection	0
01243010	protection	0
01243030	protection	0
01243050	protection	0
01243070	protection	0
01243110	protection	0
012431c0	protection	0
012431e0	protection	0
01243220	protection	0
01243240	protection	0
01243280	protection	0
012432b0	protection	0
012432d0	crt_lib	0
01243300	protection	0
01243330	protection	0
01243360	protection	0
01243380	protection	0
012433a0	protection	0
012433d0	protection	0
01243400	protection	0
01243430	protection	0
01243460	protection	0
012434a0	protection	0
012434c0	protection	0
01243570	crt_lib	0
01243580	protection	0
012435a0	protection	0
01243620	protection	0
01243700	protection	0
01243770	protection	0
012437a0	protection	0
01243810	protection	0
012438a0	protection	0
012438f0	protection	0
01243920	crt_lib	0
01243940	protection	0
01243960	protection	0
01243980	protection	0
012439a0	protection	0
012439c0	protection	0
01243b70	protection	0
01243c20	protection	0
01243c40	protection	0
01243c60	protection	0
01243c80	protection	0
01243cb0	protection	0
01243ce0	protection	0
01243d00	protection	0
01243da0	protection	0
01243e10	protection	0
01243f40	protection	0
01243f60	protection	0
01244090	protection	0
01244160	protection	0
01244200	protection	0
012442c0	protection	0
01244340	protection	0
01244380	protection	0
012443a0	protection	0
01244490	protection	0
01244610	protection	0
01244640	protection	0
012446a0	protection	0
012446c0	protection	0
012446f0	protection	0
01244700	protection	0
01244720	protection	0
012447c0	protection	0
01244c20	protection	0
01244c40	protection	0
01244c60	protection	0
01244c80	protection	0
01244ca0	protection	0
01245450	protection	0
012454b0	protection	0
01245620	protection	0
01245640	protection	0
01245660	protection	0
01245720	protection	0
01245730	protection	0
01245740	protection	0
01245760	protection	0
01245f10	protection	0
01245f70	protection	0
01245fb0	protection	0
01245fd0	protection	0
01246000	protection	0
01246080	protection	0
012460c0	protection	0
01246100	protection	0
01246180	crt_lib	0
012461a0	protection	0
01246280	protection	0
012462d0	protection	0
01246300	protection	0
01246320	crt_lib	0
0124af80	protection	0
0124b013	protection	0
0124bf10	protection	0
0124bf81	protection	0
0127f1b0	protection	0
0127f1ec	protection	0
012907c0	protection	0
01290826	protection	0
01290a4e	protection	0
01291a10	protection	0
01291a52	protection	0
01291c83	protection	0
01297640	protection	0
01297d80	protection	0
01297de0	protection	0
01297ff5	protection	0
0129a080	protection	0
0129c6e0	protection	0
0129ca00	protection	0
012a0470	protection	0
012a35c0	protection	0
012a3660	protection	0
012a3680	protection	0
012a36a0	protection	0
012a36e0	protection	0
012a3720	protection	0
012a37b0	protection	0
012a3840	protection	0
012a3890	protection	0
012a38c0	protection	0
012a38f0	protection	0
012a3960	protection	0
012a3990	protection	0
012a39c0	protection	0
012a3a10	protection	0
012a3a90	protection	0
012a3ad0	protection	0
012a3bc0	protection	0
012a3c40	protection	0
012a3ca0	protection	0
012a3cd0	protection	0
012a3cf0	protection	0
012a3d20	protection	0
012a3d80	protection	0
012a3da0	protection	0
012a3de0	protection	0
012a3ec0	protection	0
012a3ff0	protection	0
012a4060	protection	0
012a4090	protection	0
012a4110	protection	0
012a4190	protection	0
012a41c0	protection	0
012a44e0	protection	0
012a4500	crt_lib	0
012a4560	crt_lib	0
012a4580	protection	0
012a45b0	crt_lib	0
012a45e0	protection	0
012a4600	protection	0
012a4640	protection	0
012a4660	protection	0
012a4680	protection	0
012a46b0	protection	0
012a46e0	protection	0
012a4740	protection	0
012a49d0	protection	0
012a4a70	protection	0
012a4ab0	protection	0
012a4ba0	protection	0
012a4c60	protection	0
012a4c80	protection	0
012a4ce0	protection	0
012a4d10	protection	0
012a4d40	protection	0
012a4e30	protection	0
012a4ea0	protection	0
012a4eb0	protection	0
012a4ef0	protection	0
012a4f50	protection	0
012a4fb0	protection	0
012a5010	protection	0
012a5150	protection	0
012a5190	protection	0
012a5280	protection	0
012a52b0	protection	0
012a52c0	protection	0
012a5350	protection	0
012a53c0	protection	0
012a5410	protection	0
012a5590	protection	0
012a55f0	protection	0
012a5610	protection	0
012a58c0	protection	0
012a5940	protection	0
012a59c0	protection	0
012a5a40	protection	0
012a5b00	protection	0
012a5e08	protection	0
012a5e38	protection	0
012a5fc0	protection	0
012a6150	protection	0
012a6170	protection	0
012a61b0	protection	0
012a61d0	protection	0
012a6240	protection	0
012a6260	protection	0
012a6280	protection	0
012a6340	protection	0
012a63a0	protection	0
012a63c0	protection	0
012a63e0	protection	0
012a6700	protection	0
012a6760	protection	0
012a6800	protection	0
012a6830	protection	0
012a6850	protection	0
012a6890	protection	0
012a68b0	protection	0
012a68d0	protection	0
012a6910	protection	0
012a6960	protection	0
012a69a0	protection	0
012a6a70	protection	0
012a6af0	protection	0
012a6b70	protection	0
012a6bb0	protection	0
012a6c30	protection	0
012a6c50	protection	0
012a6c90	protection	0
012a6cc0	protection	0
012a6ce0	protection	0
012a6e50	protection	0
012a6e60	protection	0
012a6f40	protection	0
012a7020	protection	0
012a7040	protection	0
012a7180	protection	0
012a71a0	protection	0
012a7220	protection	0
012a7240	protection	0
012a73a0	protection	0
012a73f0	protection	0
012a7440	protection	0
012a7490	protection	0
012a74b0	protection	0
012a74d0	protection	0
012a7500	protection	0
012a7520	protection	0
012a7560	protection	0
012a75d0	protection	0
012a75f0	crt_lib	0
012a7620	protection	0
012a7650	protection	0
012a7670	protection	0
012a76b0	protection	0
012a7720	protection	0
012a7750	protection	0
012a7770	protection	0
012a77e0	protection	0
012a7810	protection	0
012a7880	protection	0
012a78c0	protection	0
012a7900	protection	0
012a7980	protection	0
012a7a00	protection	0
012a7a70	protection	0
012a7aa0	protection	0
012a7ad0	protection	0
012a7b00	crt_lib	0
012a7b20	protection	0
012a7b60	protection	0
012a7be0	protection	0
012a7c70	protection	0
012a7ce0	protection	0
012a7d20	protection	0
012a7da0	protection	0
012a7e20	protection	0
012a7e50	protection	0
012a7ed0	protection	0
012a7f50	protection	0
012a7fc0	protection	0
012a7fe0	protection	0
012a8330	protection	0
012a8350	protection	0
012a8380	protection	0
012a83a0	protection	0
012a83d0	protection	0
012a8830	crt_lib	0
012a8890	protection	0
012a88b0	protection	0
012a88d0	protection	0
012a8900	protection	0
012a8c30	protection	0
012a8c50	protection	0
012a8c80	protection	0
012a8fa0	crt_lib	0
012a8fd0	protection	0
012a9000	protection	0
012a9030	crt_lib	0
012a9060	protection	0
012a9080	crt_lib	0
012a90b0	crt_lib	0
012a90e0	crt_lib	0
012a9100	protection	0
012a9130	protection	0
012a9150	protection	0
012a91b0	protection	0
012a91e0	protection	0
012a9200	protection	0
012a92b0	protection	0
012a92f0	protection	0
012a9330	protection	0
012a9370	protection	0
012a93b0	crt_lib	0
012a93e0	protection	0
012a9420	protection	0
012a9460	protection	0
012a9480	protection	0
012a94c0	crt_lib	0
012a94f0	protection	0
012a9520	protection	0
012a9560	protection	0
012a9580	crt_lib	0
012a95b0	protection	0
012a95f0	protection	0
012a96b0	protection	0
012a9760	crt_lib	0
012a9790	protection	0
012a9830	protection	0
012a9840	protection	0
012a98f0	protection	0
012a9990	protection	0
012a99d0	protection	0
012a9a20	protection	0
012a9a50	protection	0
012a9a90	protection	0
012a9ad0	protection	0
012a9b10	protection	0
012a9b50	protection	0
012a9b70	protection	0
012a9b90	protection	0
012a9bc0	protection	0
012a9c10	protection	0
012a9cc0	protection	0
012a9d70	protection	0
012a9e20	protection	0
012a9e60	protection	0
012a9ec0	protection	0
012a9f10	protection	0
012aa010	protection	0
012aa050	protection	0
012aa110	protection	0
012aa260	protection	0
012aa2e0	protection	0
012aa300	protection	0
012aa3d0	protection	0
012aa470	protection	0
012aa4c0	protection	0
012aa4e0	protection	0
012aa520	protection	0
012aa551	crt_lib	0
012aa594	crt_lib	0
012aa6eb	crt_lib	0
012aa729	crt_lib	0
012aa754	protection	0
012aa773	crt_lib	0
012aa7a5	crt_lib	0
012aa8ac	crt_lib	0
012aa8d6	protection	0
012aa8f2	crt_lib	0
012aa950	crt_lib	0
012aad25	crt_lib	0
012aad59	crt_lib	0
012aaf26	crt_lib	0
012ab179	crt_lib	0
012ab331	crt_lib	0
012ab4be	crt_lib	0
012ab4d3	crt_lib	0
012ab660	crt_lib	0
012ab6b0	crt_lib	0
012ab709	crt_lib	0
012ab72e	crt_lib	0
012ab753	crt_lib	0
012ab790	crt_lib	0
012abfc0	crt_lib	0
012ac070	crt_lib	0
012ac1a5	crt_lib	0
012ac1d7	crt_lib	0
012ac1ed	crt_lib	0
012ad054	crt_lib	0
012ad149	crt_lib	0
012ad1ca	crt_lib	0
012ad29c	crt_lib	0
012ad364	crt_lib	0
012ad3d0	crt_lib	0
012ad40f	crt_lib	0
012ad49f	crt_lib	0
012ad5c4	crt_lib	0
012ad5e0	crt_lib	0
012ad964	crt_lib	0
012ad9b1	crt_lib	0
012ada12	crt_lib	0
012adbe7	crt_lib	0
012adc12	crt_lib	0
012f9c40	protection	0
012f9c60	crt_lib	0
012fa600	protection	0
012fa620	protection	0
012fa640	protection	0
012fa660	protection	0
012fa6f0	protection	0
012fa710	protection	0
012fa720	protection	0
012fab00	protection	0
012fab10	protection	0
014578fc	protection	0
0145796c	protection	0
0145799c	protection	0
014579cc	protection	0
01457d9c	protection	0
01457ddc	protection	0
01457e0c	protection	0
01457f5c	protection	0
0145804c	protection	0
0145820c	protection	0
014583ac	protection	0
0145849c	protection	0
014585ac	protection	0
014587cc	protection	0
014588dc	protection	0
014589ac	protection	0
01458a8c	protection	0
01458aac	protection	0
01458c3c	protection	0
0145910c	protection	0
0145974c	protection	0
0145984c	protection	0
0145987c	protection	0
014598ac	protection	0
0145993c	protection	0
014599cc	protection	0
01459dfc	protection	0
0145a25c	protection	0
0145a2dc	protection	0
0145a44c	protection	0
0145a47c	protection	0
0145a51c	protection	0
0145a54c	protection	0
0145a56c	protection	0
0145a5dc	protection	0
0145a5fc	protection	0
0145a62c	protection	0
0145a65c	protection	0
0145a69c	protection	0
0145a6dc	protection	0
0145a75c	protection	0
0145a7ec	protection	0
0145a85c	protection	0
0145a89c	protection	0
0145a90c	protection	0
0145a92c	protection	0
0145a94c	protection	0
0145a96c	protection	0
0145a98c	protection	0
0145a9bc	protection	0
0145ae1c	protection	0
0145ae7c	other_section:.data	0
0145aeac	other_section:.data	0
0145af0c	other_section:.data	0
0145af2c	protection	0
0145af5c	other_section:.data	0
0145afbc	protection	0
0145afdc	protection	0
0145b00c	crt_lib	0
0145b05c	crt_lib	0
0145b07c	protection	0
0145b09c	crt_lib	0
0145b15c	crt_lib	0
0145b17c	crt_lib	0
0145b1fc	crt_lib	0
0145b22c	crt_lib	0
0145b2bc	crt_lib	0
0145b2dc	protection	0
0145b2fc	crt_lib	0
0145b33c	protection	0
0145b34c	crt_lib	0
0145b3ec	other_section:.data	0
0145b3fc	protection	0
0145b41c	protection	0
0145b44c	other_section:.data	0
0145b46c	protection	0
0145b49c	protection	0
0145b4cc	protection	0
0145b4dc	other_section:.data	0
0145b50c	other_section:.data	0
0145b57c	other_section:.data	0
0145b5bc	other_section:.data	0
0145b5fc	crt_lib	0
0145b75c	other_section:.data	0
0145b78c	protection	0
0145b7bc	protection	0
0145b7dc	crt_lib	0
0145b80c	other_section:.data	0
0145b82c	crt_lib	0
0145b84c	crt_lib	0
0145b87c	crt_lib	0
0145b8fc	crt_lib	0
0145b93c	protection	0
0145b98c	protection	0
0145b9dc	protection	0
0145ba1c	protection	0
0145ba5c	other_section:.data	0
0145ba8c	protection	0
0145babc	protection	0
0145bafc	protection	0
0145bb1c	protection	0
0145bb5c	crt_lib	0
0145bb7c	protection	0
0145bc2c	protection	0
0145bc5c	protection	0
0145bc9c	protection	0
0145bcdc	protection	0
0145bd0c	protection	0
0145bd2c	crt_lib	0
0145bd4c	protection	0
0145bdfc	protection	0
0145be4c	protection	0
0145be5c	protection	0
0145bf0c	protection	0
0145bf3c	protection	0
0145bf8c	protection	0
0145c034	protection	0
0145c03a	protection	0
0145c040	protection	0
0145c04c	protection	0
0145c14c	protection	0
0145c16c	protection	0
0145c19c	protection	0
0145c1cc	protection	0
0145c1ec	protection	0
0145c20c	protection	0
0145c3cc	protection	0
0145c3fc	protection	0
0145c42c	protection	0
0145c47c	protection	0
0145c4bc	protection	0
0145c4ec	protection	0
0145c52c	protection	0
0145c66c	protection	0
0145c68c	protection	0
0145c6bc	protection	0
0145c72c	protection	0
0145c74c	protection	0
0145c93c	protection	0
0145c96c	protection	0
0145c9dc	protection	0
0145ca1c	protection	0
0145ca5c	protection	0
0145cadc	protection	0
0145cb5c	protection	0
0145cb8c	crt_lib	0
0145cbac	protection	0
0145cbcc	protection	0
0145cffc	protection	0
0145d05c	protection	0
0145d07c	protection	0
0145d0ac	protection	0
0145d0dc	other_section:.data	0
0145d10c	protection	0
0145d12c	protection	0
0145d14c	protection	0
0145d17c	protection	0
0145d1bc	other_section:.data	0
0145d1ec	protection	0
0145d21c	protection	0
0145d25c	protection	0
0145d27c	protection	0
0145d37c	protection	0
0145d42c	protection	0
0145d46c	protection	0
0145d4ac	protection	0
0145d4cc	protection	0
0145d83c	protection	0
0145d87c	protection	0
0145d8bc	protection	0
0145d8fc	protection	0
0145d9fc	protection	0
0145daac	protection	0
0145dafc	protection	0
0145db1c	other_section:.data	0
0145db4c	protection	0
0145db6c	protection	0
0145db9c	other_section:.data	0
0145dbbc	protection	0
0145dcdc	protection	0
0145dcfc	protection	0
0145dd0c	protection	0
0145ddac	protection	0
0145ddec	protection	0
0145de4c	protection	0
0145dedc	protection	0
0145df1c	protection	0
0145e05c	protection	0
0145e0fc	protection	0
0145e10c	crt_lib	0
0145e14c	protection	0
0145e20c	protection	0
0145e26c	protection	0
0145e44c	protection	0
0145e45c	protection	0
0145e58c	protection	0
0145e5cc	protection	0
0145e60c	protection	0
0145e62c	protection	0
0145e64c	protection	0
0145e8ec	protection	0
0145e9cc	protection	0
0145ea2c	protection	0
0145ea5c	protection	0
0145ea7c	protection	0
0145ea9c	protection	0
0145eadc	protection	0
0145eb1c	protection	0
0145eb5c	protection	0
0145eb9c	protection	0
0145ebdc	protection	0
0145ec2c	protection	0
0145ec6c	protection	0
0145ecac	protection	0
0145ecec	protection	0
0145ed2c	protection	0
0145ed7c	protection	0
0145edcc	protection	0
0145ee0c	protection	0
0145ee5c	protection	0
0145eeac	protection	0
0145eefc	protection	0
0145ef3c	protection	0
0145ef7c	protection	0
0145effc	protection	0
0145f18c	protection	0
0145f1bc	protection	0
0145f5dc	protection	0
0145f6bc	protection	0
0145f71c	protection	0
0145f80c	protection	0
0145f82c	protection	0
0145f84c	protection	0
0145fa7c	protection	0
0145fb0c	other_section:.data	0
0145fb3c	crt_lib	0
0145fb5c	crt_lib	0
0145fb7c	protection	0
0145fbac	protection	0
0145fbcc	protection	0
0145fc3c	protection	0
0145fc5c	protection	0
0145fc8c	other_section:.data	0
0145fcbc	crt_lib	0
0145fcec	protection	0
0145fd6c	protection	0
0145fdec	protection	0
0145fe5c	protection	0
0145fe8c	other_section:.data	0
0145fe9c	protection	0
0145febc	protection	0
0145fedc	other_section:.data	0
0145ff0c	protection	0
0145ff2c	other_section:.data	0
0145ff4c	crt_lib	0
0145fffc	protection	0
0146001c	protection	0
0146004c	protection	0
0146037c	protection	0
014603dc	protection	0
014603fc	crt_lib	0
014604bc	other_section:.data	0
014604ec	protection	0
0146052c	protection	0
0146056c	other_section:.data	0
0146059c	protection	0
014605cc	protection	0
0146060c	protection	0
0146061c	protection	0
014606bc	crt_lib	0
014606ec	protection	0
0146072c	protection	0
0146076c	protection	0
0146078c	protection	0
0146083c	protection	0
0146087c	protection	0
0146088c	other_section:.data	0
014608bc	protection	0
014609fc	protection	0
01460a7c	protection	0
01460a9c	protection	0
01460abc	protection	0
01460b1c	protection	0
01460bdc	protection	0
01460bfc	protection	0
01460c2c	protection	0
01460c7c	protection	0
01460c9c	other_section:.data	0
01460cec	protection	0
01460dbc	protection	0
01460dec	protection	0
01460e1c	protection	0
01460e3c	protection	0
01460eac	protection	0
01460edc	protection	0
01460f6c	other_section:.data	0
01460fdc	protection	0
0146101c	protection	0
014610ec	protection	0
014611fc	protection	0
0146122c	protection	0
014612cc	protection	0
014612ec	protection	0
0146130c	protection	0
0146132c	protection	0
0146148c	protection	0
014614dc	protection	0
0146150c	protection	0
0146153c	protection	0
014615ec	protection	0
0146163c	protection	0
0146166c	protection	0
0146169c	protection	0
014616bc	protection	0
014616ec	protection	0
0146170c	protection	0
0146172c	protection	0
0146173c	protection	0
0146175c	protection	0
0146179c	protection	0
014617dc	protection	0
0146180c	protection	0
0146182c	protection	0
0146184c	protection	0
0146188c	protection	0
014618ec	protection	0
0146197c	protection	0
01461adc	protection	0
01461b9c	protection	0
01461e0c	protection	0
01461e1c	protection	0
01461e5c	protection	0
01461eac	protection	0
01461edc	protection	0
01461efc	protection	0
01461f2c	protection	0
01461f7c	protection	0
014621bc	protection	0
0146227c	protection	0
014622ec	protection	0
0146239c	protection	0
014623ec	protection	0
0146260c	protection	0
0146263c	protection	0
0146264c	protection	0
0146273c	protection	0
0146274c	protection	0
0146277c	protection	0
0146279c	protection	0
014627cc	protection	0
014627fc	protection	0
014628ac	protection	0
01462a7c	protection	0
01462c4c	protection	0
01462c9c	protection	0
01462cfc	protection	0
01462fbc	protection	0
0146302c	protection	0
014630dc	protection	0
0146310c	protection	0
0146319c	protection	0
014631ec	protection	0
0146321c	protection	0
0146329c	protection	0
0146331c	protection	0
014633bc	protection	0
0146347c	protection	0
0146359c	protection	0
0146363c	protection	0
014636ac	protection	0
0146372c	protection	0
0146378c	protection	0
0146382c	protection	0
0146385c	protection	0
014638bc	protection	0
01463a2c	protection	0
01463a5c	protection	0
01463abc	protection	0
0146458c	protection	0
014645ec	protection	0
0146464c	protection	0
014646ac	protection	0
01464854	protection	0
01464924	protection	0
014649f4	protection	0
01464ac4	protection	0
01464b94	protection	0
01464c64	protection	0
01464d34	protection	0
01464e04	protection	0
01464ed4	protection	0
01464fa4	protection	0
01465074	protection	0
01465144	protection	0
01465214	protection	0
014652e4	protection	0
014653b4	protection	0
01465484	protection	0
014657cc	protection	0
0146582c	protection	0
0146588c	protection	0
0146597c	protection	0
01465a8c	protection	0
01465aac	protection	0
01465c6c	protection	0
01465cb0	protection	0
01465ccc	protection	0
0146667c	protection	0
014666ac	protection	0
0146681c	protection	0
0146691c	protection	0
01466efc	protection	0
0146703c	protection	0
0146751c	protection	0
0146753c	protection	0
0146755c	protection	0
0146759c	protection	0
0146798c	protection	0
01467abc	protection	0
01467afc	protection	0
01467b3c	protection	0
01467b5c	other_section:.data	0
01467b7c	crt_lib	0
01467ba5	protection	0
01467bc1	protection	0
01467bcc	protection	0
01467c24	protection	0
01467c64	protection	0
01467c6f	protection	0
01467ca3	protection	0
01467d0c	crt_lib	0
01467d9c	protection	0
01467dac	protection	0
01467e9c	protection	0
01467f22	crt_lib	0
01467f7c	crt_lib	0
01467fdc	crt_lib	0
01468032	other_section:.data	0
01468063	other_section:.data	0
01468095	crt_lib	0
014680bf	protection	0
014680d7	crt_lib	0
0146812c	crt_lib	0
0146820c	crt_lib	0
0146824c	protection	0
0146859c	protection	0
0146865a	crt_lib	0
01468755	protection	0
0146885c	crt_lib	0
014688b8	crt_lib	0
014688e1	crt_lib	0
01468911	other_section:.data	0
01468918	crt_lib	0
0146896a	crt_lib	0
014689db	crt_lib	0
01468aa0	other_section:.data	0
01468b52	crt_lib	0
01468bcc	crt_lib	0
01468be5	other_section:.data	0
01468c00	crt_lib	0
01468c39	crt_lib	0
01468c94	crt_lib	0
01468cd6	crt_lib	0
01468d3e	protection	0
01468d61	crt_lib	0
01468d6a	protection	0
01468d82	crt_lib	0
01468dd9	protection	0
01468df8	crt_lib	0
01468e5c	crt_lib	0
01468f36	crt_lib	0
0146900c	crt_lib	0
01469094	crt_lib	0
014690ce	protection	0
014690df	crt_lib	0
0146911c	crt_lib	0
01469166	crt_lib	0
01469189	protection	0
014691a5	protection	0
014691ba	protection	0
014691dc	protection	0
01469519	crt_lib	0
0146972e	crt_lib	0
0146980c	crt_lib	0
01469930	crt_lib	0
0146998e	other_section:.data	0
014699d6	protection	0
014699fc	crt_lib	0
01469abc	crt_lib	0
01469ae9	crt_lib	0
01469b46	crt_lib	0
01469b8c	crt_lib	0
01469bb8	crt_lib	0
01469c24	protection	0
01469c99	crt_lib	0
01469d14	crt_lib	0
01469e06	crt_lib	0
01469e63	crt_lib	0
01469e9e	other_section:.data	0
01469f14	crt_lib	0
01469fae	other_section:.data	0
0146a080	crt_lib	0
0146a0bc	crt_lib	0
0146a201	crt_lib	0
0146a21c	protection	0
0146a23b	crt_lib	0
0146a2bd	crt_lib	0
0146a2f7	crt_lib	0
0146a40d	other_section:.data	0
0146a440	other_section:.data	0
0146a49b	protection	0
0146ac95	crt_lib	0
0146ad48	crt_lib	0
0146ad73	crt_lib	0
0146adfb	crt_lib	0
0146ae37	crt_lib	0
0146af9f	crt_lib	0
0146b01c	crt_lib	0
0146b07d	crt_lib	0
0146b15b	crt_lib	0
0146b517	crt_lib	0
0146b595	crt_lib	0
0146b740	crt_lib	0
0146b7cc	crt_lib	0
0146b8b0	crt_lib	0
0146b8eb	crt_lib	0
0146b8fc	crt_lib	0
0146baec	other_section:.data	0
0146bb54	crt_lib	0
0146bc01	protection	0
0146bc11	crt_lib	0
0146bc56	other_section:.data	0
0146bc75	other_section:.data	0
0146bdb9	protection	0
0146be1f	other_section:.data	0
0146bf9b	other_section:.data	0
0146c002	other_section:.data	0
0146c0be	other_section:.data	0
0146c2b0	crt_lib	0
0146c352	other_section:.data	0
0146c37f	crt_lib	0
0146c3ac	crt_lib	0
0146c3f8	crt_lib	0
0146c506	other_section:.data	0
0146c537	crt_lib	0
0146c545	protection	0
0146c5b3	crt_lib	0
0146c72a	crt_lib	0
0146c763	crt_lib	0
0146c9f8	other_section:.data	0
0146cb64	crt_lib	0
0146ce1b	crt_lib	0
0146cf28	crt_lib	0
0146cf53	crt_lib	0
0146d26b	crt_lib	0
0146d322	crt_lib	0
0146d428	crt_lib	0
0146d707	crt_lib	0
0146db31	crt_lib	0
0146db6f	crt_lib	0
0146db8c	crt_lib	0
0146dc7d	crt_lib	0
0146dd5a	crt_lib	0
0146de04	crt_lib	0
0146de67	crt_lib	0
0146ded0	crt_lib	0
0146e116	crt_lib	0
0146e16d	crt_lib	0
0146e396	crt_lib	0
0146e4f8	crt_lib	0
0146e530	crt_lib	0
0146e574	crt_lib	0
0146e59b	crt_lib	0
0146e6a1	crt_lib	0
0146e700	crt_lib	0
0146e79d	crt_lib	0
0146e814	crt_lib	0
0146e88e	crt_lib	0
0146e8ca	crt_lib	0
0146eb9a	crt_lib	0
0146ebdd	crt_lib	0
0146eda6	crt_lib	0
0146ef60	crt_lib	0
0146efff	crt_lib	0
0146f01b	crt_lib	0
0146f037	crt_lib	0
0146f04f	crt_lib	0
0146f067	crt_lib	0
0146f2ba	other_section:.data	0
0146f472	crt_lib	0
0146f5ff	crt_lib	0
0146f614	crt_lib	0
0146f67a	crt_lib	0
0146f7c2	crt_lib	0
0146f8ff	crt_lib	0
0146f92e	other_section:.data	0
0146f957	other_section:.data	0
0146fae3	crt_lib	0
0146fcc9	crt_lib	0
0146fce7	crt_lib	0
0146fd19	crt_lib	0
0146fd66	crt_lib	0
0146fdd8	crt_lib	0
0146fdf3	crt_lib	0
0146fe0c	crt_lib	0
0146fe87	crt_lib	0
0146ffdf	other_section:.data	0
0146fff5	other_section:.data	0
0147000b	other_section:.data	0
01470048	other_section:.data	0
01470085	crt_lib	0
014700fc	crt_lib	0
014701b6	crt_lib	0
01470233	crt_lib	0
014702c5	crt_lib	0
01470353	crt_lib	0
0147039b	crt_lib	0
014704f7	other_section:.data	0
01470530	crt_lib	0
01470659	crt_lib	0
014706da	crt_lib	0
014706fb	crt_lib	0
01470759	crt_lib	0
01470787	crt_lib	0
014707b4	crt_lib	0
01470892	protection	0
01470d19	other_section:.data	0
01470fa7	crt_lib	0
01471029	crt_lib	0
01471068	crt_lib	0
014710f8	crt_lib	0
0147132a	crt_lib	0
014713b0	crt_lib	0
014713cc	crt_lib	0
01471750	other_section:.data	0
0147179d	other_section:.data	0
014717fe	crt_lib	0
014719d3	crt_lib	0
014719fe	crt_lib	0
01471a66	protection	0
01471a6c	protection	0
01471b2c	protection	0
01471b5c	protection	0
01471b8c	protection	0
01471bcc	crt_lib	0
01471c0c	protection	0
01471c4c	protection	0
01471c5c	protection	0
01471ccc	protection	0
01471cfc	protection	0
01471d5c	protection	0
014720dc	protection	0
0147210c	protection	0
0147212c	protection	0
0147219c	protection	0
014721bc	protection	0
014721dc	protection	0
0147221c	protection	0
0147229c	protection	0
0147231c	protection	0
0147238c	protection	0
014723bc	protection	0
014723ec	protection	0
0147271c	protection	0
0147277c	protection	0
0147279c	protection	0
014727cc	protection	0
014727ec	protection	0
0147282c	protection	0
0147286c	other_section:.data	0
0147289c	crt_lib	0
014728cc	protection	0
0147290c	protection	0
0147292c	protection	0
0147294c	protection	0
014729ec	crt_lib	0
01472a1c	protection	0
01472a5c	protection	0
01472a8c	protection	0
01472aac	protection	0
01472acc	protection	0
01472b7c	protection	0
01472bec	protection	0
01472c0c	protection	0
01472f14	protection	0
01472f2c	crt_lib	0
01472f6f	other_section:.data	0
01472fad	crt_lib	0
01472fdc	crt_lib	0
014734ec	protection	0
0147350c	protection	0
0147359c	protection	0
01480c88	protection	0
014814a9	protection	0
014815a7	protection	0
01481613	protection	0
014816c8	protection	0
01481c38	protection	0
0148499c	protection	0
014849bc	protection	0
01484a3c	protection	0
01484a4c	protection	0
01484a5c	protection	0
01484a6c	protection	0
01484a8c	protection	0
01484aac	protection	0
01484acc	protection	0
01484edc	other_section:.data	0
01484f7c	protection	0
01484f8c	protection	0
01484fdc	protection	0
01484fec	other_section:.data	0
0148501c	protection	0
0148503c	other_section:.data	0
0148507c	protection	0
014850dc	protection	0
0148513c	other_section:.data	0
0148518c	protection	0
0148520c	protection	0
0148521c	protection	0
0148522c	protection	0
0148523c	protection	0
0148526c	protection	0
014853cc	protection	0
0148541c	protection	0
0148542c	protection	0
014855ac	protection	0
014856cc	protection	0
0148599c	protection	0
01485abc	protection	0
01485afc	protection	0
01485b2c	protection	0
01485cec	protection	0
01485d0c	protection	0
01485d5c	protection	0
01485d9c	protection	0
01485dfc	protection	0
01485fec	protection	0
0148603c	protection	0
0148626c	protection	0
014862cc	protection	0
014862ec	protection	0
0148631c	protection	0
014863cc	protection	0
014864dc	protection	0
0148651c	protection	0
0148655c	protection	0
014865ac	protection	0
01486dcc	crt_lib	0
01486e0c	protection	0
01486e2c	protection	0
01486e5c	protection	0
01486e7c	protection	0
01486e9c	protection	0
01486ebc	other_section:.data	0
01486efc	protection	0
01486f6c	protection	0
01486fbc	protection	0
014870ac	protection	0
014876ec	protection	0
0148771c	protection	0
0148775c	protection	0
014877bc	protection	0
0148787c	protection	0
0148791c	protection	0
0148796c	protection	0
014879bc	protection	0
01487a4c	protection	0
01487a7c	protection	0
01487a9c	protection	0
01487abc	crt_lib	0
01487acc	protection	0
01487b1c	protection	0
01487bcc	protection	0
01487c6c	protection	0
01487cec	protection	0
01487d0c	other_section:.data	0
01487d7c	other_section:.data	0
01487d9c	protection	0
01487dbc	protection	0
01487ddc	protection	0
01487dfc	protection	0
01487f2c	other_section:.data	0
01487f8c	protection	0
014880ec	protection	0
014881ec	protection	0
0148824c	protection	0
014882fc	crt_lib	0
0148831c	protection	0
014887cc	protection	0
014887ec	protection	0
0148880c	protection	0
014888bc	protection	0
0148896c	other_section:.data	0
014889bc	protection	0
014889dc	other_section:.data	0
01488a1c	protection	0
01488a3c	protection	0
01488a8c	protection	0
01488aac	protection	0
01488b7c	protection	0
01488cbc	protection	0
01488d3c	protection	0
01488d6c	protection	0
0148926c	protection	0
014892bc	protection	0
014892dc	protection	0
014893ac	protection	0
0148947c	protection	0
014894ac	protection	0
014894cc	protection	0
0148956c	protection	0
014895ec	protection	0
0148962c	protection	0
0148966c	protection	0
014896ac	protection	0
014896bc	protection	0
014896dc	other_section:.data	0
014896fc	protection	0
0148971c	protection	0
0148973c	protection	0
0148976c	protection	0
014898cc	protection	0
014898dc	protection	0
014898fc	protection	0
0148993c	protection	0
0148999c	protection	0
014899bc	protection	0
01489a8c	protection	0
01489acc	other_section:.data	0
01489aec	protection	0
01489b2c	other_section:.data	0
01489b4c	protection	0
01489bac	protection	0
01489bec	protection	0
01489c1c	other_section:.data	0
01489c3c	other_section:.data	0
01489cdc	protection	0
01489d1c	protection	0
01489d7c	other_section:.data	0
01489dcc	protection	0
01489e0c	protection	0
01489e3c	other_section:.data	0
01489e5c	protection	0
01489e7c	protection	0
01489ecc	protection	0
01489eec	protection	0
01489f0c	protection	0
01489f9c	other_section:.data	0
01489fbc	other_section:.data	0
01489fec	protection	0
0148a01c	protection	0
0148a13c	other_section:.data	0
0148a14c	protection	0
0148a29c	protection	0
0148a2ac	protection	0
0148a2cc	protection	0
0148a2ec	protection	0
0148a30c	protection	0
0148a32c	protection	0
0148a34c	protection	0
0148a36c	protection	0
0148a4cc	protection	0
0148a4fc	protection	0
0148a56c	protection	0
0148a59c	other_section:.data	0
0148a5cc	other_section:.data	0
0148a60c	protection	0
0148a62c	protection	0
0148a64c	protection	0
0148a66c	protection	0
0148a68c	protection	0
0148a6ac	protection	0
0148a6ec	protection	0
0148a72c	protection	0
0148a74c	protection	0
0148a76c	protection	0
0148a78c	other_section:.data	0
0148a7bc	crt_lib	0
0148a83c	crt_lib	0
0148a85c	crt_lib	0
0148a87c	other_section:.data	0
0148a88c	crt_lib	0
0148a8cc	protection	0
0148a8dc	crt_lib	0
0148a90c	other_section:.data	0
0148a92c	protection	0
0148a94c	other_section:.data	0
0148a99c	other_section:.data	0
0148a9bc	other_section:.data	0
0148a9ec	other_section:.data	0
0148a9fc	protection	0
0148aa7c	protection	0
0148aaac	protection	0
0148aacc	other_section:.data	0
0148ab1c	protection	0
0148ab8c	protection	0
0148abbc	protection	0
0148ac0c	protection	0
0148ac2c	other_section:.data	0
0148ac4c	protection	0
0148ac7c	protection	0
0148acec	protection	0
0148ad0c	protection	0
0148ad3c	other_section:.data	0
0148ad7c	protection	0
0148ad9c	protection	0
0148adbc	protection	0
0148addc	protection	0
0148adfc	protection	0
0148ae1c	protection	0
0148ae4c	other_section:.data	0
0148ae9c	other_section:.data	0
0148aebc	protection	0
0148aeec	protection	0
0148aefc	protection	0
0148af7c	protection	0
0148afac	protection	0
0148afcc	protection	0
0148afec	protection	0
0148b05c	protection	0
0148b06c	protection	0
0148b08c	protection	0
0148b0bc	protection	0
0148b0dc	protection	0
0148b0fc	protection	0
0148b11c	protection	0
0148b61c	protection	0
0148b7fc	protection	0
0148b9dc	protection	0
0148b9fc	protection	0
0148ba5c	other_section:.data	0
0148ba7c	protection	0
0148baac	protection	0
0148babc	protection	0
0148bacc	protection	0
0148bc1c	protection	0
0148bc7c	protection	0
0148bcdc	protection	0
0148bd3c	protection	0
0148bddc	protection	0
0148bdec	protection	0
0148bdfc	protection	0
0148befc	crt_lib	0
0148bf1c	protection	0
0148bf3c	protection	0
0148bf5c	crt_lib	0
0148bf8c	other_section:.data	0
0148bfac	crt_lib	0
0148c02c	crt_lib	0
0148c0ec	protection	0
0148c10c	crt_lib	0
0148c19c	crt_lib	0
0148c1bc	crt_lib	0
0148c25c	other_section:.data	0
0148c29c	crt_lib	0
0148c3fc	crt_lib	0
0148c43c	crt_lib	0
0148c45c	crt_lib	0
0148c48c	crt_lib	0
0148c4ac	protection	0
0148c5fc	protection	0
0148c68c	protection	0
0148c72c	protection	0
0148c7ec	protection	0
0148c88c	protection	0
0148c8bc	protection	0
0148c8ec	protection	0
0148c97c	protection	0
0148c9bc	protection	0
0148caec	protection	0
0148cbdc	protection	0
0148da3f	other_section:.data	0
0148da5c	protection	0
0148da76	other_section:.data	0
0148db37	other_section:.data	0
0148db79	other_section:.data	0
0148dbbe	crt_lib	0
0148dbe2	crt_lib	0
0148dc08	other_section:.data	0
0148dc52	protection	0
0148dc6f	protection	0
0148dc8b	protection	0
0148dca7	protection	0
0148dcb2	protection	0
0148dcce	protection	0
0148dcd9	protection	0
0148dd74	protection	0
0148dd96	protection	0
0148ddee	protection	0
0148ddf9	protection	0
0148de2d	protection	0
0148de9c	crt_lib	0
0148ded9	crt_lib	0
0148dfbc	crt_lib	0
0148dffe	crt_lib	0
0148e066	protection	0
0148e089	crt_lib	0
0148e092	protection	0
0148e1bc	protection	0
0148e4f9	crt_lib	0
0148e529	other_section:.data	0
0148e530	crt_lib	0
0148e582	crt_lib	0
0148e5f3	crt_lib	0
0148e6b8	other_section:.data	0
0148e76a	crt_lib	0
0148e7e4	crt_lib	0
0148e7fd	other_section:.data	0
0148e818	crt_lib	0
0148e851	crt_lib	0
0148e8ac	crt_lib	0
0148e90c	protection	0
0148e91c	protection	0
0148ea0c	crt_lib	0
0148eac4	crt_lib	0
0148eb0a	crt_lib	0
0148eb36	crt_lib	0
0148eb48	crt_lib	0
0148eb80	crt_lib	0
0148ebbd	crt_lib	0
0148ed1f	protection	0
0148ed34	protection	0
0148ed50	crt_lib	0
0148ed9e	crt_lib	0
0148ee20	crt_lib	0
0148ee5c	crt_lib	0
0148eeec	crt_lib	0
0148f01c	crt_lib	0
0148f0ac	protection	0
0148f3e9	crt_lib	0
0148f60b	crt_lib	0
0148f661	protection	0
0148f74a	crt_lib	0
0148f7d8	crt_lib	0
0148f802	protection	0
0148f815	other_section:.data	0
0148f846	crt_lib	0
0148f854	crt_lib	0
0148f88f	crt_lib	0
0148f8a0	crt_lib	0
0148f8bc	protection	0
0148f8db	crt_lib	0
0148f8ec	crt_lib	0
0148f929	crt_lib	0
0148f973	crt_lib	0
0148f996	protection	0
0148f9b2	protection	0
0148f9df	protection	0
0148fa0c	crt_lib	0
0148fa3c	crt_lib	0
0148faa6	other_section:.data	0
0148fb67	crt_lib	0
0148fb78	crt_lib	0
0148fb87	crt_lib	0
0148fdb0	other_section:.data	0
0148fe18	crt_lib	0
0148fec5	protection	0
0148fed5	crt_lib	0
0148ff1a	other_section:.data	0
0148ff39	other_section:.data	0
0149007d	protection	0
014900e3	other_section:.data	0
0149025f	other_section:.data	0
014902c6	other_section:.data	0
01490382	other_section:.data	0
01490574	crt_lib	0
0149061c	crt_lib	0
01490668	crt_lib	0
01490682	crt_lib	0
014906d3	crt_lib	0
01490752	crt_lib	0
0149079a	crt_lib	0
014907c5	crt_lib	0
01490add	crt_lib	0
01490b94	crt_lib	0
01490c9a	crt_lib	0
01490f79	crt_lib	0
01491275	protection	0
014912e3	crt_lib	0
0149131b	crt_lib	0
014914c6	crt_lib	0
014914e9	crt_lib	0
014915b0	other_section:.data	0
0149171c	crt_lib	0
014917be	crt_lib	0
014918e0	crt_lib	0
01491968	crt_lib	0
01491af4	crt_lib	0
01491ca4	crt_lib	0
01491d57	crt_lib	0
01491d82	crt_lib	0
01491ddf	crt_lib	0
01491e1a	other_section:.data	0
01491e90	crt_lib	0
01491f6e	crt_lib	0
0149215c	crt_lib	0
014921e8	crt_lib	0
01492341	crt_lib	0
014924a9	crt_lib	0
0149251b	crt_lib	0
0149270b	crt_lib	0
01492771	crt_lib	0
014928b9	crt_lib	0
014928d1	crt_lib	0
01492909	crt_lib	0
01492921	crt_lib	0
01492950	other_section:.data	0
01492979	other_section:.data	0
01492b05	crt_lib	0
01492ceb	crt_lib	0
01492d09	crt_lib	0
01492e02	crt_lib	0
01492e61	crt_lib	0
01492efe	crt_lib	0
01492f75	crt_lib	0
01492fef	crt_lib	0
0149302b	crt_lib	0
0149313c	crt_lib	0
01493180	crt_lib	0
01493450	crt_lib	0
01493591	other_section:.data	0
014935ca	crt_lib	0
014936f3	crt_lib	0
01493aaf	crt_lib	0
01493c69	crt_lib	0
01493d3c	crt_lib	0
01493ea1	crt_lib	0
01493ee4	crt_lib	0
014940ad	crt_lib	0
0149412f	crt_lib	0
01494187	crt_lib	0
01494250	crt_lib	0
014942ce	protection	0
0149452c	protection	0
0149457c	protection	0
014a197c	protection	0
014a1aac	protection	0
014a1b3c	protection	0
014a1bdc	protection	0
014a1c8c	protection	0
014a1ccc	protection	0
014a1dfc	protection	0
014a1e8c	protection	0
014a200c	protection	0
014a203c	protection	0
014a206c	protection	0
014a229c	protection	0
014a25dc	protection	0
014a264c	protection	0
014a86ac	protection	0
014a8a6c	protection	0
014a8afc	protection	0
014a958c	protection	0
014a961c	protection	0
014a974c	protection	0
014a977c	protection	0
014a97ac	protection	0
014a97dc	protection	0
014a980c	protection	0
014a994c	protection	0
014a9a8c	protection	0
014a9a9c	protection	0
014a9b1c	protection	0
014a9b3c	protection	0
014a9b9c	protection	0
014a9bcc	protection	0
014a9d6c	protection	0
014a9dbc	protection	0
014a9e1c	protection	0
014a9e4c	protection	0
014a9f2c	protection	0
014a9ffc	protection	0
014aa0bc	protection	0
014aa12c	protection	0
014aa29c	protection	0
014aa40c	protection	0
014aa43c	protection	0
014aa46c	protection	0
014aa48c	protection	0
014aa4ac	protection	0
014aa4ec	protection	0
014aa52c	protection	0
014aa59c	protection	0
014aa5fc	protection	0
014aa61c	protection	0
014aa63c	protection	0
014aa66c	other_section:.data	0
014aa69c	protection	0
014aa6dc	protection	0
014aa75c	protection	0
014aa7dc	protection	0
014aa80c	protection	0
014aa83c	other_section:.data	0
014aa84c	protection	0
014aa86c	protection	0
014aa88c	other_section:.data	0
014aa8bc	protection	0
014aa8dc	protection	0
014aa8ec	other_section:.data	0
014aa90c	protection	0
014aa92c	protection	0
014aac4c	other_section:.data	0
014aacac	other_section:.data	0
014aacdc	other_section:.data	0
014aad3c	other_section:.data	0
014aad5c	protection	0
014aad8c	other_section:.data	0
014aadec	protection	0
014aae0c	protection	0
014aae3c	crt_lib	0
014aae8c	other_section:.data	0
014aaeac	protection	0
014aaecc	crt_lib	0
014aaf8c	crt_lib	0
014aafac	crt_lib	0
014ab02c	crt_lib	0
014ab04c	other_section:.data	0
014ab05c	crt_lib	0
014ab0ec	crt_lib	0
014ab10c	protection	0
014ab12c	crt_lib	0
014ab16c	protection	0
014ab17c	crt_lib	0
014ab21c	crt_lib	0
014ab24c	other_section:.data	0
014ab26c	protection	0
014ab28c	other_section:.data	0
014ab2ac	protection	0
014ab2dc	protection	0
014ab2fc	other_section:.data	0
014ab32c	other_section:.data	0
014ab39c	other_section:.data	0
014ab3dc	other_section:.data	0
014ab41c	crt_lib	0
014ab57c	other_section:.data	0
014ab5ac	protection	0
014ab5cc	crt_lib	0
014ab5fc	other_section:.data	0
014ab61c	crt_lib	0
014ab63c	crt_lib	0
014ab66c	crt_lib	0
014ab6ec	crt_lib	0
014ab72c	protection	0
014ab76c	protection	0
014ab7ac	protection	0
014ab7ec	other_section:.data	0
014ab81c	protection	0
014ab84c	protection	0
014ab88c	protection	0
014ab8ac	crt_lib	0
014ab8cc	protection	0
014ab8dc	protection	0
014ab91c	protection	0
014ab93c	protection	0
014ab97c	protection	0
014ab9bc	protection	0
014ab9ec	protection	0
014aba0c	protection	0
014aba3c	protection	0
014aba5c	protection	0
014abb5c	other_section:.data	0
014abb8c	other_section:.data	0
014abbbc	protection	0
014abd8c	protection	0
014abddc	protection	0
014ac1ac	protection	0
014ac1fc	protection	0
014af3fc	protection	0
014af4cc	protection	0
014af53c	protection	0
014af74c	protection	0
014af7dc	protection	0
014af8bc	protection	0
014afb2c	protection	0
014afbec	protection	0
014afc4c	protection	0
014afc9c	protection	0
014afe0c	protection	0
014afe2c	protection	0
014afe7c	protection	0
014afedc	protection	0
014affd9	crt_lib	0
014b0073	other_section:.data	0
014b0145	crt_lib	0
014b0174	other_section:.data	0
014b01ed	crt_lib	0
014b01fb	crt_lib	0
014b025c	crt_lib	0
014b02bc	crt_lib	0
014b02f4	crt_lib	0
014b033a	crt_lib	0
014b0366	crt_lib	0
014b037c	crt_lib	0
014b03bc	protection	0
014b06fc	crt_lib	0
014b0973	crt_lib	0
014b09a3	other_section:.data	0
014b09aa	crt_lib	0
014b09fc	crt_lib	0
014b0a6d	crt_lib	0
014b0b32	other_section:.data	0
014b0be4	crt_lib	0
014b0c5e	crt_lib	0
014b0c77	other_section:.data	0
014b0c92	crt_lib	0
014b0ccb	crt_lib	0
014b0d24	crt_lib	0
014b0d66	crt_lib	0
014b0dce	crt_lib	0
014b0df1	crt_lib	0
014b0dfa	protection	0
014b0e1c	crt_lib	0
014b0ed9	crt_lib	0
014b0f13	protection	0
014b0f24	crt_lib	0
014b0f6e	crt_lib	0
014b0f91	protection	0
014b0fad	protection	0
014b0fc2	protection	0
014b0fec	protection	0
014b132c	protection	0
014b133c	protection	0
014b142c	crt_lib	0
014b15f8	crt_lib	0
014b1680	crt_lib	0
014b16bc	other_section:.data	0
014b16ef	other_section:.data	0
014b174a	protection	0
014b1ffe	crt_lib	0
014b20dc	crt_lib	0
014b212a	crt_lib	0
014b22f3	crt_lib	0
014b231e	crt_lib	0
014b2636	crt_lib	0
014b26ed	crt_lib	0
014b27f3	crt_lib	0
014b2ad2	crt_lib	0
014b2dce	crt_lib	0
014b2de9	crt_lib	0
014b2f99	crt_lib	0
014b31d1	other_section:.data	0
014b333d	crt_lib	0
014b36ac	crt_lib	0
014b36e7	crt_lib	0
014b3801	other_section:.data	0
014b3869	crt_lib	0
014b3916	protection	0
014b3926	crt_lib	0
014b396b	other_section:.data	0
014b398a	other_section:.data	0
014b3ace	protection	0
014b3b34	other_section:.data	0
014b3cb0	other_section:.data	0
014b3d17	other_section:.data	0
014b3dd3	other_section:.data	0
014b3fc5	crt_lib	0
014b4067	other_section:.data	0
014b4094	crt_lib	0
014b40cc	crt_lib	0
014b4118	protection	0
014b4320	crt_lib	0
014b4347	crt_lib	0
014b43a4	crt_lib	0
014b43df	other_section:.data	0
014b4455	crt_lib	0
014b44bb	other_section:.data	0
014b44ec	crt_lib	0
014b4591	crt_lib	0
014b4664	crt_lib	0
014b4a20	crt_lib	0
014b4a9e	crt_lib	0
014b4b2a	crt_lib	0
014b4d1a	crt_lib	0
014b4d5e	crt_lib	0
014b4e5c	crt_lib	0
014b4f80	crt_lib	0
014b4faf	other_section:.data	0
014b4fd8	other_section:.data	0
014b5164	crt_lib	0
014b534a	crt_lib	0
014b5368	crt_lib	0
014b5591	crt_lib	0
014b55ad	other_section:.data	0
014b55c9	crt_lib	0
014b55e1	crt_lib	0
014b55f9	crt_lib	0
014b5659	crt_lib	0
014b56bf	crt_lib	0
014b585d	crt_lib	0
014b58a0	crt_lib	0
014b5a69	crt_lib	0
014b5b4c	crt_lib	0
014b5d06	crt_lib	0
014b5d65	crt_lib	0
014b5ddf	crt_lib	0
014b5e1b	crt_lib	0
014b5eba	other_section:.data	0
014b5ef3	crt_lib	0
014b601c	crt_lib	0
014b60cf	protection	0
014b60fa	crt_lib	0
014b6152	crt_lib	0
014b6220	protection	0
014b623c	protection	0
014b6247	protection	0
014b629f	protection	0
014b62e0	protection	0
014b62e8	protection	0
014c0c9c	protection	0
014c0d6c	protection	0
014c0e4c	protection	0
014c0e5c	protection	0
014c0e62	protection	0
014c0e74	protection	0
014c0e7a	protection	0
014c0e80	protection	0
014c0f59	protection	0
014c0ff6	crt_lib	0
014c1029	protection	0
014c1067	protection	0
014c1076	protection	0
014c111b	protection	0
014c1124	protection	0
014c112d	protection	0
014c1147	protection	0
014c119b	protection	0
014c11b9	protection	0
014c11cc	protection	0
014c1233	protection	0
014c12d3	protection	0
014c148f	protection	0
014c14e3	protection	0
014c159c	protection	0
014c1635	protection	0
014c17e9	protection	0
014c191b	protection	0
014c1948	protection	0
014c1a90	protection	0
014c1aed	protection	0
014c1b95	protection	0
014c1bce	protection	0
014c1d21	protection	0
014c1d4a	protection	0
014c1db6	protection	0
014c1e17	protection	0
014c1e2c	protection	0
014c1ec5	protection	0
014c1f4e	protection	0
014c1f69	protection	0
014c1fd3	protection	0
014c202b	protection	0
014c2052	crt_lib	0
014c2064	crt_lib	0
014c2090	protection	0
014c20f7	protection	0
014c2156	protection	0
014c218c	protection	0
014c219c	protection	0
014c227c	crt_lib	0
014c22f7	protection	0
014c24a4	protection	0
014c24ee	protection	0
014c2521	protection	0
014c254a	protection	0
014c26cf	protection	0
014c26ec	protection	0
014c2a21	protection	0
014c2a38	protection	0
014c2c5c	crt_lib	0
014c2d1c	crt_lib	0
014c2d9c	crt_lib	0
014c2ddc	protection	0
014c2e0b	protection	0
014c2e53	protection	0
014c2e7e	protection	0
014c31a7	protection	0
014c34b0	protection	0
014c3561	protection	0
014c365c	protection	0
014c37a0	protection	0
014c37f6	protection	0
014c38b8	protection	0
014c390f	protection	0
014c3954	protection	0
014c3b5c	protection	0
014c3c80	protection	0
014c3d0c	crt_lib	0
014c3e0a	protection	0
014c3e2c	crt_lib	0
014c3e84	crt_lib	0
014c3ec6	crt_lib	0
014c3f5a	protection	0
014c4054	protection	0
014c4278	protection	0
014c42a3	protection	0
014c43ec	protection	0
014c43f5	protection	0
014c4464	protection	0
014c4530	protection	0
014c45ac	protection	0
014c497c	protection	0
014c49bc	protection	0
014c49fc	protection	0
014c4acc	protection	0
014c4cc1	protection	0
014c4dc0	protection	0
01556008	protection	0
01560880	protection	0
015608e0	protection	0
01560928	protection	0
01560930	protection	0
015609ba	protection	0
015609bf	protection	0
015609c0	protection	0
01560bcb	protection	0
01560bd0	protection	0
01560c20	protection	0
01560dc0	protection	0
01560e20	protection	0
01560e46	protection	0
01560e4e	protection	0
01560e50	protection	0
01560e83	protection	0
01560e88	protection	0
01560e8d	protection	0
01560e90	protection	0
01560ec8	protection	0
01560ecd	protection	0
01560ed0	protection	0
01560f2c	protection	0
01560f30	protection	0
01560f3b	protection	0
01560f40	protection	0
01560f70	protection	0
01560f87	protection	0
01560f90	protection	0
01561008	protection	0
01561010	protection	0
01561038	protection	0
0156103d	protection	0
0156103f	protection	0
01561040	protection	0
01561061	protection	0
01561070	protection	0
0156108e	protection	0
01561090	protection	0
015610b0	protection	0
0156112b	protection	0
0156116f	protection	0
015611b0	protection	0
015611e4	protection	0
015611f0	protection	0
01561250	protection	0
0156126e	protection	0
01561270	protection	0
015612d6	protection	0
015612d8	protection	0
015612e0	protection	0
01561330	protection	0
0156139d	protection	0
015613a0	protection	0
015613fe	protection	0
01561400	protection	0
0156148e	protection	0
01561490	protection	0
01561520	protection	0
01561578	protection	0
0156157d	protection	0
01561580	protection	0
015615bd	protection	0
015615c0	protection	0
01561630	protection	0
0156164c	protection	0
01561650	protection	0
01561684	protection	0
01561689	protection	0
0156168e	protection	0
01561690	protection	0
015616d2	protection	0
015616e0	protection	0
0156170b	protection	0
01561710	protection	0
0156172c	protection	0
01561730	protection	0
0156186e	protection	0
01561870	protection	0
015618f6	protection	0
015618fb	protection	0
01561900	protection	0
01561960	protection	0
0156198c	protection	0
01561990	protection	0
015619b0	protection	0
015619e2	protection	0
015619ed	protection	0
015619f0	protection	0
01561a07	protection	0
01561a10	protection	0
01561a4c	protection	0
01561a82	protection	0
01561a87	protection	0
01561a8c	protection	0
01561a90	protection	0
01561b10	protection	0
01561b18	protection	0
01561b1d	protection	0
01561b20	protection	0
01561b7b	protection	0
01561b80	protection	0
01561c48	protection	0
01561c4e	protection	0
01561c50	protection	0
01561cc0	protection	0
01561cf0	protection	0
01561f20	protection	0
01562000	protection	0
0156202d	protection	0
01562030	protection	0
01562050	protection	0
015620b0	protection	0
015620d0	protection	0
0156210d	protection	0
01562110	protection	0
01562130	protection	0
01562151	protection	0
01562156	protection	0
0156215b	protection	0
01562160	protection	0
01562216	protection	0
0156221b	protection	0
01562220	protection	0
015622b0	protection	0
015622d9	protection	0
015622e0	protection	0
01562348	protection	0
0156234d	protection	0
01562350	protection	0
0156235d	protection	0
01562360	protection	0
0156238f	protection	0
01562390	protection	0
015623dc	protection	0
015623f0	protection	0
0156242a	protection	0
0156242e	protection	0
01562430	protection	0
01562466	protection	0
0156246b	protection	0
01562470	protection	0
0156249a	protection	0
015624a0	protection	0
015624c1	protection	0
015624c6	protection	0
015624c7	protection	0
015624cc	protection	0
015624cf	protection	0
015624d0	protection	0
01562524	protection	0
01562529	protection	0
0156252e	protection	0
01562530	protection	0
0156254c	protection	0
0156254e	protection	0
01562550	protection	0
0156262c	protection	0
0156262e	protection	0
01562630	protection	0
01562659	protection	0
0156265e	protection	0
01562660	protection	0
015626a0	protection	0
015626a8	protection	0
015626ad	protection	0
015626af	protection	0
015626b0	protection	0
01562750	protection	0
0156279d	protection	0
0156279f	protection	0
015627a0	protection	0
0156286c	protection	0
01562870	protection	0
015628a0	protection	0
0156290e	protection	0
01562910	protection	0
0156292b	protection	0
01562930	protection	0
01562960	protection	0
0156297a	protection	0
01562980	protection	0
015629d0	protection	0
01562c80	protection	0
01562c8a	protection	0
01562c8f	protection	0
01562c90	protection	0
01562ccd	protection	0
01562cf0	protection	0
01562d67	protection	0
01562e16	protection	0
01562eab	protection	0
01562ecd	protection	0
01562f3a	protection	0
01562fb7	protection	0
015630ca	protection	0
0156314f	protection	0
015631c0	protection	0
01563250	protection	0
01563290	protection	0
015633bd	protection	0
015634d0	protection	0
01563558	protection	0
01563560	protection	0
01563573	protection	0
01563578	protection	0
0156357d	protection	0
01563580	protection	0
015635c0	protection	0
015635db	protection	0
015635e0	protection	0
0156360a	protection	0
01563610	protection	0
0156361a	protection	0
01563620	protection	0
01563648	protection	0
015636c7	protection	0
015636cc	protection	0
015636cf	protection	0
015636d0	protection	0
01563730	protection	0
015637dc	protection	0
015637de	protection	0
015637e0	protection	0
01563850	protection	0
015638cb	protection	0
015638d0	protection	0
015638e4	protection	0
015638e9	protection	0
015638ee	protection	0
015638f0	protection	0
01563910	protection	0
0156393d	protection	0
01563940	protection	0
015639b8	protection	0
01563a10	protection	0
01563a3b	protection	0
01563a40	protection	0
01563a50	protection	0
01563a5d	protection	0
01563a5f	protection	0
01563a60	protection	0
01563aae	protection	0
01563ab0	protection	0
01563ae0	protection	0
01563ae5	protection	0
01563aea	protection	0
01563af0	protection	0
01563b27	protection	0
01563b30	protection	0
01563bde	protection	0
01563c87	protection	0
01563cdc	protection	0
01563cde	protection	0
01563ce0	protection	0
01563e29	protection	0
01563e43	protection	0
01563e6a	protection	0
01563e6f	protection	0
01563e70	protection	0
01563e85	protection	0
01563e90	protection	0
01563f46	protection	0
01563f50	protection	0
01563fad	protection	0
01563fb0	protection	0
01563fe0	protection	0
01564030	protection	0
01564070	protection	0
01564081	protection	0
01564086	protection	0
0156408b	protection	0
01564090	protection	0
015640eb	protection	0
015640f0	protection	0
01564140	protection	0
015641e6	protection	0
01564200	protection	0
01564277	protection	0
0156427c	protection	0
0156427e	protection	0
01564280	protection	0
015642c0	protection	0
015642d9	protection	0
015642e0	protection	0
0156431a	protection	0
01564320	protection	0
015645e2	protection	0
015645e7	protection	0
015645ec	protection	0
015645ef	protection	0
015645f0	protection	0
01564640	protection	0
01564648	protection	0
01564650	protection	0
01564694	protection	0
01564699	protection	0
0156469e	protection	0
015646a0	protection	0
015647b0	protection	0
015647ba	protection	0
015647c0	protection	0
01564813	protection	0
01564818	protection	0
01564820	protection	0
01564853	protection	0
01564859	protection	0
0156485e	protection	0
01564860	protection	0
01564948	protection	0
0156499d	protection	0
015649a0	protection	0
015649ad	protection	0
015649af	protection	0
015649b0	protection	0
015649e0	protection	0
01564a10	protection	0
01564a90	protection	0
01564bb0	protection	0
01564bd5	protection	0
01564bda	protection	0
01564be0	protection	0
01564c20	protection	0
01564c34	protection	0
01564c39	protection	0
01564c40	protection	0
01564c8d	protection	0
01564df9	protection	0
01564e90	protection	0
01564ef8	protection	0
01564efe	protection	0
01564f00	protection	0
01564fac	protection	0
01564fcf	protection	0
01564fd0	protection	0
01565010	protection	0
0156506a	protection	0
01565078	protection	0
0156507d	protection	0
01565080	protection	0
01565086	protection	0
0156508b	protection	0
01565090	protection	0
01565110	protection	0
01565130	protection	0
01565169	protection	0
01565170	protection	0
01565184	protection	0
01565189	protection	0
01565190	protection	0
015651cb	protection	0
015651d0	protection	0
0156523c	protection	0
01565240	protection	0
0156525e	protection	0
01565260	protection	0
015652c4	protection	0
015652d0	protection	0
01565300	protection	0
0156531d	protection	0
01565320	protection	0
01565354	protection	0
01565360	protection	0
01565418	protection	0
01565420	protection	0
01565464	protection	0
01565470	protection	0
015654b0	protection	0
015654d9	protection	0
015654de	protection	0
015654e0	protection	0
01565550	protection	0
01565580	protection	0
015655de	protection	0
015655e0	protection	0
01565610	protection	0
01565620	protection	0
01565635	protection	0
0156563b	protection	0
01565640	protection	0
01565670	protection	0
0156568b	protection	0
01565690	protection	0
01565705	protection	0
01565710	protection	0
01565730	protection	0
01565749	protection	0
0156574e	protection	0
01565750	protection	0
0156576c	protection	0
0156576f	protection	0
01565770	protection	0
01565860	protection	0
01565892	protection	0
01565897	protection	0
015658a0	protection	0
015658d6	protection	0
015658db	protection	0
015658e0	protection	0
015659de	protection	0
015659e0	protection	0
01565a7c	protection	0
01565a80	protection	0
01565ac2	protection	0
01565ac7	protection	0
01565ad0	protection	0
01565af0	protection	0
01565b90	protection	0
01565ca0	protection	0
01565cef	protection	0
01565d10	protection	0
01565d3a	protection	0
01565d3e	protection	0
01565d40	protection	0
01565d6c	protection	0
01565d6e	protection	0
01565d70	protection	0
01565e20	protection	0
01565ea0	protection	0
01565eb2	protection	0
01565eb7	protection	0
01565ebc	protection	0
01565ec0	protection	0
01565f10	protection	0
015660ba	protection	0
015660c0	protection	0
01566128	protection	0
0156612d	protection	0
01566130	protection	0
015661a0	protection	0
0156623c	protection	0
0156623e	protection	0
01566240	protection	0
01566276	protection	0
01566280	protection	0
015662f0	protection	0
015663ad	protection	0
015663b0	protection	0
0156641f	protection	0
0156645c	protection	0
0156645f	protection	0
01566460	protection	0
01566488	protection	0
0156648d	protection	0
01566490	protection	0
015664ad	protection	0
015664b0	protection	0
0156661d	protection	0
01566620	protection	0
01566680	protection	0
01566797	protection	0
015667a0	protection	0
015667b7	protection	0
015667c0	protection	0
015667e9	protection	0
015667f0	protection	0
01566818	protection	0
01566820	protection	0
01566860	protection	0
0156687f	protection	0
01566880	protection	0
015668a4	protection	0
015668b0	protection	0
01566af2	protection	0
01566b4b	protection	0
01566b51	protection	0
01566d50	protection	0
01566d69	protection	0
01566d6e	protection	0
01566d70	protection	0
01566d9d	protection	0
01566d9f	protection	0
01566da0	protection	0
01566df2	protection	0
01566e00	protection	0
01566e30	protection	0
01566e69	protection	0
01566e70	protection	0
01566e88	protection	0
01566e94	protection	0
01566ef0	protection	0
01566f50	protection	0
0156704f	protection	0
01567078	protection	0
0156707e	protection	0
01567080	protection	0
0156709e	protection	0
015670a0	protection	0
0156711c	protection	0
0156716d	protection	0
01567170	protection	0
015671c6	protection	0
015671d0	protection	0
01567210	protection	0
015672af	protection	0
015672b0	protection	0
015672e0	protection	0
0156732e	protection	0
01567330	protection	0
0156735f	protection	0
01567364	protection	0
0156736a	protection	0
015674ab	protection	0
015674b0	protection	0
015674bd	protection	0
015674c0	protection	0
0156751d	protection	0
01567520	protection	0
0156753d	protection	0
0156753f	protection	0
01567540	protection	0
01567550	protection	0
01567620	protection	0
0156764f	protection	0
01567650	protection	0
015676de	protection	0
015676e0	protection	0
015677e7	protection	0
015677ef	protection	0
015677f0	protection	0
0156781b	protection	0
01567820	protection	0
01567845	protection	0
0156784a	protection	0
01567850	protection	0
01567897	protection	0
0156789c	protection	0
015678a0	protection	0
015678d0	protection	0
01567901	protection	0
01567906	protection	0
0156790b	protection	0
01567910	protection	0
01567929	protection	0
0156792e	protection	0
01567930	protection	0
01567ad0	protection	0
01567b59	protection	0
01567b5e	protection	0
01567b60	protection	0
01567b90	protection	0
01567bed	protection	0
01567bf2	protection	0
01567bf7	protection	0
01567bf9	protection	0
015688cb	protection	0
015688d0	protection	0
015688ee	protection	0
015688f0	protection	0
01568933	protection	0
0156893e	protection	0
01568940	protection	0
0156898d	protection	0
01568990	protection	0
015689b0	protection	0
015689cf	protection	0
015689d0	protection	0
01568bc0	protection	0
01568bc8	protection	0
01568bcd	protection	0
01568bd0	protection	0
01568bf0	protection	0
01568c0e	protection	0
01568c10	protection	0
01568d5e	protection	0
01568d88	protection	0
01568d90	protection	0
01568dfa	protection	0
01568e00	protection	0
015690fb	protection	0
01569100	protection	0
0156914e	protection	0
01569150	protection	0
0156917c	protection	0
0156917e	protection	0
01569180	protection	0
015691cb	protection	0
015691d0	protection	0
01569236	protection	0
015692c0	protection	0
01569420	protection	0
01569460	protection	0
01569710	protection	0
01569770	protection	0
01569780	protection	0
015697c4	protection	0
015697ce	protection	0
015697d0	protection	0
015697e7	protection	0
015697f0	protection	0
01569840	protection	0
015698f6	protection	0
015698fb	protection	0
01569900	protection	0
01569960	protection	0
01569990	protection	0
015699c0	protection	0
01569a21	protection	0
01569a29	protection	0
01569a30	protection	0
01569b8d	protection	0
01569b90	protection	0
01569bf0	protection	0
01569c25	protection	0
01569c30	protection	0
01569c49	protection	0
01569c4e	protection	0
01569c50	protection	0
01569cc7	protection	0
01569ccc	protection	0
01569cce	protection	0
01569cd0	protection	0
01569d1f	protection	0
01569d20	protection	0
01569d40	protection	0
01569f10	protection	0
01569f30	protection	0
01569fc8	protection	0
01569fd0	protection	0
0156a100	protection	0
0156a13e	protection	0
0156a140	protection	0
0156a180	protection	0
0156a213	protection	0
0156a218	protection	0
0156a21e	protection	0
0156a220	protection	0
0156a253	protection	0
0156a258	protection	0
0156a260	protection	0
0156a2a0	protection	0
0156a310	protection	0
0156a340	protection	0
0156a392	protection	0
0156a398	protection	0
0156a39d	protection	0
0156a39f	protection	0
0156a3a0	protection	0
0156a400	protection	0
0156a4a0	protection	0
0156a5fb	protection	0
0156a600	protection	0
0156a610	protection	0
0156a6af	protection	0
0156a6b0	protection	0
0156a6e9	protection	0
0156a6ee	protection	0
0156a6f0	protection	0
0156a7c0	protection	0
0156a8b8	protection	0
0156a8c0	protection	0
0156a94b	protection	0
0156a950	protection	0
0156a988	protection	0
0156a98d	protection	0
0156a990	protection	0
0156a9fc	protection	0
0156aa00	protection	0
0156aa07	protection	0
0156aa0c	protection	0
0156aa10	protection	0
0156aa28	protection	0
0156aa2d	protection	0
0156aa2f	protection	0
0156aa30	protection	0
0156ab01	protection	0
0156ab40	protection	0
0156ab68	protection	0
0156ab70	protection	0
0156abff	protection	0
0156ac60	protection	0
0156ac6d	protection	0
0156ac6f	protection	0
0156ac70	protection	0
0156acba	protection	0
0156acc0	protection	0
0156acdc	protection	0
0156ace0	protection	0
0156ad38	protection	0
0156ad3e	protection	0
0156ad40	protection	0
0156ad83	protection	0
0156ad89	protection	0
0156ad8e	protection	0
0156ad90	protection	0
0156adbd	protection	0
0156adc0	protection	0
0156ae10	protection	0
0156ae28	protection	0
0156ae2f	protection	0
0156ae30	protection	0
0156ae42	protection	0
0156ae45	protection	0
0156ae50	protection	0
0156b14b	protection	0
0156b150	protection	0
0156b171	protection	0
0156b176	protection	0
0156b17c	protection	0
0156b17e	protection	0
0156b180	protection	0
0156b1bc	protection	0
0156b1be	protection	0
0156b1c0	protection	0
0156b210	protection	0
0156b330	protection	0
0156b360	protection	0
0156b393	protection	0
0156b3a0	protection	0
0156b41c	protection	0
0156b420	protection	0
0156b434	protection	0
0156b440	protection	0
0156b6f0	protection	0
0156b770	protection	0
0156b796	protection	0
0156b79b	protection	0
0156b79e	protection	0
0156b7a0	protection	0
0156b7d0	protection	0
0156b88e	protection	0
0156b890	protection	0
0156b8ee	protection	0
0156b8f0	protection	0
0156b91f	protection	0
0156b920	protection	0
0156b9a8	protection	0
0156b9ad	protection	0
0156b9b0	protection	0
0156b9f0	protection	0
0156ba42	protection	0
0156ba54	protection	0
0156ba5e	protection	0
0156ba60	protection	0
0156bb6a	protection	0
0156bb70	protection	0
0156bbaa	protection	0
0156bbb0	protection	0
0156bbec	protection	0
0156bbf1	protection	0
0156bbf6	protection	0
0156bbfb	protection	0
0156bfb0	protection	0
0156bfff	protection	0
0156c000	protection	0
0156c05a	protection	0
0156c060	protection	0
0156c093	protection	0
0156c098	protection	0
0156c09d	protection	0
0156c0a0	protection	0
0156c0fe	protection	0
0156c100	protection	0
0156c146	protection	0
0156c1dd	protection	0
0156c2be	protection	0
0156c2c0	protection	0
0156c470	protection	0
0156c500	protection	0
0156c5b0	protection	0
0156c5eb	protection	0
0156c5f0	protection	0
0156c690	protection	0
0156c6ae	protection	0
0156c6b0	protection	0
0156c6ce	protection	0
0156c6d0	protection	0
0156c731	protection	0
0156c736	protection	0
0156c740	protection	0
0156c776	protection	0
0156c77b	protection	0
0156c780	protection	0
0156c7ab	protection	0
0156c7ac	protection	0
0156c961	protection	0
0156c968	protection	0
0156c970	protection	0
0156c9a4	protection	0
0156c9a9	protection	0
0156c9ae	protection	0
0156c9b0	protection	0
0156c9d3	protection	0
0156c9d8	protection	0
0156c9dd	protection	0
0156c9e0	protection	0
0156ca27	protection	0
0156ca30	protection	0
0156cad8	protection	0
0156cae0	protection	0
0156cb2f	protection	0
0156cb9b	protection	0
0156cba0	protection	0
0156cbc0	protection	0
0156cc60	protection	0
0156cd40	protection	0
0156cd70	protection	0
0156cd7d	protection	0
0156cd80	protection	0
0156ce14	protection	0
0156ce19	protection	0
0156ce20	protection	0
0156ce75	protection	0
0156ce7e	protection	0
0156ce80	protection	0
0156ce8d	protection	0
0156ce8f	protection	0
0156ce90	protection	0
0156cec7	protection	0
0156cecc	protection	0
0156ced0	protection	0
0156cf2a	protection	0
0156cf30	protection	0
0156cf4b	protection	0
0156cf50	protection	0
0156cfd0	protection	0
0156cff0	protection	0
0156cff8	protection	0
0156d000	protection	0
0156d10a	protection	0
0156d10e	protection	0
0156d110	protection	0
0156d146	protection	0
0156d150	protection	0
0156d230	protection	0
0156d279	protection	0
0156d27e	protection	0
0156d280	protection	0
0156d2cb	protection	0
0156d2d0	protection	0
0156d2f1	protection	0
0156d2fb	protection	0
0156d300	protection	0
0156d316	protection	0
0156d320	protection	0
0156d3ae	protection	0
0156d56a	protection	0
0156d5c0	protection	0
0156d5d0	protection	0
0156d60b	protection	0
0156d610	protection	0
0156d707	protection	0
0156d710	protection	0
0156d750	protection	0
0156d7a0	protection	0
0156d7bb	protection	0
0156d7c0	protection	0
0156d84c	protection	0
0156d84e	protection	0
0156d850	protection	0
0156d864	protection	0
0156d870	protection	0
0156d8b0	protection	0
0156d8d0	protection	0
0156d940	protection	0
0156d979	protection	0
0156d97e	protection	0
0156d980	protection	0
0156d9e8	protection	0
0156d9f0	protection	0
0156da5e	protection	0
0156da60	protection	0
0156da86	protection	0
0156da90	protection	0
0156daae	protection	0
0156dab0	protection	0
0156db38	protection	0
0156db3f	protection	0
0156db40	protection	0
0156dbb4	protection	0
0156dbdb	protection	0
0156dbe0	protection	0
0156dc06	protection	0
0156dc10	protection	0
0156dc67	protection	0
0156dc70	protection	0
0156dcee	protection	0
0156dcf0	protection	0
0156dd37	protection	0
0156dd3c	protection	0
0156dd40	protection	0
0156dd53	protection	0
0156dd5d	protection	0
0156dd60	protection	0
0156dd90	protection	0
0156ddac	protection	0
0156ddae	protection	0
0156ddb0	protection	0
0156de10	protection	0
0156de27	protection	0
0156de2c	protection	0
0156de30	protection	0
0156de60	protection	0
0156de7f	protection	0
0156de80	protection	0
0156deac	protection	0
0156deb0	protection	0
0156df0a	protection	0
0156df10	protection	0
0156df60	protection	0
0156dfe1	protection	0
0156dfe8	protection	0
0156dff0	protection	0
0156e045	protection	0
0156e04a	protection	0
0156e050	protection	0
0156e0c0	protection	0
0156e0f1	protection	0
0156e0f6	protection	0
0156e0fb	protection	0
0156e100	protection	0
0156e1d0	protection	0
0156e210	protection	0
0156e2ab	protection	0
0156e2b0	protection	0
0156e2d0	protection	0
0156e2f0	protection	0
0156e324	protection	0
0156e32e	protection	0
0156e330	protection	0
0156e350	protection	0
0156e3b0	protection	0
0156e3dc	protection	0
0156e3de	protection	0
0156e3e0	protection	0
0156e431	protection	0
0156e43b	protection	0
0156e480	protection	0
0156e5ab	protection	0
0156e5ae	protection	0
0156e5b0	protection	0
0156e5e3	protection	0
0156e5f0	protection	0
0156e610	protection	0
0156e61b	protection	0
0156e620	protection	0
0156e76d	protection	0
0156e770	protection	0
0156e7b0	protection	0
0156e7e0	protection	0
0156e80b	protection	0
0156e810	protection	0
0156e8f7	protection	0
0156e8ff	protection	0
0156e900	protection	0
0156e921	protection	0
0156e930	protection	0
0156e987	protection	0
0156e990	protection	0
0156e9c0	protection	0
0156ec1d	protection	0
0156ec20	protection	0
0156ec42	protection	0
0156ec47	protection	0
0156ec4c	protection	0
0156ec50	protection	0
0156ec90	protection	0
0156ecf0	protection	0
0156ed70	protection	0
0156eece	protection	0
0156ef6d	protection	0
0156ef70	protection	0
0156ef8f	protection	0
0156ef90	protection	0
0156eff0	protection	0
0156f000	protection	0
0156f072	protection	0
0156f080	protection	0
0156f0ce	protection	0
0156f0d0	protection	0
0156f101	protection	0
0156f108	protection	0
0156f110	protection	0
0156f174	protection	0
0156f179	protection	0
0156f17e	protection	0
0156f180	protection	0
0156f219	protection	0
0156f21e	protection	0
0156f220	protection	0
0156f24a	protection	0
0156f24f	protection	0
0156f250	protection	0
0156f270	protection	0
0156f2a0	protection	0
0156f2d3	protection	0
0156f2db	protection	0
0156f2e0	protection	0
0156f2fb	protection	0
0156f300	protection	0
0156f340	protection	0
0156f3cb	protection	0
0156f3d0	protection	0
0156f400	protection	0
0156f412	protection	0
0156f420	protection	0
0156f450	protection	0
0156f510	protection	0
0156f59d	protection	0
0156f5a0	protection	0
0156f5e8	protection	0
0156f610	protection	0
0156f635	protection	0
0156f63a	protection	0
0156f63f	protection	0
0156f640	protection	0
0156f710	protection	0
0156f730	protection	0
0156f74c	protection	0
0156f74e	protection	0
0156f750	protection	0
0156fa1c	protection	0
0156fa1f	protection	0
0156fa20	protection	0
0156fa46	protection	0
0156fa4b	protection	0
0156fa50	protection	0
0156fa7c	protection	0
0156fa80	protection	0
0156fadb	protection	0
0156fae0	protection	0
0156fb8a	protection	0
0156fb8f	protection	0
0156fba1	protection	0
0156fba7	protection	0
0156fbac	protection	0
0156fbaf	protection	0
0156fbb0	protection	0
0156fc17	protection	0
0156fc20	protection	0
0156fc98	protection	0
0156fc9d	protection	0
0156fca2	protection	0
0156fe1e	protection	0
0156feaf	protection	0
0156fedd	protection	0
0156fee0	protection	0
0156fef1	protection	0
0156fef6	protection	0
0156fefb	protection	0
0156ff00	protection	0
0156ff63	protection	0
0156ff68	protection	0
0156ff70	protection	0
0156ffb0	protection	0
01570002	protection	0
01570007	protection	0
0157000d	protection	0
01570010	protection	0
01570050	protection	0
0157007f	protection	0
01570080	protection	0
0157009a	protection	0
015700a0	protection	0
015700c7	protection	0
015700cd	protection	0
015700d0	protection	0
015700f0	protection	0
015700fd	protection	0
01570100	protection	0
0157018a	protection	0
01570190	protection	0
015701c1	protection	0
015701c6	protection	0
015701d0	protection	0
01570228	protection	0
0157022e	protection	0
01570230	protection	0
0157036d	protection	0
0157038f	protection	0
015703d0	protection	0
015703da	protection	0
015703e0	protection	0
015704a0	protection	0
